# Material-color atlas conversion for FMUR / Minecraft 1.7.10
# Shared texture: SnipexAlligator.png
# Blender 5.2.0 LTS
# www.blender.org
o Snipex_Gun
v -0.711175 -0.119215 0.006942
v -0.728981 -0.127090 0.006942
v -0.711175 -0.119215 -0.006942
v -0.728981 -0.127090 -0.006942
v -0.729371 -0.100801 0.006942
v -0.737457 -0.118512 0.006942
v -0.729370 -0.100801 -0.006942
v -0.737457 -0.118512 -0.006942
v -0.732818 -0.126853 0.006942
v -0.732818 -0.126853 -0.006942
v -0.737265 -0.122352 0.006942
v -0.737265 -0.122352 -0.006942
v -0.711175 -0.119215 -0.004625
v -0.711175 -0.119215 0.004625
v -0.728981 -0.127090 0.004625
v -0.728981 -0.127090 -0.004625
v -0.729371 -0.100801 0.004625
v -0.729371 -0.100801 -0.004625
v -0.737457 -0.118512 -0.004625
v -0.737457 -0.118512 0.004625
v -0.732817 -0.126853 0.004625
v -0.732817 -0.126853 -0.004625
v -0.737265 -0.122352 -0.004625
v -0.737265 -0.122352 0.004625
v -0.701770 -0.127775 0.013411
v -0.704202 -0.130179 0.013411
v -0.701770 -0.127775 -0.013411
v -0.704202 -0.130179 -0.013411
v -0.702727 -0.135076 -0.013411
v -0.699404 -0.134270 -0.013411
v -0.702727 -0.135076 0.013411
v -0.699404 -0.134270 0.013411
v -0.702972 -0.145812 -0.013411
v -0.701259 -0.146135 -0.013411
v -0.702972 -0.145812 0.013411
v -0.701259 -0.146135 0.013411
v -0.737818 -0.091295 0.013411
v -0.740250 -0.093698 0.013411
v -0.737818 -0.091295 -0.013411
v -0.740250 -0.093698 -0.013411
v -0.745129 -0.092166 -0.013411
v -0.744284 -0.088852 -0.013411
v -0.745129 -0.092166 0.013411
v -0.744284 -0.088852 0.013411
v -0.719794 -0.109535 -0.013411
v -0.722226 -0.111939 -0.013411
v -0.719794 -0.109535 0.013411
v -0.722226 -0.111939 0.013411
v -0.755867 -0.092282 -0.013411
v -0.756170 -0.090566 -0.013411
v -0.755867 -0.092282 0.013411
v -0.756170 -0.090566 0.013411
v -0.744058 -0.121875 0.004421
v -0.736059 -0.104978 0.004421
v -0.744058 -0.121875 -0.004421
v -0.736059 -0.104978 -0.004421
v -0.734121 -0.126579 0.004421
v -0.726123 -0.109681 0.004421
v -0.734121 -0.126579 -0.004421
v -0.726123 -0.109681 -0.004421
v -0.726101 -0.125487 0.004421
v -0.721883 -0.116576 0.004421
v -0.726101 -0.125487 -0.004421
v -0.721883 -0.116576 -0.004421
v -0.852839 -0.073995 0.011851
v -0.842781 -0.052534 0.011851
v -0.852839 -0.073995 -0.011850
v -0.842781 -0.052534 -0.011850
v -0.744663 -0.124688 0.011851
v -0.734605 -0.103227 0.011851
v -0.744663 -0.124688 -0.011850
v -0.734605 -0.103227 -0.011850
v -0.855778 -0.067149 0.011851
v -0.849922 -0.054656 0.011851
v -0.855778 -0.067149 -0.011850
v -0.849922 -0.054656 -0.011850
v -0.749459 -0.122441 -0.011850
v -0.850444 -0.075109 -0.011850
v -0.840385 -0.053648 -0.011850
v -0.739400 -0.100980 -0.011850
v -0.850444 -0.075109 0.011851
v -0.749459 -0.122441 0.011851
v -0.739400 -0.100980 0.011851
v -0.840385 -0.053648 0.011851
v -0.789249 -0.103791 -0.011850
v -0.810654 -0.093758 -0.011850
v -0.800595 -0.072298 -0.011850
v -0.779190 -0.082330 -0.011850
v -0.810654 -0.093758 0.011851
v -0.789249 -0.103791 0.011851
v -0.779190 -0.082330 0.011851
v -0.800595 -0.072298 0.011851
v -0.846975 -0.067708 -0.011850
v -0.847879 -0.066152 0.011851
v -0.847879 -0.066152 -0.011850
v -0.845402 -0.070418 0.011851
v -0.846975 -0.067708 0.011851
v -0.845402 -0.070418 -0.011850
v -0.840803 -0.060606 0.011851
v -0.840803 -0.060606 -0.011850
v -0.845667 -0.061432 0.011851
v -0.845667 -0.061432 -0.011850
v -0.843892 -0.061131 0.011851
v -0.843892 -0.061131 -0.011850
v -0.807933 -0.076012 -0.011850
v -0.807933 -0.076012 0.011851
v -0.812532 -0.085824 -0.011850
v -0.812532 -0.085824 0.011851
v -0.805456 -0.080279 -0.011850
v -0.805456 -0.080279 0.011851
v -0.807668 -0.084999 -0.011850
v -0.807668 -0.084999 0.011851
v -0.785816 -0.096466 -0.011850
v -0.786793 -0.094783 0.011851
v -0.786793 -0.094783 -0.011850
v -0.784581 -0.090063 0.011851
v -0.784581 -0.090063 -0.011850
v -0.782661 -0.089737 -0.011850
v -0.782661 -0.089737 0.011851
v -0.779717 -0.089237 -0.011850
v -0.779717 -0.089237 0.011851
v -0.784316 -0.099049 -0.011850
v -0.784316 -0.099049 0.011851
v -0.751446 -0.114455 0.011851
v -0.751446 -0.114455 -0.011850
v -0.785816 -0.096466 0.011851
v -0.744370 -0.108910 0.011851
v -0.744370 -0.108910 -0.011850
v -0.746847 -0.104643 0.011851
v -0.746847 -0.104643 -0.011850
v -0.746582 -0.113630 0.011851
v -0.746582 -0.113630 -0.011850
v -0.826763 -0.086208 0.008008
v -0.816705 -0.064747 0.008008
v -0.819454 -0.070613 0.008008
v -0.824052 -0.080424 0.008008
v -0.843248 -0.078482 0.008008
v -0.833189 -0.057021 0.008008
v -0.835938 -0.062886 0.008008
v -0.840537 -0.072698 0.008008
v -0.813973 -0.066028 -0.003806
v -0.824032 -0.087488 -0.003806
v -0.816722 -0.071893 -0.003806
v -0.821321 -0.081705 -0.003806
v -0.816705 -0.064747 -0.008008
v -0.826763 -0.086208 -0.008008
v -0.819454 -0.070613 -0.008008
v -0.824052 -0.080424 -0.008008
v -0.845979 -0.077202 0.003806
v -0.835921 -0.055741 0.003806
v -0.838670 -0.061606 0.003806
v -0.843269 -0.071418 0.003806
v -0.845979 -0.077202 -0.003806
v -0.835921 -0.055741 -0.003806
v -0.838670 -0.061606 -0.003806
v -0.843269 -0.071418 -0.003806
v -0.833189 -0.057021 -0.008008
v -0.843248 -0.078482 -0.008008
v -0.835938 -0.062886 -0.008008
v -0.840537 -0.072698 -0.008008
v -0.813973 -0.066028 0.003806
v -0.824032 -0.087488 0.003806
v -0.816722 -0.071893 0.003806
v -0.821321 -0.081705 0.003806
v -0.809769 -0.067998 0.003806
v -0.819827 -0.089459 0.003806
v -0.812518 -0.073864 0.003806
v -0.817116 -0.083675 0.003806
v -0.809769 -0.067998 -0.003806
v -0.819827 -0.089459 -0.003806
v -0.812518 -0.073864 -0.003806
v -0.817116 -0.083675 -0.003806
v -0.805117 -0.070179 0.008008
v -0.815176 -0.091639 0.008008
v -0.812443 -0.085809 0.008008
v -0.812532 -0.085824 0.007947
v -0.807888 -0.076090 0.008008
v -0.807933 -0.076012 0.007947
v -0.805117 -0.070179 -0.008008
v -0.815176 -0.091639 -0.008008
v -0.812443 -0.085809 -0.008008
v -0.812532 -0.085824 -0.007947
v -0.807888 -0.076090 -0.008008
v -0.807933 -0.076012 -0.007947
v -0.800595 -0.072298 0.008008
v -0.810654 -0.093758 0.008008
v -0.805456 -0.080279 0.008008
v -0.807668 -0.084999 0.008008
v -0.787103 -0.104797 -0.008008
v -0.789249 -0.103791 -0.008008
v -0.777044 -0.083336 -0.008008
v -0.779190 -0.082330 -0.008008
v -0.784367 -0.098961 -0.008008
v -0.779818 -0.089254 -0.008008
v -0.786793 -0.094783 -0.008008
v -0.784581 -0.090063 -0.008008
v -0.800595 -0.072298 -0.008008
v -0.810654 -0.093758 -0.008008
v -0.805456 -0.080279 -0.008008
v -0.807668 -0.084999 -0.008008
v -0.787103 -0.104797 0.008008
v -0.789249 -0.103791 0.008008
v -0.777044 -0.083336 0.008008
v -0.779190 -0.082330 0.008008
v -0.784367 -0.098961 0.008008
v -0.779818 -0.089254 0.008008
v -0.786793 -0.094783 0.008008
v -0.784581 -0.090063 0.008008
v -0.782451 -0.106977 -0.003806
v -0.772392 -0.085517 -0.003806
v -0.779740 -0.101194 -0.003806
v -0.775141 -0.091382 -0.003806
v -0.784316 -0.099049 -0.007939
v -0.779717 -0.089237 -0.007939
v -0.782451 -0.106977 0.003806
v -0.772392 -0.085517 0.003806
v -0.779740 -0.101194 0.003806
v -0.775141 -0.091382 0.003806
v -0.784316 -0.099049 0.007939
v -0.779717 -0.089237 0.007939
v -0.775366 -0.110298 0.008008
v -0.765307 -0.088837 0.008008
v -0.772655 -0.104514 0.008008
v -0.768056 -0.094703 0.008008
v -0.778097 -0.109018 0.003806
v -0.768039 -0.087557 0.003806
v -0.775386 -0.103234 0.003806
v -0.770788 -0.093422 0.003806
v -0.778097 -0.109018 -0.003806
v -0.768039 -0.087557 -0.003806
v -0.775386 -0.103234 -0.003806
v -0.770788 -0.093422 -0.003806
v -0.775366 -0.110298 -0.008008
v -0.765307 -0.088837 -0.008008
v -0.772655 -0.104514 -0.008008
v -0.768056 -0.094703 -0.008008
v -0.758881 -0.118024 0.008008
v -0.748823 -0.096564 0.008008
v -0.756170 -0.112241 0.008008
v -0.751572 -0.102429 0.008008
v -0.758881 -0.118024 -0.008008
v -0.748823 -0.096564 -0.008008
v -0.756170 -0.112241 -0.008008
v -0.751572 -0.102429 -0.008008
v -0.756150 -0.119305 0.003806
v -0.746091 -0.097844 0.003806
v -0.753439 -0.113521 0.003806
v -0.748840 -0.103709 0.003806
v -0.756150 -0.119305 -0.003806
v -0.746091 -0.097844 -0.003806
v -0.753439 -0.113521 -0.003806
v -0.748840 -0.103709 -0.003806
v -0.843383 -0.055070 0.004251
v -0.851790 -0.071768 0.004251
v -0.843383 -0.055070 -0.004250
v -0.851790 -0.071768 -0.004250
v -0.860971 -0.045927 0.004251
v -0.869378 -0.062626 0.004251
v -0.860971 -0.045927 -0.004250
v -0.869378 -0.062626 -0.004250
v -0.869016 -0.046824 0.004251
v -0.873449 -0.055629 0.004251
v -0.869016 -0.046824 -0.004250
v -0.873449 -0.055629 -0.004250
v -0.787713 -0.068050 -0.019247
v -0.766262 -0.015401 -0.019247
v -0.775109 -0.073185 -0.013610
v -0.753658 -0.020536 -0.013610
v -0.769888 -0.075312 0.000000
v -0.748437 -0.022663 0.000000
v -0.775109 -0.073185 0.013610
v -0.753658 -0.020536 0.013610
v -0.787713 -0.068050 0.019247
v -0.766262 -0.015401 0.019247
v -0.800316 -0.062915 0.013610
v -0.778866 -0.010266 0.013610
v -0.805537 -0.060788 0.000000
v -0.784086 -0.008139 0.000000
v -0.800316 -0.062915 -0.013610
v -0.778866 -0.010266 -0.013610
v -0.787713 -0.068050 -0.008005
v -0.787713 -0.068050 0.008005
v -0.792954 -0.065914 0.005660
v -0.766262 -0.015401 -0.011425
v -0.758780 -0.018449 -0.008079
v -0.755681 -0.019712 0.000000
v -0.758780 -0.018449 0.008079
v -0.766262 -0.015401 0.011426
v -0.773744 -0.012353 0.008079
v -0.776843 -0.011090 0.000000
v -0.773744 -0.012353 -0.008079
v -0.766532 -0.016064 -0.011425
v -0.759050 -0.019113 -0.008079
v -0.755951 -0.020375 0.000000
v -0.759050 -0.019113 0.008079
v -0.766532 -0.016064 0.011426
v -0.774014 -0.013016 0.008079
v -0.777113 -0.011753 0.000000
v -0.774014 -0.013016 -0.008079
v -0.766532 -0.016064 -0.009909
v -0.760043 -0.018708 -0.007007
v -0.757355 -0.019803 0.000000
v -0.780300 -0.071070 0.000000
v -0.795126 -0.065030 0.000000
v -0.760043 -0.018708 0.007007
v -0.766532 -0.016064 0.009909
v -0.757786 0.006935 -0.016469
v -0.757786 0.006935 0.016469
v -0.756302 0.005952 -0.016469
v -0.756302 0.005952 0.016469
v -0.756411 0.004175 -0.016469
v -0.756411 0.004175 0.016469
v -0.758004 0.003381 -0.016469
v -0.758004 0.003381 0.016469
v -0.759489 0.004364 -0.016469
v -0.759489 0.004364 0.016469
v -0.759380 0.006141 -0.016469
v -0.759380 0.006141 0.016469
v -0.757701 0.008322 -0.016165
v -0.757701 0.008322 0.016165
v -0.755058 0.006571 -0.016165
v -0.755058 0.006571 0.016165
v -0.755253 0.003408 -0.016165
v -0.755253 0.003408 0.016165
v -0.758089 0.001994 -0.016165
v -0.758089 0.001994 0.016165
v -0.760732 0.003744 -0.016165
v -0.760732 0.003744 0.016165
v -0.760538 0.006908 -0.016165
v -0.760538 0.006908 0.016165
v -0.884375 -0.032126 0.016403
v -0.884375 0.000373 0.016403
v -0.854924 -0.032126 0.016403
v -0.854924 0.000373 0.016403
v -0.884375 0.039490 0.016403
v -0.857543 -0.063230 0.004405
v -0.868132 0.039490 0.016403
v -0.852638 -0.058657 0.004405
v -0.884375 0.071495 0.016403
v -0.852638 -0.041524 0.004367
v -0.868132 0.066769 0.016403
v -0.872858 0.071495 0.016403
v -0.868132 0.066769 0.011947
v -0.884375 0.071495 0.009990
v -0.884375 -0.041524 0.008735
v -0.868132 0.039490 0.011947
v -0.852638 -0.041524 0.008735
v -0.854924 0.000373 0.011947
v -0.884375 -0.058657 0.008735
v -0.884375 0.039490 0.009990
v -0.852638 -0.058657 0.008735
v -0.854924 -0.032126 0.011947
v -0.884375 0.000373 0.009990
v -0.872303 -0.063230 0.004405
v -0.877725 -0.032126 0.016403
v -0.877725 0.000373 0.016403
v -0.877208 -0.058657 0.004405
v -0.880707 0.039490 0.016403
v -0.884375 -0.032126 0.009990
v -0.877208 -0.041524 0.008735
v -0.884375 -0.058657 0.004405
v -0.877208 -0.058657 0.008735
v -0.857543 -0.063230 0.008735
v -0.884375 -0.041524 0.004405
v -0.872858 0.071495 0.011947
v -0.872303 -0.063230 0.008735
v -0.872058 -0.045423 0.004384
v -0.870571 -0.041524 0.004367
v -0.875150 0.066769 0.011947
v -0.875150 0.039490 0.011947
v -0.872857 0.000373 0.011947
v -0.872857 -0.032126 0.011947
v -0.855090 -0.060943 0.004405
v -0.874756 -0.060943 0.008735
v -0.855090 -0.060943 0.008735
v -0.874756 -0.060943 0.004405
v -0.872439 -0.060943 0.004405
v -0.884375 -0.045423 0.004405
v -0.884375 -0.048877 0.008735
v -0.852638 -0.048877 0.008735
v -0.877208 -0.048877 0.008735
v -0.852638 -0.045423 0.004384
v -0.884375 -0.032126 -0.016403
v -0.884375 0.000373 -0.016403
v -0.854924 -0.032126 -0.016403
v -0.854924 0.000373 -0.016403
v -0.884375 0.039490 -0.016403
v -0.857543 -0.063230 -0.004405
v -0.868132 0.039490 -0.016403
v -0.852638 -0.058657 -0.004405
v -0.884375 0.071495 -0.016403
v -0.852638 -0.041524 -0.004367
v -0.868132 0.066769 -0.016403
v -0.872858 0.071495 -0.016403
v -0.868132 0.066769 -0.011947
v -0.884375 0.071495 -0.009990
v -0.884375 -0.041524 -0.008734
v -0.868132 0.039490 -0.011947
v -0.852638 -0.041524 -0.008734
v -0.854924 0.000373 -0.011947
v -0.884375 -0.058657 -0.008734
v -0.884375 0.039490 -0.009990
v -0.852638 -0.058657 -0.008734
v -0.854924 -0.032126 -0.011947
v -0.884375 0.000373 -0.009990
v -0.872303 -0.063230 -0.004405
v -0.877725 -0.032126 -0.016403
v -0.877725 0.000373 -0.016403
v -0.877208 -0.058657 -0.004405
v -0.880707 0.039490 -0.016403
v -0.884375 -0.032126 -0.009990
v -0.877208 -0.041524 -0.008734
v -0.884375 -0.058657 -0.004405
v -0.877208 -0.058657 -0.008734
v -0.857543 -0.063230 -0.008734
v -0.884375 -0.041524 -0.004405
v -0.872858 0.071495 -0.011947
v -0.872303 -0.063230 -0.008734
v -0.884375 -0.032126 0.000000
v -0.884375 0.000373 0.000000
v -0.884375 0.039490 0.000000
v -0.884375 0.071495 0.000000
v -0.884375 -0.041524 0.000000
v -0.852638 -0.041524 0.000000
v -0.884375 -0.058657 0.000000
v -0.872058 -0.045423 0.000000
v -0.877208 -0.058657 0.000000
v -0.872058 -0.045423 -0.004383
v -0.872439 -0.060943 0.000000
v -0.870571 -0.041524 -0.004367
v -0.875150 0.066769 -0.011947
v -0.875150 0.039490 -0.011947
v -0.872857 0.000373 -0.011947
v -0.872857 -0.032126 -0.011947
v -0.875150 0.066769 0.000000
v -0.875150 0.039490 0.000000
v -0.872857 0.000373 0.000000
v -0.872857 -0.032126 0.000000
v -0.870571 -0.041524 0.000000
v -0.855090 -0.060943 -0.004405
v -0.874756 -0.060943 -0.008734
v -0.855090 -0.060943 -0.008734
v -0.874756 -0.060943 -0.004405
v -0.874756 -0.060943 0.000000
v -0.872439 -0.060943 -0.004405
v -0.884375 -0.045423 -0.004405
v -0.884375 -0.048877 -0.008734
v -0.852638 -0.048877 -0.008734
v -0.877208 -0.048877 -0.008734
v -0.852638 -0.045423 -0.004383
v -0.852638 -0.045423 0.000000
v -0.884375 -0.045423 0.000000
v -0.713722 0.024175 0.013133
v -0.713722 0.076209 0.010374
v -0.300000 0.076209 0.010374
v -0.713722 0.050597 0.020318
v -0.300000 0.029467 0.020318
v -0.713722 0.029467 0.020318
v -0.784743 0.050702 0.015553
v -0.777782 0.050702 0.025627
v -0.784743 0.075813 0.015878
v -0.777782 0.024051 0.025627
v -0.784743 0.024051 0.015553
v -0.784637 0.017377 0.015593
v -0.713722 0.020481 0.014999
v -0.716937 0.017377 0.016521
v -0.716937 0.050702 0.025627
v -0.713722 0.050653 0.023170
v -0.716937 0.024051 0.025627
v -0.713722 0.026531 0.023195
v -0.713722 0.076338 0.010426
v -0.713722 0.076338 0.013184
v -0.716937 0.076338 0.015674
v -0.784743 0.076338 0.015674
v -0.713722 0.024175 -0.013133
v -0.713722 0.076209 -0.010374
v -0.300000 0.076209 -0.010374
v -0.713722 0.050597 -0.020317
v -0.300000 0.050597 -0.020318
v -0.300000 0.029467 -0.020318
v -0.713722 0.029467 -0.020317
v -0.300000 0.076209 0.000000
v -0.713722 0.076209 0.000000
v -0.713722 0.024175 0.000000
v -0.784743 0.050702 -0.015553
v -0.777782 0.050702 -0.025627
v -0.784743 0.075813 -0.015878
v -0.784743 0.024051 0.000000
v -0.784742 0.056935 0.000000
v -0.784743 0.050702 0.000000
v -0.777782 0.024051 -0.025627
v -0.784743 0.024051 -0.015553
v -0.784637 0.017377 -0.015593
v -0.784637 0.017377 0.000000
v -0.713722 0.020481 -0.014999
v -0.716937 0.017377 -0.016521
v -0.716937 0.050702 -0.025627
v -0.713722 0.050653 -0.023170
v -0.716937 0.024051 -0.025627
v -0.713722 0.026531 -0.023195
v -0.713722 0.020485 0.000000
v -0.716937 0.017377 0.000000
v -0.713722 0.076338 -0.010426
v -0.713722 0.076338 -0.013184
v -0.716937 0.076338 -0.015674
v -0.713722 0.076338 0.000000
v -0.784743 0.076338 -0.015674
v -0.784743 0.076338 0.000000
v -0.719732 0.028986 0.012130
v -0.720331 0.072680 0.008667
v -0.304726 0.070930 0.007819
v -0.719672 0.049442 0.016478
v -0.720269 0.031594 0.017445
v -0.777173 0.050718 0.014068
v -0.774226 0.049472 0.020287
v -0.779217 0.073544 0.011955
v -0.774564 0.027272 0.020676
v -0.777174 0.024104 0.014066
v -0.779362 0.022688 0.013868
v -0.720819 0.023653 0.014456
v -0.719910 0.024337 0.015033
v -0.719709 0.049088 0.020070
v -0.720726 0.049780 0.020568
v -0.719931 0.027765 0.020803
v -0.720770 0.028043 0.020859
v -0.719241 0.070819 0.010426
v -0.719211 0.071028 0.011928
v -0.719006 0.070244 0.012226
v -0.780016 0.071059 0.013120
v -0.719732 0.028986 -0.012130
v -0.720331 0.072680 -0.008666
v -0.304726 0.070930 -0.007819
v -0.719672 0.049442 -0.016478
v -0.305144 0.049255 -0.015855
v -0.720269 0.031594 -0.017445
v -0.305519 0.070691 0.000000
v -0.719241 0.070691 0.000000
v -0.719241 0.029694 0.000000
v -0.777173 0.050718 -0.014068
v -0.774226 0.049472 -0.020286
v -0.779217 0.073544 -0.011955
v -0.776938 0.024113 0.000000
v -0.776937 0.056935 0.000000
v -0.776937 0.050702 0.000000
v -0.774564 0.027272 -0.020676
v -0.777174 0.024104 -0.014066
v -0.779362 0.022688 -0.013868
v -0.779162 0.022939 0.000000
v -0.720819 0.023653 -0.014456
v -0.719910 0.024337 -0.015033
v -0.719709 0.049088 -0.020070
v -0.720726 0.049780 -0.020568
v -0.719931 0.027765 -0.020803
v -0.720770 0.028043 -0.020859
v -0.720906 0.023534 0.000000
v -0.719861 0.024614 0.000000
v -0.719241 0.070819 -0.010426
v -0.719211 0.071028 -0.011928
v -0.719006 0.070244 -0.012226
v -0.719241 0.070819 0.000000
v -0.780016 0.071059 -0.013119
v -0.779224 0.070819 0.000000
v -0.455591 0.068359 0.013422
v -0.455591 0.066508 0.009827
v -0.455591 0.050401 0.020318
v -0.455591 0.048228 0.016099
v -0.455591 0.050597 0.020318
v -0.455591 0.049323 0.016081
v -0.450138 0.045047 0.020318
v -0.450138 0.042916 0.016181
v -0.347425 0.045047 0.020318
v -0.347425 0.042837 0.016027
v -0.347425 0.072821 0.011690
v -0.347425 0.070908 0.007974
v -0.450138 0.072821 0.011690
v -0.450138 0.071063 0.008277
v -0.342466 0.050433 0.020318
v -0.342466 0.048172 0.015930
v -0.300000 0.068333 0.013432
v -0.304815 0.066322 0.009528
v -0.342466 0.068333 0.013432
v -0.342466 0.066349 0.009581
v -0.300000 0.050433 0.020318
v -0.305119 0.048144 0.015874
v -0.475362 0.026260 0.015963
v -0.475362 0.031817 0.015963
v -0.475362 0.026260 -0.015963
v -0.475362 0.024176 -0.013133
v -0.475362 0.024176 0.000000
v -0.475362 0.031817 -0.015963
v -0.475362 0.029515 -0.012020
v -0.475362 0.029694 0.000000
v -0.475362 0.024176 0.013133
v -0.475362 0.029515 0.012020
v -0.300000 0.026260 -0.015963
v -0.300000 0.029467 -0.015963
v -0.304774 0.032453 -0.015963
v -0.304792 0.032531 -0.015963
v -0.300000 0.026260 0.015963
v -0.300000 0.029467 0.015963
v -0.304774 0.032453 0.015963
v -0.304792 0.032531 0.015963
v -0.485623 0.055821 0.013766
v -0.485623 0.049336 0.016126
v -0.485623 0.056782 0.017917
v -0.712768 0.067726 0.013668
v -0.712768 0.067004 0.010549
v -0.487699 0.058950 0.012631
v -0.487699 0.059893 0.016709
v -0.712768 0.059893 0.016709
v -0.712768 0.059084 0.013212
v -0.485623 0.036187 0.020318
v -0.485623 0.038521 0.016429
v -0.485623 0.050597 0.020318
v -0.485623 0.067726 0.013668
v -0.485623 0.066836 0.009821
v -0.480090 0.067726 0.013668
v -0.480090 0.066832 0.009803
v -0.476998 0.058946 0.012615
v -0.476998 0.059893 0.016709
v -0.476998 0.036187 0.020318
v -0.476998 0.038539 0.016398
v -0.476998 0.050597 0.020318
v -0.476998 0.063892 0.010815
v -0.476998 0.064813 0.014798
v -0.476998 0.055818 0.013753
v -0.476998 0.056782 0.017917
v -0.476998 0.049332 0.016113
v -0.259863 0.100463 -0.011037
v -0.259863 0.100463 0.011037
v -0.266219 0.100463 0.011037
v -0.266219 0.100463 -0.011037
v -0.266219 0.103964 -0.007602
v -0.259863 0.103965 -0.007602
v -0.259863 0.103965 0.007601
v -0.266219 0.103964 0.007601
v -0.272574 0.100463 -0.011037
v -0.272574 0.100463 0.011037
v -0.278930 0.100463 0.011037
v -0.278930 0.100463 -0.011037
v -0.278930 0.103965 -0.007602
v -0.272574 0.103965 -0.007602
v -0.272574 0.103965 0.007601
v -0.278930 0.103965 0.007601
v -0.285286 0.100463 -0.011037
v -0.285286 0.100463 0.011037
v -0.291641 0.100463 0.011037
v -0.291641 0.100463 -0.011037
v -0.291641 0.103964 -0.007602
v -0.285286 0.103965 -0.007602
v -0.285286 0.103965 0.007601
v -0.291641 0.103964 0.007601
v -0.297997 0.100463 -0.011037
v -0.297997 0.100463 0.011037
v -0.304353 0.100463 0.011037
v -0.304353 0.100463 -0.011037
v -0.304353 0.103965 -0.007602
v -0.297997 0.103965 -0.007602
v -0.297997 0.103965 0.007601
v -0.304353 0.103965 0.007601
v -0.310708 0.100463 -0.011037
v -0.310708 0.100463 0.011037
v -0.317064 0.100463 0.011037
v -0.317064 0.100463 -0.011037
v -0.317064 0.103965 -0.007602
v -0.310708 0.103965 -0.007602
v -0.310708 0.103965 0.007601
v -0.317064 0.103965 0.007601
v -0.323420 0.100463 -0.011037
v -0.323420 0.100463 0.011037
v -0.329775 0.100463 0.011037
v -0.329775 0.100463 -0.011037
v -0.329775 0.103965 -0.007602
v -0.323420 0.103965 -0.007602
v -0.323420 0.103965 0.007601
v -0.329775 0.103965 0.007601
v -0.336131 0.100463 -0.011037
v -0.336131 0.100463 0.011037
v -0.342487 0.100463 0.011037
v -0.342487 0.100463 -0.011037
v -0.342486 0.103965 -0.007602
v -0.336131 0.103965 -0.007602
v -0.336131 0.103965 0.007601
v -0.342486 0.103965 0.007601
v -0.348842 0.100463 -0.011037
v -0.348842 0.100463 0.011037
v -0.355198 0.100463 0.011037
v -0.355198 0.100463 -0.011037
v -0.355198 0.103964 -0.007602
v -0.348842 0.103965 -0.007602
v -0.348842 0.103965 0.007601
v -0.355198 0.103964 0.007601
v -0.361553 0.100463 -0.011037
v -0.361553 0.100463 0.011037
v -0.367909 0.100463 0.011037
v -0.367909 0.100463 -0.011037
v -0.367909 0.103965 -0.007602
v -0.361553 0.103965 -0.007602
v -0.361553 0.103965 0.007601
v -0.367909 0.103965 0.007601
v -0.374265 0.100463 -0.011037
v -0.374265 0.100463 0.011037
v -0.380620 0.100463 0.011037
v -0.380620 0.100463 -0.011037
v -0.380620 0.103965 -0.007602
v -0.374265 0.103965 -0.007602
v -0.374265 0.103965 0.007601
v -0.380620 0.103965 0.007601
v -0.386976 0.100463 -0.011037
v -0.386976 0.100463 0.011037
v -0.393332 0.100463 0.011037
v -0.393332 0.100463 -0.011037
v -0.393332 0.103965 -0.007602
v -0.386976 0.103965 -0.007602
v -0.386976 0.103965 0.007601
v -0.393332 0.103965 0.007601
v -0.399687 0.100463 -0.011037
v -0.399687 0.100463 0.011037
v -0.406043 0.100463 0.011037
v -0.406043 0.100463 -0.011037
v -0.406043 0.103965 -0.007602
v -0.399687 0.103965 -0.007602
v -0.399687 0.103965 0.007601
v -0.406043 0.103965 0.007601
v -0.412399 0.100463 -0.011037
v -0.412399 0.100463 0.011037
v -0.418754 0.100463 0.011037
v -0.418754 0.100463 -0.011037
v -0.418754 0.103964 -0.007602
v -0.412399 0.103965 -0.007602
v -0.412399 0.103965 0.007601
v -0.418754 0.103964 0.007601
v -0.425110 0.100463 -0.011037
v -0.425110 0.100463 0.011037
v -0.431466 0.100463 0.011037
v -0.431466 0.100463 -0.011037
v -0.431466 0.103965 -0.007602
v -0.425110 0.103965 -0.007602
v -0.425110 0.103965 0.007601
v -0.431466 0.103965 0.007602
v -0.437821 0.100463 -0.011037
v -0.437821 0.100463 0.011037
v -0.444177 0.100463 0.011037
v -0.444177 0.100463 -0.011037
v -0.444177 0.103964 -0.007602
v -0.437821 0.103965 -0.007602
v -0.437821 0.103965 0.007602
v -0.444177 0.103964 0.007602
v -0.450532 0.100463 -0.011037
v -0.450532 0.100463 0.011037
v -0.456888 0.100463 0.011037
v -0.456888 0.100463 -0.011037
v -0.456888 0.103964 -0.007602
v -0.450533 0.103965 -0.007602
v -0.450533 0.103965 0.007602
v -0.456888 0.103964 0.007602
v -0.463244 0.100463 -0.011037
v -0.463244 0.100463 0.011037
v -0.469599 0.100463 0.011037
v -0.469599 0.100463 -0.011037
v -0.469599 0.103964 -0.007602
v -0.463244 0.103965 -0.007602
v -0.463244 0.103965 0.007602
v -0.469599 0.103964 0.007602
v -0.475955 0.100463 -0.011037
v -0.475955 0.100463 0.011037
v -0.482311 0.100463 0.011037
v -0.482311 0.100463 -0.011037
v -0.482311 0.103964 -0.007602
v -0.475955 0.103965 -0.007602
v -0.475955 0.103965 0.007602
v -0.482311 0.103964 0.007602
v -0.488666 0.100463 -0.011037
v -0.488666 0.100463 0.011037
v -0.495022 0.100463 0.011037
v -0.495022 0.100463 -0.011037
v -0.495022 0.103964 -0.007602
v -0.488666 0.103964 -0.007602
v -0.488666 0.103964 0.007602
v -0.495022 0.103964 0.007602
v -0.501378 0.100463 -0.011037
v -0.501378 0.100463 0.011037
v -0.507733 0.100463 0.011037
v -0.507733 0.100463 -0.011037
v -0.507733 0.103964 -0.007602
v -0.501378 0.103965 -0.007602
v -0.501378 0.103965 0.007602
v -0.507733 0.103964 0.007602
v -0.514089 0.100463 -0.011037
v -0.514089 0.100463 0.011037
v -0.520445 0.100463 0.011037
v -0.520445 0.100463 -0.011037
v -0.520445 0.103964 -0.007602
v -0.514089 0.103965 -0.007602
v -0.514089 0.103965 0.007602
v -0.520445 0.103964 0.007602
v -0.526800 0.100463 -0.011037
v -0.526800 0.100463 0.011037
v -0.533156 0.100463 0.011037
v -0.533156 0.100463 -0.011037
v -0.533156 0.103965 -0.007602
v -0.526800 0.103965 -0.007602
v -0.526800 0.103965 0.007602
v -0.533156 0.103965 0.007602
v -0.539512 0.100463 -0.011037
v -0.539512 0.100463 0.011037
v -0.545867 0.100463 0.011037
v -0.545867 0.100463 -0.011037
v -0.545867 0.103964 -0.007602
v -0.539512 0.103965 -0.007602
v -0.539512 0.103965 0.007602
v -0.545867 0.103964 0.007602
v -0.552223 0.100463 -0.011037
v -0.552223 0.100463 0.011037
v -0.558579 0.100463 0.011037
v -0.558579 0.100463 -0.011037
v -0.558578 0.103964 -0.007602
v -0.552223 0.103965 -0.007602
v -0.552223 0.103965 0.007602
v -0.558578 0.103964 0.007602
v -0.564934 0.100463 -0.011037
v -0.564934 0.100463 0.011037
v -0.571290 0.100463 0.011037
v -0.571290 0.100463 -0.011037
v -0.571290 0.103964 -0.007602
v -0.564934 0.103965 -0.007602
v -0.564934 0.103965 0.007602
v -0.571290 0.103964 0.007602
v -0.577646 0.100463 -0.011037
v -0.577646 0.100463 0.011037
v -0.590550 0.103964 -0.007602
v -0.577646 0.103965 -0.007602
v -0.577646 0.103965 0.007602
v -0.590550 0.103964 0.007602
v -0.231347 0.100463 -0.011037
v -0.231347 0.100463 0.011037
v -0.253507 0.100463 0.011037
v -0.253507 0.100463 -0.011037
v -0.253507 0.103965 -0.007602
v -0.238084 0.103965 -0.007602
v -0.238084 0.103965 0.007601
v -0.253507 0.103965 0.007601
v -0.224674 0.097049 0.007609
v -0.224674 0.097049 -0.007609
v -0.596195 0.100463 -0.011037
v -0.596195 0.100463 0.011037
v -0.601624 0.097048 0.007609
v -0.601624 0.097048 -0.007609
v -0.224674 0.074736 0.007609
v -0.224674 0.074736 -0.007609
v -0.636222 0.074736 0.007609
v -0.636222 0.074736 -0.007609
v -0.215530 0.092436 0.007609
v -0.215530 0.092436 -0.007609
v -0.215530 0.074736 0.007609
v -0.215530 0.074736 -0.007609
v -0.476119 0.095906 0.007609
v -0.476119 0.095906 -0.007609
v -0.473071 0.092546 0.007609
v -0.473071 0.092546 -0.007609
v -0.473071 0.083692 0.007609
v -0.473071 0.083692 -0.007609
v -0.474595 0.082012 0.007609
v -0.474595 0.082012 -0.007609
v -0.476119 0.080331 0.007609
v -0.476119 0.080331 -0.007609
v -0.568962 0.080331 0.007609
v -0.568962 0.080331 -0.007609
v -0.568962 0.095906 0.007609
v -0.568962 0.095906 -0.007609
v -0.579377 0.080331 0.007609
v -0.579377 0.080331 -0.007609
v -0.582652 0.086625 0.007609
v -0.582652 0.086625 -0.007609
v -0.581872 0.082927 0.007609
v -0.581872 0.082927 -0.007609
v -0.454246 0.093079 0.007609
v -0.454246 0.093079 -0.007609
v -0.454246 0.083158 0.007609
v -0.454246 0.083158 -0.007609
v -0.451048 0.095906 0.007609
v -0.451048 0.095906 -0.007609
v -0.361551 0.080331 0.007609
v -0.361551 0.080331 -0.007609
v -0.451048 0.080331 0.007609
v -0.451048 0.080331 -0.007609
v -0.361551 0.095906 0.007609
v -0.361551 0.095906 -0.007609
v -0.358354 0.093079 0.007609
v -0.358354 0.093079 -0.007609
v -0.358354 0.083158 0.007609
v -0.358354 0.083158 -0.007609
v -0.333305 0.095906 0.007609
v -0.333305 0.095906 -0.007609
v -0.336840 0.093485 0.007609
v -0.336840 0.093485 -0.007609
v -0.336840 0.082752 0.007609
v -0.336840 0.082752 -0.007609
v -0.246248 0.080331 0.007609
v -0.246248 0.080331 -0.007609
v -0.333305 0.080331 0.007609
v -0.333305 0.080331 -0.007609
v -0.246248 0.092321 0.007609
v -0.246248 0.092321 -0.007609
v -0.240949 0.083808 0.007609
v -0.240949 0.083808 -0.007609
v -0.240949 0.088845 0.007609
v -0.240949 0.088845 -0.007609
v -0.056372 0.051278 -0.028227
v -0.187290 0.051278 -0.028227
v -0.056372 0.071238 -0.019960
v -0.187290 0.071238 -0.019960
v -0.056372 0.079506 -0.000000
v -0.187290 0.079506 -0.000000
v -0.056372 0.071238 0.019960
v -0.187290 0.071238 0.019960
v -0.056372 0.051278 0.028227
v -0.187290 0.051278 0.028227
v -0.056372 0.031319 0.019960
v -0.187290 0.031319 0.019960
v -0.056372 0.023051 -0.000000
v -0.187290 0.023051 0.000000
v -0.056372 0.031319 -0.019960
v -0.187290 0.031319 -0.019960
v -0.056372 0.051278 -0.017747
v -0.056372 0.063827 -0.012549
v -0.056372 0.069025 -0.000000
v -0.056372 0.063827 0.012549
v -0.056372 0.051278 0.017747
v -0.056372 0.038729 0.012549
v -0.056372 0.033532 -0.000000
v -0.056372 0.038729 -0.012549
v 0.188021 0.051278 -0.017747
v 0.188021 0.063827 -0.012549
v 0.188021 0.069025 -0.000000
v 0.188021 0.063827 0.012549
v 0.188021 0.051278 0.017747
v 0.188021 0.038729 0.012549
v 0.188021 0.033531 -0.000000
v 0.188021 0.038729 -0.012549
v 0.188021 0.051278 -0.019032
v 0.188021 0.064736 -0.013457
v 0.188021 0.070310 -0.000000
v 0.188021 0.064736 0.013457
v 0.188021 0.051278 0.019031
v 0.188021 0.037821 0.013457
v 0.188021 0.032247 -0.000000
v 0.188021 0.037821 -0.013457
v 0.194868 0.051278 -0.024677
v 0.194868 0.068727 -0.017449
v 0.194868 0.075955 -0.000000
v 0.194868 0.068727 0.017449
v 0.194868 0.051278 0.024677
v 0.194868 0.033829 0.017449
v 0.194868 0.026602 -0.000000
v 0.194868 0.033829 -0.017449
v 0.257546 0.051278 -0.024677
v 0.257546 0.068727 -0.017449
v 0.257546 0.075955 -0.000000
v 0.257546 0.068727 0.017449
v 0.257546 0.051278 0.024677
v 0.257546 0.033829 0.017449
v 0.257546 0.026602 -0.000000
v 0.257546 0.033829 -0.017449
v 0.264393 0.051278 -0.021119
v 0.264393 0.066212 -0.014934
v 0.264393 0.072397 -0.000000
v 0.264393 0.066212 0.014933
v 0.264393 0.051278 0.021119
v 0.264393 0.036345 0.014933
v 0.264393 0.030159 -0.000000
v 0.264393 0.036345 -0.014934
v 0.264393 0.051278 -0.019074
v 0.264393 0.064765 -0.013487
v 0.264393 0.070352 -0.000000
v 0.264393 0.064765 0.013487
v 0.264393 0.051278 0.019074
v 0.264393 0.037791 0.013487
v 0.264393 0.032204 -0.000000
v 0.264393 0.037791 -0.013487
v 0.406605 0.051278 -0.019074
v 0.406605 0.064765 -0.013487
v 0.406605 0.070352 -0.000000
v 0.406605 0.064765 0.013487
v 0.406605 0.051278 0.019074
v 0.406605 0.037791 0.013487
v 0.406605 0.032204 -0.000000
v 0.406605 0.037791 -0.013487
v 0.406605 0.051278 -0.016489
v 0.406605 0.062938 -0.011660
v 0.406605 0.067767 -0.000000
v 0.406605 0.062938 0.011659
v 0.406605 0.051278 0.016489
v 0.406605 0.039619 0.011659
v 0.406604 0.034789 -0.000000
v 0.406605 0.039619 -0.011660
v 0.916233 0.051278 -0.016489
v 0.916233 0.062937 -0.011660
v 0.916233 0.067767 -0.000000
v 0.916233 0.062937 0.011659
v 0.916233 0.051278 0.016489
v 0.916233 0.039618 0.011659
v 0.916233 0.034789 -0.000000
v 0.916233 0.039618 -0.011660
v -0.187290 0.051278 -0.030671
v -0.187290 0.072966 -0.021688
v -0.187290 0.081949 -0.000000
v -0.187290 0.072966 0.021688
v -0.187290 0.051278 0.030671
v -0.187290 0.029591 0.021688
v -0.187290 0.020607 0.000000
v -0.187290 0.029591 -0.021688
v -0.311286 0.051278 -0.030671
v -0.311286 0.072966 -0.021688
v -0.311286 0.072966 0.021688
v -0.311286 0.051278 0.030671
v -0.311286 0.029591 0.021688
v -0.311286 0.029591 -0.021688
v -0.315676 0.051278 -0.029007
v -0.315675 0.071790 -0.020511
v -0.315676 0.051278 0.029007
v -0.315676 0.030767 0.020511
v -0.315675 0.030767 -0.020511
v 0.916233 0.051278 -0.009544
v 0.916233 0.058027 -0.006749
v 0.916233 0.060822 -0.000000
v 0.916233 0.058027 0.006749
v 0.916233 0.051278 0.009544
v 0.916233 0.044529 0.006749
v 0.916233 0.041734 -0.000000
v 0.916233 0.044529 -0.006749
v -0.119456 0.051274 -0.009544
v -0.119456 0.058022 -0.006749
v -0.119456 0.060818 -0.000000
v -0.119456 0.058023 0.006749
v -0.119456 0.051274 0.009544
v -0.119456 0.044525 0.006749
v -0.119456 0.041730 -0.000000
v -0.119456 0.044525 -0.006749
v -0.149025 0.051274 -0.019029
v -0.149025 0.064729 -0.013456
v -0.149025 0.070303 -0.000000
v -0.149025 0.064729 0.013456
v -0.149025 0.051274 0.019029
v -0.149025 0.037818 0.013456
v -0.149025 0.032245 -0.000000
v -0.149025 0.037818 -0.013456
v -0.276636 0.051274 -0.019029
v -0.276636 0.064729 -0.013456
v -0.276636 0.070303 -0.000000
v -0.276636 0.064729 0.013456
v -0.276636 0.051274 0.019029
v -0.276636 0.037818 0.013456
v -0.276636 0.032245 -0.000000
v -0.276636 0.037818 -0.013456
v -0.277059 0.051274 -0.024560
v -0.277059 0.068640 -0.017367
v -0.277059 0.075834 -0.000000
v -0.277059 0.068640 0.017367
v -0.277059 0.051274 0.024560
v -0.277059 0.033907 0.017367
v -0.277059 0.026714 -0.000000
v -0.277059 0.033907 -0.017367
v -0.315660 0.051274 -0.019572
v -0.315660 0.064565 -0.014067
v -0.315660 0.075834 -0.000000
v -0.315660 0.037982 0.013292
v -0.315660 0.034558 -0.015118
v -0.311286 0.079465 0.005998
v -0.241133 0.081949 0.000000
v -0.315675 0.077498 0.006729
v -0.315660 0.069639 -0.001817
v -0.311286 0.079299 -0.006399
v -0.315676 0.077942 -0.005659
v -0.244242 0.079479 0.005964
v -0.247616 0.079514 -0.005879
v -0.315660 0.069053 0.002457
v -0.056372 0.027185 0.009980
v -0.187290 0.027185 0.009980
v -0.056372 0.036131 0.006274
v 0.188021 0.036130 0.006274
v 0.188021 0.035034 0.006729
v 0.194868 0.030215 0.008724
v 0.257546 0.030215 0.008724
v 0.264393 0.033252 0.007467
v 0.264393 0.034998 0.006744
v 0.406605 0.034998 0.006744
v 0.406605 0.037204 0.005830
v 0.916233 0.037203 0.005830
v -0.187290 0.025099 0.010844
v -0.311286 0.025099 0.010844
v -0.315675 0.026519 0.010256
v 0.916233 0.043131 0.003374
v -0.119456 0.043127 0.003374
v -0.149025 0.035031 0.006728
v -0.276636 0.035031 0.006728
v -0.277059 0.030310 0.008683
v -0.315660 0.035229 0.006646
v -0.056372 0.027185 -0.009980
v -0.187290 0.027185 -0.009980
v -0.056372 0.036131 -0.006274
v 0.188021 0.036130 -0.006274
v 0.188021 0.035034 -0.006729
v 0.194868 0.030215 -0.008725
v 0.257546 0.030215 -0.008725
v 0.264393 0.033252 -0.007467
v 0.264393 0.034998 -0.006744
v 0.406605 0.034998 -0.006744
v 0.406605 0.037204 -0.005830
v 0.916233 0.037203 -0.005830
v -0.187290 0.025099 -0.010844
v -0.311286 0.025099 -0.010844
v -0.315675 0.026519 -0.010256
v 0.916233 0.043131 -0.003374
v -0.119456 0.043127 -0.003374
v -0.149025 0.035031 -0.006728
v -0.276636 0.035031 -0.006728
v -0.277059 0.030310 -0.008683
v -0.315660 0.031805 -0.008472
v -0.249288 0.029591 -0.021688
v -0.249288 0.051278 -0.030671
v -0.249288 0.029591 0.021688
v -0.249288 0.020607 0.000000
v -0.249288 0.072966 0.021688
v -0.249288 0.051278 0.030671
v -0.249288 0.072966 -0.021688
v -0.249288 0.025099 0.010844
v -0.249288 0.025099 -0.010844
v -0.302482 0.067303 0.011432
v -0.302482 0.072652 0.021817
v -0.299261 0.066297 0.015023
v -0.296697 0.064586 0.016114
v -0.296697 0.068426 0.023568
v -0.296697 0.055364 0.019934
v -0.296697 0.059203 0.027388
v -0.301848 0.051274 0.020859
v -0.302482 0.050497 0.020443
v -0.302482 0.054976 0.029139
v -0.315665 0.051275 0.021953
v -0.315660 0.049209 0.017942
v -0.315675 0.071874 0.020307
v -0.314215 0.072181 0.020903
v -0.315660 0.066212 0.009315
v -0.311286 0.072652 0.021817
v -0.315675 0.054270 0.027768
v -0.311286 0.054976 0.029139
v -0.216015 0.067001 0.007843
v -0.216015 0.092211 0.007843
v -0.216015 0.067001 -0.007843
v -0.216015 0.092211 -0.007843
v -0.187488 0.067001 0.007843
v -0.187488 0.067001 -0.007843
v -0.187488 0.083353 0.007843
v -0.188981 0.085278 0.007843
v -0.188981 0.085278 -0.007843
v -0.187488 0.083353 -0.007843
v -0.216015 0.030995 0.007843
v -0.187488 0.030995 0.007843
v -0.211922 0.026902 -0.007843
v -0.216015 0.030995 -0.005297
v -0.211922 0.011060 -0.007843
v -0.216015 0.005785 -0.005297
v -0.216015 0.005785 0.005297
v -0.216015 0.010010 0.007843
v -0.187488 0.026902 -0.007843
v -0.187488 0.030995 -0.005297
v -0.187488 0.014643 -0.005297
v -0.187488 0.021320 -0.007843
v -0.191356 0.016334 -0.007843
v -0.188982 0.012718 -0.005297
v -0.191356 0.016334 0.007843
v -0.188982 0.012718 0.005297
v -0.187488 0.021320 0.007843
v -0.187488 0.014643 0.005297
v -0.201643 0.088525 -0.000000
v -0.201643 0.067001 0.000000
v -0.201643 0.030995 0.000000
v -0.201643 0.009471 0.000000
v -0.198818 0.087801 0.004893
v -0.198818 0.067001 0.004893
v -0.198818 0.030995 0.004893
v -0.198818 0.010195 0.004893
v -0.193168 0.086352 -0.004893
v -0.193168 0.067001 -0.004893
v -0.193168 0.030995 -0.004893
v -0.193168 0.011644 -0.004893
v -0.190343 0.085627 -0.000000
v -0.190343 0.067001 0.000000
v -0.190343 0.030995 0.000000
v -0.190343 0.012368 0.000000
v -0.198818 0.087801 -0.004893
v -0.198818 0.067001 -0.004893
v -0.198818 0.030995 -0.004893
v -0.198818 0.010195 -0.004893
v -0.193168 0.086352 0.004893
v -0.193168 0.067001 0.004893
v -0.193168 0.030995 0.004893
v -0.193168 0.011644 0.004893
v -0.696270 0.024666 0.015602
v -0.696270 0.019591 0.011392
v -0.707912 0.006205 0.011392
v -0.777185 -0.002213 0.015602
v -0.777185 0.040338 0.015602
v -0.477223 0.028926 0.015602
v -0.777185 0.011745 0.015602
v -0.883989 0.040338 0.015602
v -0.883989 0.017228 0.015602
v -0.717558 0.028926 0.015602
v -0.777185 0.076183 0.015602
v -0.883989 0.072891 0.015602
v -0.717558 0.076183 0.015602
v -0.805884 0.040338 0.015602
v -0.805884 0.017228 0.015602
v -0.805884 0.076183 0.015602
v -0.809899 0.040338 0.015602
v -0.809899 0.017228 0.015602
v -0.809899 0.072891 0.015602
v -0.785203 0.040338 0.015602
v -0.785203 0.017228 0.015602
v -0.785203 0.076183 0.015602
v -0.707912 -0.002213 0.011392
v -0.717558 -0.002213 0.011392
v -0.722758 -0.002213 0.011392
v -0.717558 0.000736 0.015602
v -0.721239 -0.001351 0.015602
v -0.722758 -0.002213 0.015602
v -0.707912 0.006205 0.015602
v -0.696270 0.019591 0.015602
v -0.696270 -0.002213 0.011392
v -0.477223 -0.002213 0.011392
v -0.477223 0.006205 0.011392
v -0.477223 0.024666 0.015602
v -0.477223 0.019591 0.011392
v -0.696270 0.012056 0.011392
v -0.702121 0.006205 0.011392
v -0.696270 0.000354 0.011392
v -0.690419 0.006205 0.011392
v -0.702121 0.006205 0.015602
v -0.696270 0.012056 0.015602
v -0.866659 0.049308 0.015602
v -0.863307 0.051322 0.015602
v -0.863307 0.043011 0.015602
v -0.866659 0.045025 0.015602
v -0.845947 0.056090 0.015602
v -0.845947 0.065760 0.015602
v -0.843502 0.053292 0.015602
v -0.843502 0.068558 0.015602
v -0.832657 0.051322 0.015602
v -0.832657 0.043011 0.015602
v -0.829305 0.045025 0.015602
v -0.829305 0.049308 0.015602
v -0.805884 0.068558 0.015602
v -0.800814 0.068558 0.015602
v -0.809899 0.068558 0.015602
v -0.800814 0.053292 0.015602
v -0.805884 0.053292 0.015602
v -0.809899 0.053292 0.015602
v -0.798369 0.065760 0.015602
v -0.798369 0.056090 0.015602
v -0.777185 -0.002213 0.009754
v -0.749765 -0.002213 0.009243
v -0.777185 0.001806 0.009017
v -0.770783 0.010681 0.009794
v -0.750954 0.010681 0.009283
v -0.774362 0.009729 0.008976
v -0.696270 0.024666 -0.015602
v -0.696270 0.019591 -0.011392
v -0.707912 0.006205 -0.011392
v -0.777185 -0.002213 -0.015602
v -0.777185 0.040338 -0.015602
v -0.477223 0.028926 -0.015602
v -0.777185 0.011745 -0.015602
v -0.883989 0.040338 -0.015602
v -0.883989 0.017228 -0.015602
v -0.717558 0.028926 -0.015602
v -0.777185 0.076183 -0.015602
v -0.883989 0.072891 -0.015602
v -0.717558 0.076183 -0.015602
v -0.805884 0.040338 -0.015602
v -0.805884 0.017228 -0.015602
v -0.805884 0.076183 -0.015602
v -0.809899 0.040338 -0.015602
v -0.809899 0.017228 -0.015602
v -0.809899 0.072891 -0.015602
v -0.477223 0.028926 0.000000
v -0.477223 -0.002213 0.000000
v -0.777185 0.011745 0.000000
v -0.883989 0.040338 0.000000
v -0.883989 0.017228 0.000000
v -0.717558 0.028926 0.000000
v -0.717558 -0.002213 0.000000
v -0.777185 0.076183 0.000000
v -0.883989 0.072891 0.000000
v -0.717558 0.076183 0.000000
v -0.805884 0.076183 0.000000
v -0.805884 0.017228 0.000000
v -0.809899 0.072891 0.000000
v -0.809899 0.017228 0.000000
v -0.785203 0.040338 -0.015602
v -0.785203 0.017228 -0.015602
v -0.785203 0.076183 -0.015602
v -0.785203 0.017228 0.000000
v -0.785203 0.076183 0.000000
v -0.707912 -0.002213 -0.011392
v -0.717558 -0.002213 -0.011392
v -0.722758 -0.002213 -0.011392
v -0.717558 0.000736 -0.015602
v -0.721239 -0.001351 -0.015602
v -0.722758 -0.002213 -0.015602
v -0.707912 0.006205 -0.015602
v -0.696270 0.019591 -0.015602
v -0.696270 -0.002213 -0.011392
v -0.477223 -0.002213 -0.011392
v -0.477223 0.006205 -0.011392
v -0.477223 0.024666 -0.015602
v -0.477223 0.019591 -0.011392
v -0.696270 0.012056 -0.011392
v -0.702121 0.006205 -0.011392
v -0.696270 0.000354 -0.011392
v -0.690419 0.006205 -0.011392
v -0.702121 0.006205 -0.015602
v -0.696270 0.012056 -0.015602
v -0.866659 0.049308 -0.015602
v -0.863307 0.051322 -0.015602
v -0.863307 0.043011 -0.015602
v -0.866659 0.045025 -0.015602
v -0.845947 0.056090 -0.015602
v -0.845947 0.065760 -0.015602
v -0.843502 0.053292 -0.015602
v -0.843502 0.068558 -0.015602
v -0.832657 0.051322 -0.015602
v -0.832657 0.043011 -0.015602
v -0.829305 0.045025 -0.015602
v -0.829305 0.049308 -0.015602
v -0.805884 0.068558 -0.015602
v -0.800814 0.068558 -0.015602
v -0.809899 0.068558 -0.015602
v -0.800814 0.053292 -0.015602
v -0.805884 0.053292 -0.015602
v -0.809899 0.053292 -0.015602
v -0.798369 0.065760 -0.015602
v -0.798369 0.056090 -0.015602
v -0.866659 0.049308 0.000000
v -0.863307 0.051322 0.000000
v -0.863307 0.043011 0.000000
v -0.866659 0.045025 0.000000
v -0.845947 0.056090 0.000000
v -0.845947 0.065760 0.000000
v -0.843502 0.053292 0.000000
v -0.843502 0.068558 0.000000
v -0.832657 0.051322 0.000000
v -0.832657 0.043011 0.000000
v -0.829305 0.045025 0.000000
v -0.829305 0.049308 0.000000
v -0.805884 0.068558 0.000000
v -0.800814 0.068558 0.000000
v -0.809899 0.068558 0.000000
v -0.800814 0.053292 0.000000
v -0.805884 0.053292 0.000000
v -0.809899 0.053292 0.000000
v -0.798369 0.065760 0.000000
v -0.798369 0.056090 0.000000
v -0.777185 0.002742 0.000000
v -0.777185 -0.002213 -0.009754
v -0.747632 -0.002213 0.000000
v -0.749765 -0.002213 -0.009242
v -0.777185 0.001806 -0.009017
v -0.770783 0.010681 0.000000
v -0.774362 0.010665 0.000000
v -0.770783 0.010681 -0.009794
v -0.749412 0.010681 0.000000
v -0.750954 0.010681 -0.009283
v -0.774362 0.009729 -0.008976
v -0.510308 -0.039092 0.008605
v -0.510308 -0.000561 0.008605
v -0.510308 -0.039092 -0.008605
v -0.510308 -0.000561 -0.008605
v -0.478361 -0.039092 0.008605
v -0.478361 -0.000561 0.008605
v -0.478361 -0.039092 -0.008605
v -0.478361 -0.000561 -0.008605
v -0.510308 -0.032794 0.008605
v -0.510308 -0.032794 -0.008605
v -0.478361 -0.032794 -0.008605
v -0.478361 -0.032794 0.008605
v -0.514542 -0.039092 0.008605
v -0.514542 -0.039092 -0.008605
v -0.514542 -0.035545 0.008605
v -0.514542 -0.035545 -0.008605
v -0.569365 -0.039092 0.008605
v -0.569365 -0.039092 -0.008605
v -0.569365 -0.035545 0.008605
v -0.569365 -0.035545 -0.008605
v -0.574879 -0.034678 0.008605
v -0.574879 -0.034678 -0.008605
v -0.571894 -0.032762 0.008605
v -0.571894 -0.032762 -0.008605
v -0.575160 0.001725 0.008605
v -0.575160 0.001725 -0.008605
v -0.571968 0.001705 0.008605
v -0.571968 0.001705 -0.008605
v -0.493909 -0.039092 -0.008605
v -0.493909 -0.000561 -0.008605
v -0.493909 -0.039092 0.008605
v -0.493909 -0.000561 0.008605
v -0.493909 -0.032794 0.008605
v -0.493909 -0.032794 -0.008605
v -0.510308 -0.022246 0.008605
v -0.510308 -0.022246 -0.008605
v -0.478361 -0.022246 -0.008605
v -0.478361 -0.022246 0.008605
v -0.493909 -0.022246 0.008605
v -0.493909 -0.022246 -0.008605
v -0.510308 -0.039092 -0.005602
v -0.510308 -0.039092 0.005602
v -0.510308 -0.000561 0.005602
v -0.510308 -0.000561 -0.005602
v -0.478361 -0.039092 0.005602
v -0.478361 -0.039092 -0.005602
v -0.478361 -0.000561 -0.005602
v -0.478361 -0.000561 0.005602
v -0.478361 -0.032794 -0.005602
v -0.478361 -0.032794 0.005602
v -0.510308 -0.032794 0.005602
v -0.510308 -0.032794 -0.005602
v -0.514542 -0.039092 -0.005602
v -0.514542 -0.039092 0.005602
v -0.514542 -0.035545 0.005602
v -0.514542 -0.035545 -0.005602
v -0.569365 -0.039092 -0.005602
v -0.569365 -0.039092 0.005602
v -0.569365 -0.035545 0.005602
v -0.569365 -0.035545 -0.005602
v -0.574879 -0.034678 -0.005602
v -0.574879 -0.034678 0.005602
v -0.571894 -0.032762 0.005602
v -0.571894 -0.032762 -0.005602
v -0.575160 0.001725 -0.005602
v -0.575160 0.001725 0.005602
v -0.571968 0.001705 0.005602
v -0.571968 0.001705 -0.005602
v -0.493909 -0.000561 -0.005602
v -0.493909 -0.000561 0.005602
v -0.493909 -0.039092 -0.005602
v -0.493909 -0.039092 0.005602
v -0.478361 -0.022246 -0.005602
v -0.478361 -0.022246 0.005602
v -0.510308 -0.022246 0.005602
v -0.510308 -0.022246 -0.005602
v -0.489827 -0.027244 -0.005602
v -0.489827 -0.027244 0.005602
v -0.294719 0.026706 0.012818
v -0.294719 0.026706 -0.012818
v -0.229112 0.026706 0.012818
v -0.229112 0.026706 -0.012818
v -0.294719 -0.000955 0.008954
v -0.294719 0.003308 0.012818
v -0.294719 0.003308 -0.012818
v -0.294719 -0.000955 -0.008954
v -0.229112 -0.000955 0.008954
v -0.229112 0.003312 0.012818
v -0.229112 0.003312 -0.012818
v -0.229112 -0.000955 -0.008954
v -0.215700 0.026706 -0.008954
v -0.219869 0.026706 -0.012818
v -0.219869 0.006257 -0.012818
v -0.215700 0.003312 -0.008954
v -0.219869 0.006257 0.012818
v -0.215700 0.003312 0.008954
v -0.219869 0.026706 0.012818
v -0.215700 0.026706 0.008954
v -0.469408 -0.032889 0.028264
v -0.479542 0.031043 0.017325
v -0.293934 -0.023440 0.028264
v -0.293934 0.019261 0.028264
v -0.282152 0.031043 0.017325
v -0.469408 0.019261 0.028264
v -0.469408 0.031043 0.017325
v -0.469408 -0.040509 0.028264
v -0.282152 -0.017649 0.017325
v -0.469408 -0.032889 0.022161
v -0.293934 -0.023440 0.022161
v -0.285504 0.029302 0.020437
v -0.285504 -0.019296 0.020437
v -0.469408 0.029302 0.020437
v -0.479542 0.029302 0.020437
v -0.285504 -0.019296 0.014335
v -0.469408 0.026970 0.019698
v -0.293934 0.024435 0.022161
v -0.285504 0.028579 0.014335
v -0.293934 0.007636 0.022161
v -0.282152 -0.017649 0.015526
v -0.285504 -0.019296 0.012846
v -0.293934 -0.023440 0.019860
v -0.293934 0.007636 0.019860
v -0.479542 -0.032889 0.025814
v -0.476903 -0.032889 0.028264
v -0.479542 0.021900 0.025814
v -0.476903 0.019261 0.028264
v -0.476903 -0.040509 0.028264
v -0.479542 -0.040509 0.025814
v -0.469408 -0.032889 -0.028264
v -0.282152 0.025261 0.000000
v -0.479542 0.031043 -0.017325
v -0.293934 -0.023440 -0.028264
v -0.293934 0.019261 -0.028264
v -0.282152 0.031043 -0.017325
v -0.469408 0.019261 -0.028264
v -0.469408 0.031043 -0.017325
v -0.469408 -0.040509 -0.028264
v -0.479542 0.031043 0.000000
v -0.282152 -0.017649 -0.017325
v -0.469408 -0.032889 -0.022161
v -0.293934 -0.023440 -0.022161
v -0.285504 0.029302 -0.020437
v -0.285504 -0.019296 -0.020437
v -0.469408 0.029302 -0.020437
v -0.479542 0.029302 -0.020437
v -0.285504 -0.019296 -0.014335
v -0.469408 0.026970 0.000000
v -0.469408 0.026970 -0.019698
v -0.293934 0.024435 -0.022161
v -0.285504 0.028579 -0.014335
v -0.285504 0.022797 0.000000
v -0.293934 0.007636 -0.022161
v -0.293934 0.007636 0.000000
v -0.282152 -0.017649 -0.015526
v -0.285504 -0.019296 -0.012846
v -0.293934 -0.023440 -0.019860
v -0.293934 0.007636 -0.019860
v -0.479542 -0.032889 -0.025813
v -0.476903 -0.032889 -0.028264
v -0.479542 0.021900 -0.025813
v -0.476903 0.019261 -0.028264
v -0.476903 -0.040509 -0.028264
v -0.479542 -0.040509 -0.025813
v -0.282152 -0.000027 0.006860
v -0.285504 -0.019296 0.006860
v -0.293934 -0.023440 0.006860
v -0.293934 -0.000027 0.006860
v -0.285504 -0.019296 -0.006860
v -0.293934 -0.023440 -0.006860
v -0.282152 -0.000027 0.000000
v -0.282152 -0.000027 -0.006860
v -0.293934 -0.000027 -0.006860
v -0.282152 -0.017649 -0.006860
v -0.293934 -0.000027 0.000000
v -0.282152 -0.017649 0.006860
v -0.469408 -0.030687 0.000000
v -0.469408 -0.030687 -0.005580
v -0.479542 -0.030687 -0.005580
v -0.469408 -0.030687 0.005581
v -0.469408 -0.032889 0.005581
v -0.479542 -0.040509 0.005581
v -0.479542 -0.030687 0.005581
v -0.479542 -0.032889 0.005581
v -0.469408 -0.040509 0.005581
v -0.479542 -0.030687 0.000000
v -0.469408 -0.032889 -0.005580
v -0.469408 -0.040509 -0.005580
v -0.479542 -0.032889 -0.005580
v -0.479542 -0.040509 -0.005580
v -0.259504 0.023961 -0.016855
v -0.259504 0.023961 0.016855
v -0.251870 0.019454 -0.016855
v -0.251870 0.019454 0.016855
v -0.251869 0.010838 -0.016855
v -0.251869 0.010838 0.016855
v -0.259504 0.006331 -0.016855
v -0.259504 0.006331 0.016855
v -0.267138 0.010738 -0.016855
v -0.267138 0.010738 0.016855
v -0.267138 0.019553 -0.016855
v -0.267138 0.019553 0.016855
v -0.241385 0.019454 -0.016855
v -0.241385 0.019454 0.016855
v -0.241386 0.010838 -0.016855
v -0.241386 0.010838 0.016855
v -0.237241 0.017602 -0.014169
v -0.237241 0.017602 0.014169
v -0.237241 0.012690 -0.014169
v -0.237241 0.012690 0.014169
v -0.883993 -0.000929 0.012433
v -0.883993 0.018194 0.012433
v -0.883993 -0.000929 -0.012433
v -0.883993 0.018194 -0.012433
v -0.772368 -0.000929 0.012433
v -0.772368 0.018194 0.012433
v -0.772368 -0.000929 -0.012433
v -0.772368 0.018194 -0.012433
v -0.883993 0.001917 0.012433
v -0.883993 0.015348 0.012433
v -0.883993 0.015348 -0.012433
v -0.883993 0.001917 -0.012433
v -0.772368 0.015348 -0.012433
v -0.772368 0.001917 -0.012433
v -0.772368 0.015348 0.012433
v -0.772368 0.001917 0.012433
v -0.785033 -0.000929 -0.012433
v -0.785033 0.018194 -0.012433
v -0.785033 -0.000929 0.012433
v -0.785033 0.018194 0.012433
v -0.785033 0.001917 0.012433
v -0.785033 0.015348 0.012433
v -0.785033 0.001917 -0.012433
v -0.785033 0.015348 -0.012433
v -0.883993 0.004800 0.012433
v -0.883993 0.012466 0.012433
v -0.883993 0.012466 -0.012433
v -0.883993 0.004800 -0.012433
v -0.772368 0.012466 -0.012433
v -0.772368 0.004800 -0.012433
v -0.772368 0.012466 0.012433
v -0.772368 0.004800 0.012433
v -0.781946 0.012466 -0.012433
v -0.781946 0.004800 -0.012433
v -0.781946 0.012466 0.012433
v -0.781946 0.004800 0.012433
v -0.883993 0.012466 0.010911
v -0.883993 0.015348 0.010911
v -0.883993 0.004800 -0.010911
v -0.883993 0.001917 -0.010911
v -0.785033 0.001917 0.010911
v -0.883993 0.001917 0.010911
v -0.785033 0.015348 0.010911
v -0.785033 0.001917 -0.010911
v -0.883993 0.015348 -0.010911
v -0.785033 0.015348 -0.010911
v -0.781946 0.004800 -0.010911
v -0.781946 0.004800 0.010911
v -0.883993 0.004800 0.010911
v -0.883993 0.012466 -0.010911
v -0.781946 0.012466 -0.010911
v -0.781946 0.012466 0.010911
v -0.893714 -0.050686 0.018302
v -0.893714 0.100030 0.018302
v -0.893714 -0.050686 -0.018302
v -0.893714 0.100030 -0.018302
v -0.882837 -0.050686 0.018302
v -0.882837 0.100030 0.018302
v -0.882837 -0.050686 -0.018302
v -0.882837 0.100030 -0.018302
v -0.893714 -0.003519 0.024953
v -0.893714 0.052863 0.024953
v -0.893714 0.052863 -0.024953
v -0.893714 -0.003519 -0.024953
v -0.882837 0.052863 -0.024953
v -0.882837 -0.003519 -0.024953
v -0.882837 0.052863 0.024953
v -0.882837 -0.003519 0.024953
v -0.893714 -0.059900 0.000000
v -0.893714 0.109244 0.000000
v -0.882837 -0.059900 0.000000
v -0.882837 0.109244 0.000000
v -0.882837 -0.003519 0.000000
v -0.882837 0.052863 0.000000
v -0.893714 -0.048557 0.015901
v -0.893714 0.097901 0.015901
v -0.893714 -0.048557 -0.015901
v -0.893714 0.097901 -0.015901
v -0.893714 -0.002722 0.021680
v -0.893714 0.052066 0.021680
v -0.893714 0.052066 -0.021680
v -0.893714 -0.002722 -0.021680
v -0.893714 -0.057511 0.000000
v -0.893714 0.106854 0.000000
v -0.876060 0.081190 0.013860
v -0.876060 0.077503 0.007595
v -0.876060 0.077503 -0.014610
v -0.876060 0.081190 -0.020874
v -0.719742 0.077503 0.007595
v -0.719742 0.081172 0.013860
v -0.719742 0.081172 -0.020874
v -0.719742 0.077503 -0.014610
v -0.879002 0.080826 0.007595
v -0.879002 0.084555 0.013860
v -0.879002 0.084555 -0.020874
v -0.879002 0.080826 -0.014610
v -0.714908 0.084116 0.013860
v -0.714908 0.080446 0.007595
v -0.714908 0.080446 -0.014610
v -0.714908 0.084116 -0.020874
v -0.876060 0.090315 0.011001
v -0.876060 0.088727 0.013860
v -0.876060 0.088727 -0.020874
v -0.876060 0.090315 -0.018015
v -0.719742 0.088741 0.013860
v -0.719742 0.090315 0.011001
v -0.719742 0.090315 -0.018015
v -0.719742 0.088741 -0.020874
v -0.879002 0.085381 0.013860
v -0.879002 0.086992 0.011001
v -0.879002 0.086992 -0.018015
v -0.879002 0.085381 -0.020874
v -0.714908 0.090315 0.011001
v -0.714908 0.088746 0.013860
v -0.714908 0.088746 -0.020874
v -0.714908 0.090315 -0.018015
v -0.895154 0.097901 0.015901
v -0.895154 -0.048557 0.015901
v -0.895154 -0.050679 0.018277
v -0.895154 0.100022 0.018277
v -0.895154 -0.048557 -0.015901
v -0.895154 0.097901 -0.015901
v -0.895154 -0.002722 0.021680
v -0.895154 0.052066 0.021680
v -0.895154 0.052066 -0.021680
v -0.895154 -0.002722 -0.021680
v -0.895154 -0.057511 0.000000
v -0.895154 0.106854 0.000000
v -0.901030 -0.050679 0.018277
v -0.895154 -0.050679 -0.018277
v -0.895154 0.100022 -0.018277
v -0.895154 -0.003516 0.024919
v -0.895154 0.052860 0.024919
v -0.895154 0.052860 -0.024919
v -0.895154 -0.003516 -0.024919
v -0.895154 -0.059892 0.000000
v -0.895154 0.109236 0.000000
v -0.901031 -0.050679 -0.018277
v -0.901031 0.052860 -0.024919
v -0.901031 -0.059892 0.000000
v -0.574876 -0.001416 0.011276
v -0.574876 -0.016937 0.011276
v -0.574876 -0.006378 0.011276
v -0.574876 -0.027925 0.011276
v -0.626022 -0.001416 0.005685
v -0.615320 -0.001416 0.011276
v -0.607771 -0.016937 0.011276
v -0.618479 -0.016937 0.005683
v -0.624931 -0.006378 0.005685
v -0.614215 -0.006378 0.011276
v -0.620875 -0.049234 0.013273
v -0.630766 -0.045801 0.007682
v -0.633551 -0.060642 0.007685
v -0.623429 -0.062684 0.013273
v -0.625645 -0.079151 0.013273
v -0.635770 -0.077232 0.007689
v -0.640830 -0.091969 0.007690
v -0.630634 -0.093718 0.013273
v -0.647036 -0.107399 0.007691
v -0.636031 -0.107178 0.013273
v -0.616109 -0.044038 0.013273
v -0.625388 -0.040064 0.007678
v -0.634660 -0.068937 0.007688
v -0.624569 -0.071098 0.013273
v -0.633174 -0.112741 0.013273
v -0.644174 -0.112988 0.007691
v -0.618479 -0.025284 0.005680
v -0.607786 -0.025931 0.011276
v -0.574876 -0.037812 0.006419
v -0.584331 -0.055681 0.008463
v -0.593370 -0.052369 0.013273
v -0.594187 -0.058497 0.013273
v -0.585275 -0.061590 0.008473
v -0.600604 -0.067290 0.013273
v -0.590987 -0.069231 0.008481
v -0.599894 -0.084033 0.013273
v -0.590460 -0.085822 0.008491
v -0.607263 -0.097726 0.013273
v -0.597751 -0.099358 0.008494
v -0.605164 -0.106560 0.013273
v -0.596063 -0.106378 0.008495
v -0.585984 -0.046807 0.008448
v -0.594765 -0.046000 0.013273
v -0.592756 -0.041801 0.013273
v -0.582833 -0.040851 0.008429
v -0.592955 -0.077870 0.008487
v -0.602490 -0.075827 0.013273
v -0.598700 -0.111968 0.008496
v -0.607833 -0.112173 0.013273
v -0.574876 -0.001416 -0.011276
v -0.574876 -0.016937 -0.011276
v -0.574876 -0.006378 -0.011276
v -0.574876 -0.001416 0.000000
v -0.574876 -0.037812 0.000000
v -0.626022 -0.001416 0.000000
v -0.574876 -0.016937 0.000000
v -0.618479 -0.016937 0.000000
v -0.574876 -0.006378 0.000000
v -0.624931 -0.006378 0.000000
v -0.584331 -0.055681 0.000000
v -0.630766 -0.045801 0.000000
v -0.585275 -0.061590 0.000000
v -0.633551 -0.060642 0.000000
v -0.590987 -0.069231 0.000000
v -0.635770 -0.077232 0.000000
v -0.590460 -0.085822 0.000000
v -0.640830 -0.091969 0.000000
v -0.597751 -0.099358 0.000000
v -0.647036 -0.107399 0.000000
v -0.596063 -0.106378 0.000000
v -0.582833 -0.040851 0.000000
v -0.585984 -0.046807 0.000000
v -0.634660 -0.068937 0.000000
v -0.592955 -0.077870 0.000000
v -0.644174 -0.112988 0.000000
v -0.598700 -0.111968 0.000000
v -0.625388 -0.040064 0.000000
v -0.574876 -0.027925 -0.011276
v -0.618479 -0.025284 0.000000
v -0.574876 -0.027925 0.000000
v -0.626022 -0.001416 -0.005685
v -0.615320 -0.001416 -0.011276
v -0.607771 -0.016937 -0.011276
v -0.618479 -0.016937 -0.005683
v -0.624931 -0.006378 -0.005685
v -0.614215 -0.006378 -0.011276
v -0.620875 -0.049234 -0.013273
v -0.630766 -0.045801 -0.007682
v -0.633551 -0.060642 -0.007685
v -0.623429 -0.062684 -0.013273
v -0.625645 -0.079151 -0.013273
v -0.635770 -0.077232 -0.007689
v -0.640830 -0.091969 -0.007690
v -0.630634 -0.093718 -0.013273
v -0.647036 -0.107399 -0.007691
v -0.636031 -0.107178 -0.013273
v -0.616109 -0.044038 -0.013273
v -0.625388 -0.040064 -0.007678
v -0.634660 -0.068937 -0.007688
v -0.624569 -0.071098 -0.013273
v -0.633174 -0.112741 -0.013273
v -0.644174 -0.112988 -0.007691
v -0.618479 -0.025284 -0.005680
v -0.607786 -0.025931 -0.011276
v -0.574876 -0.037812 -0.006419
v -0.584331 -0.055681 -0.008463
v -0.593370 -0.052369 -0.013273
v -0.594187 -0.058497 -0.013273
v -0.585275 -0.061590 -0.008473
v -0.600604 -0.067290 -0.013273
v -0.590987 -0.069231 -0.008481
v -0.599894 -0.084033 -0.013273
v -0.590460 -0.085822 -0.008491
v -0.607263 -0.097726 -0.013273
v -0.597751 -0.099358 -0.008493
v -0.605164 -0.106560 -0.013273
v -0.596063 -0.106378 -0.008495
v -0.585984 -0.046807 -0.008448
v -0.594765 -0.046000 -0.013273
v -0.592756 -0.041801 -0.013273
v -0.582833 -0.040851 -0.008429
v -0.592955 -0.077870 -0.008487
v -0.602490 -0.075827 -0.013273
v -0.598700 -0.111968 -0.008496
v -0.607833 -0.112173 -0.013273
v -0.901031 0.100022 0.018277
v -0.901031 -0.053844 0.021141
v -0.901031 0.103188 0.021141
v -0.901031 0.100022 -0.018277
v -0.901031 -0.003516 0.024919
v -0.901031 0.052860 0.024919
v -0.901031 -0.003516 -0.024919
v -0.901031 0.109235 0.000000
v -0.905373 0.104484 0.023020
v -0.905373 -0.055141 0.023020
v -0.901031 -0.053844 -0.021141
v -0.901031 0.103188 -0.021141
v -0.901031 -0.004700 0.028824
v -0.901031 0.054044 0.028824
v -0.901031 0.054044 -0.028823
v -0.901031 -0.004700 -0.028823
v -0.901031 -0.063444 0.000000
v -0.901031 0.112788 0.000000
v -0.916031 -0.055141 0.023020
v -0.916031 0.104484 0.023020
v -0.905373 -0.055141 -0.023020
v -0.905373 0.104484 -0.023020
v -0.905373 -0.005185 0.031385
v -0.905373 0.054529 0.031385
v -0.905373 0.054529 -0.031385
v -0.905373 -0.005185 -0.031385
v -0.905373 -0.064899 0.000000
v -0.905373 0.114243 0.000000
v -0.921792 0.099153 0.017465
v -0.921792 -0.049809 0.017465
v -0.916031 -0.055141 -0.023020
v -0.916031 0.104484 -0.023020
v -0.916031 -0.005185 0.031385
v -0.916031 0.054529 0.031385
v -0.916031 0.054529 -0.031385
v -0.916031 -0.005185 -0.031385
v -0.916031 -0.064899 0.000000
v -0.916031 0.114243 0.000000
v -0.921792 -0.049809 -0.017465
v -0.921792 0.099153 -0.017465
v -0.921792 -0.003191 0.025255
v -0.921792 0.052534 0.025255
v -0.921792 0.052534 -0.025255
v -0.921792 -0.003191 -0.025255
v -0.921792 -0.057065 0.000000
v -0.921792 0.106408 0.000000
v -0.921792 -0.003191 0.000000
v -0.921792 0.052535 0.000000
v -0.872772 0.090214 0.013643
v -0.872772 0.089046 -0.008010
v -0.715674 0.090214 0.013643
v -0.715674 0.089046 -0.008010
v -0.876625 0.092836 0.013643
v -0.876625 0.091668 -0.008010
v -0.710771 0.092747 0.013643
v -0.710771 0.091580 -0.008010
v -0.872772 0.100022 0.006819
v -0.872772 0.096028 0.013643
v -0.872772 0.100022 -0.003666
v -0.715674 0.096036 0.013643
v -0.715674 0.100022 0.006818
v -0.715674 0.100022 -0.003666
v -0.876625 0.093391 0.013643
v -0.876625 0.097400 0.006819
v -0.876625 0.097400 -0.003666
v -0.876625 0.092224 -0.008010
v -0.710771 0.097488 0.006818
v -0.710771 0.093498 0.013643
v -0.710771 0.092331 -0.008010
v -0.710771 0.097488 -0.003666
v -0.872950 0.085373 -0.021040
v -0.715852 0.085373 -0.021040
v -0.876803 0.087958 -0.021479
v -0.710949 0.087871 -0.021464
v -0.872950 0.091106 -0.022013
v -0.872950 0.096184 -0.015952
v -0.715852 0.096184 -0.015952
v -0.715852 0.091113 -0.022014
v -0.876803 0.093599 -0.015514
v -0.876803 0.088505 -0.021572
v -0.710949 0.088611 -0.021590
v -0.710949 0.093687 -0.015528
v -0.095994 -0.012440 0.005857
v -0.095994 -0.018818 0.009853
v -0.095994 -0.018818 -0.009853
v -0.095994 -0.012440 -0.005857
v -0.022887 -0.042112 0.005744
v -0.022887 -0.035923 0.009853
v -0.022887 -0.012440 0.005744
v -0.022887 -0.019046 0.009853
v -0.022887 -0.042112 -0.005744
v -0.022887 -0.035923 -0.009853
v -0.022887 -0.012440 -0.005744
v -0.022887 -0.019046 -0.009853
v -0.012981 -0.045808 0.008166
v -0.012981 -0.039570 0.012308
v -0.012981 -0.015336 0.012308
v -0.012981 -0.008744 0.008166
v -0.012981 -0.039570 -0.012308
v -0.012981 -0.045808 -0.008166
v -0.012981 -0.008744 -0.008166
v -0.012981 -0.015336 -0.012308
v -0.003836 -0.045808 0.008134
v -0.003836 -0.039522 0.012308
v -0.003836 -0.015355 0.012308
v -0.003837 -0.008744 0.008134
v -0.003836 -0.039522 -0.012308
v -0.003836 -0.045808 -0.008134
v -0.003837 -0.008744 -0.008134
v -0.003836 -0.015355 -0.012308
v -0.001042 -0.036468 0.010310
v -0.001042 -0.042800 0.006106
v -0.001042 -0.011752 0.006106
v -0.001042 -0.018395 0.010310
v -0.001042 -0.042800 -0.006106
v -0.001042 -0.036468 -0.010310
v -0.001042 -0.018395 -0.010310
v -0.001042 -0.011752 -0.006106
v -0.127999 -0.030457 0.009853
v -0.127999 -0.019229 0.009853
v -0.127999 -0.012440 0.005858
v -0.127999 -0.030457 -0.009853
v -0.127999 -0.012440 -0.005858
v -0.127999 -0.019229 -0.009853
v -0.041547 -0.012440 -0.005811
v -0.041547 -0.019038 -0.009853
v -0.041547 -0.012440 0.005811
v -0.041547 -0.019038 0.009853
v -0.069788 -0.012440 0.005849
v -0.069788 -0.018975 0.009853
v -0.069788 -0.012440 -0.005849
v -0.069788 -0.018975 -0.009853
v -0.064910 -0.012440 -0.005845
v -0.064910 -0.018995 -0.009853
v -0.054556 -0.042112 -0.005827
v -0.064910 -0.018995 0.009853
v -0.064910 -0.012440 0.005845
v -0.047518 -0.019036 -0.009853
v -0.047518 -0.012440 -0.005823
v -0.047518 -0.012440 0.005823
v -0.047518 -0.019036 0.009853
v -0.095994 -0.042112 -0.005857
v -0.089120 -0.018861 0.009853
v -0.089120 -0.012440 0.005856
v -0.089120 -0.012440 -0.005856
v -0.089120 -0.018861 -0.009853
v -0.104180 -0.022996 -0.009853
v -0.103777 -0.016462 -0.005857
v -0.103777 -0.016462 0.005857
v -0.104180 -0.022996 0.009853
v -0.095994 -0.036058 0.009853
v -0.095994 -0.042112 0.005857
v -0.095994 -0.036058 -0.009853
v -0.122109 -0.010324 -0.005858
v -0.121850 -0.017035 -0.009853
v -0.127999 -0.036524 0.005858
v -0.122109 -0.010324 0.005858
v -0.121850 -0.017035 0.009853
v -0.127999 -0.036524 -0.005858
v -0.082676 -0.017097 -0.005854
v -0.082676 -0.023569 -0.009853
v -0.076232 -0.023597 -0.009853
v -0.076232 -0.017097 -0.005852
v -0.076232 -0.017097 0.005852
v -0.076232 -0.023597 0.009853
v -0.082676 -0.023569 0.009853
v -0.082676 -0.017097 0.005854
v -0.054556 -0.036043 -0.009853
v -0.053315 -0.017097 0.005833
v -0.053315 -0.023685 0.009853
v -0.059113 -0.023675 0.009853
v -0.059113 -0.017097 0.005840
v -0.059113 -0.017097 -0.005840
v -0.059113 -0.023675 -0.009853
v -0.053315 -0.023685 -0.009853
v -0.053315 -0.017097 -0.005833
v -0.054556 -0.036043 0.009853
v -0.054556 -0.042112 0.005827
v -0.035327 -0.017097 -0.005794
v -0.035327 -0.023697 -0.009853
v -0.029107 -0.023699 -0.009853
v -0.029107 -0.017097 -0.005773
v -0.029107 -0.017097 0.005773
v -0.029107 -0.023699 0.009853
v -0.035327 -0.023697 0.009853
v -0.035327 -0.017097 0.005794
v 0.927194 0.041126 0.007931
v 0.930242 0.041126 0.007931
v 0.931766 0.041126 0.010571
v 0.930242 0.041126 0.013210
v 0.927194 0.041126 0.013210
v 0.925670 0.041126 0.010571
v 0.928522 0.039802 -0.008965
v 0.931967 0.039802 -0.008965
v 0.933690 0.039802 -0.011949
v 0.931967 0.039802 -0.014933
v 0.928522 0.039802 -0.014933
v 0.926799 0.039802 -0.011949
v 0.928522 0.047452 -0.008965
v 0.931967 0.047452 -0.008965
v 0.933691 0.047452 -0.011949
v 0.931967 0.047452 -0.014933
v 0.928522 0.047452 -0.014933
v 0.926799 0.047452 -0.011949
v 0.927194 0.047893 0.007931
v 0.930242 0.047893 0.007931
v 0.931766 0.047893 0.010571
v 0.930242 0.047893 0.013210
v 0.927194 0.047893 0.013210
v 0.925670 0.047893 0.010571
v 0.921418 0.063262 0.003176
v 0.921418 0.060464 0.005975
v 0.936252 0.060464 0.005975
v 0.936252 0.063262 0.003176
v 0.921418 0.063262 -0.003176
v 0.921418 0.060464 -0.005975
v 0.936252 0.060464 -0.005975
v 0.936252 0.063262 -0.003176
v 0.921418 0.039292 0.003176
v 0.921418 0.042091 0.005975
v 0.936252 0.042091 0.005975
v 0.936252 0.039292 0.003176
v 0.921418 0.039292 -0.003176
v 0.921418 0.042091 -0.005975
v 0.936252 0.042091 -0.005975
v 0.936252 0.039292 -0.003176
v 0.958628 0.036224 -0.012795
v 0.958628 0.036224 0.012795
v 0.958629 0.066330 0.012795
v 0.958628 0.066330 -0.012795
v 0.979732 0.036224 0.012795
v 0.979732 0.036224 -0.012795
v 0.979732 0.066330 -0.012795
v 0.979732 0.066330 0.012795
v 0.983453 0.038931 -0.012795
v 0.983453 0.038931 0.012795
v 0.983453 0.063624 -0.012795
v 0.983453 0.063624 0.012795
v 0.954908 0.038931 0.012795
v 0.954908 0.038931 -0.012795
v 0.954908 0.063624 0.012795
v 0.954908 0.063624 -0.012795
v 0.991741 0.036224 -0.012795
v 0.991741 0.036224 0.012795
v 0.991741 0.066330 0.012795
v 0.991741 0.066330 -0.012795
v 1.012844 0.036224 0.012795
v 1.012844 0.036224 -0.012795
v 1.012844 0.066330 -0.012795
v 1.012845 0.066330 0.012795
v 1.016565 0.038931 -0.012795
v 1.016565 0.038931 0.012795
v 1.016565 0.063624 -0.012795
v 1.016565 0.063624 0.012795
v 0.988020 0.038931 0.012795
v 0.988020 0.038931 -0.012795
v 0.988020 0.063624 0.012795
v 0.988020 0.063624 -0.012795
v 1.024853 0.036224 -0.012795
v 1.024853 0.036224 0.012795
v 1.024853 0.066330 0.012795
v 1.024853 0.066330 -0.012795
v 1.045957 0.036224 0.012795
v 1.045957 0.036224 -0.012795
v 1.045957 0.066330 -0.012795
v 1.045957 0.066330 0.012795
v 1.049677 0.038931 -0.012795
v 1.049677 0.038931 0.012795
v 1.049677 0.063624 -0.012795
v 1.049677 0.063624 0.012795
v 1.021132 0.038931 0.012795
v 1.021132 0.038931 -0.012795
v 1.021132 0.063624 0.012795
v 1.021132 0.063624 -0.012795
v 1.057965 0.036224 -0.012795
v 1.057965 0.036224 0.012795
v 1.057965 0.066330 0.012795
v 1.057965 0.066330 -0.012795
v 1.079069 0.036224 0.012795
v 1.079069 0.036224 -0.012795
v 1.079069 0.066330 -0.012795
v 1.079069 0.066330 0.012795
v 1.082790 0.038931 -0.012795
v 1.082790 0.038931 0.012795
v 1.082790 0.063624 -0.012795
v 1.082790 0.063624 0.012795
v 1.054245 0.038931 0.012795
v 1.054245 0.038931 -0.012795
v 1.054245 0.063624 0.012795
v 1.054245 0.063624 -0.012795
v 0.915272 0.051277 -0.016802
v 0.915272 0.063158 -0.011881
v 0.915272 0.068079 -0.000000
v 0.915272 0.063158 0.011880
v 0.915272 0.051277 0.016801
v 0.915272 0.039397 0.011880
v 0.915272 0.034476 -0.000000
v 0.915272 0.039397 -0.011881
v 0.915272 0.051277 -0.019047
v 0.915272 0.064745 -0.013468
v 0.915272 0.070324 -0.000000
v 0.915272 0.064745 0.013468
v 0.915272 0.051277 0.019046
v 0.915272 0.037809 0.013468
v 0.915272 0.032231 -0.000000
v 0.915272 0.037809 -0.013468
v 0.946308 0.051277 -0.019047
v 0.946308 0.064745 -0.013468
v 0.946308 0.070324 -0.000000
v 0.946308 0.064745 0.013468
v 0.946308 0.051277 0.019046
v 0.946308 0.037809 0.013468
v 0.946308 0.032231 -0.000000
v 0.946308 0.037809 -0.013468
v 0.946308 0.051277 -0.028166
v 0.946308 0.072713 -0.019916
v 0.946308 0.072713 0.019916
v 0.946308 0.051277 0.028165
v 0.946308 0.029841 0.019916
v 0.946308 0.029841 -0.019916
v 1.087343 0.051277 -0.028166
v 1.087342 0.072713 -0.019916
v 1.087343 0.072713 0.019916
v 1.087343 0.051277 0.028165
v 1.087343 0.029841 0.019916
v 1.087342 0.029841 -0.019916
v 1.087343 0.051277 -0.008364
v 1.087343 0.057191 -0.005914
v 1.087343 0.059641 -0.000000
v 1.087342 0.057191 0.005914
v 1.087343 0.051277 0.008364
v 1.087343 0.045363 0.005914
v 1.087343 0.042913 -0.000000
v 1.087343 0.045363 -0.005914
v 1.082790 0.051277 -0.028166
v 1.082790 0.036355 -0.022423
v 1.082790 0.066200 -0.022423
v 1.079069 0.069747 -0.021058
v 1.082790 0.066810 -0.022188
v 1.082790 0.035745 -0.022188
v 1.079069 0.032807 -0.021058
v 1.057965 0.069747 -0.021058
v 1.057965 0.032807 -0.021058
v 1.082790 0.045363 0.005914
v 1.082790 0.042913 -0.000000
v 1.082790 0.045363 -0.005914
v 1.082790 0.051277 -0.008364
v 1.082790 0.059641 -0.000000
v 1.082790 0.057191 0.005914
v 1.082790 0.051277 0.008364
v 1.082790 0.057191 -0.005914
v 1.057965 0.069747 0.021057
v 1.079069 0.069747 0.021057
v 1.082790 0.066810 0.022188
v 1.082790 0.036354 0.022423
v 1.082790 0.066200 0.022423
v 1.082790 0.035745 0.022188
v 1.079069 0.032807 0.021057
v 1.082790 0.051277 0.028165
v 1.057965 0.032807 0.021057
v 1.054245 0.036354 0.022423
v 1.054245 0.066200 0.022423
v 1.054245 0.051277 0.028165
v 1.054245 0.051277 -0.028166
v 1.054245 0.036355 -0.022423
v 1.054245 0.066200 -0.022423
v 1.049677 0.051277 -0.028166
v 1.049677 0.036355 -0.022423
v 1.049677 0.066200 -0.022423
v 1.054245 0.066810 -0.022188
v 1.049677 0.066810 -0.022188
v 1.054245 0.035745 -0.022188
v 1.045957 0.069747 -0.021058
v 1.049677 0.035745 -0.022188
v 1.054245 0.045363 0.005914
v 1.054245 0.042913 -0.000000
v 1.054245 0.051277 0.008364
v 1.054245 0.045363 -0.005914
v 1.054245 0.059641 -0.000000
v 1.054245 0.057191 0.005914
v 1.054245 0.051277 -0.008364
v 1.054245 0.057191 -0.005914
v 1.045957 0.032807 -0.021058
v 1.049677 0.059641 -0.000000
v 1.049677 0.057191 0.005914
v 1.049677 0.051277 0.008364
v 1.049677 0.057191 -0.005914
v 1.049677 0.045363 0.005914
v 1.049677 0.042913 -0.000000
v 1.049677 0.045363 -0.005914
v 1.049677 0.051277 -0.008364
v 1.054245 0.066810 0.022188
v 1.054245 0.035745 0.022188
v 1.049677 0.035745 0.022188
v 1.045957 0.032807 0.021057
v 1.045957 0.069747 0.021057
v 1.049677 0.036354 0.022423
v 1.049677 0.066810 0.022188
v 1.049677 0.066200 0.022423
v 1.024853 0.032807 0.021057
v 1.049677 0.051277 0.028165
v 1.021132 0.051277 -0.028166
v 1.021132 0.036355 -0.022423
v 1.021132 0.066200 -0.022423
v 1.024853 0.069747 -0.021058
v 1.016565 0.066810 -0.022188
v 1.021132 0.035745 -0.022188
v 1.024853 0.032807 -0.021058
v 1.021132 0.066810 -0.022188
v 1.016565 0.036355 -0.022423
v 1.016565 0.035745 -0.022188
v 1.016565 0.066200 -0.022423
v 1.021132 0.059641 -0.000000
v 1.021132 0.057191 0.005914
v 1.021132 0.051277 -0.008364
v 1.021132 0.057191 -0.005914
v 1.021132 0.045363 0.005914
v 1.021132 0.042913 -0.000000
v 1.021132 0.051277 0.008364
v 1.021132 0.045363 -0.005914
v 1.016565 0.059641 -0.000000
v 1.016565 0.057191 0.005914
v 1.016565 0.051277 0.008364
v 1.016565 0.057191 -0.005914
v 1.016565 0.045363 0.005914
v 1.016565 0.042913 -0.000000
v 1.016565 0.045363 -0.005914
v 1.016565 0.051277 -0.008364
v 1.024853 0.069747 0.021057
v 1.021132 0.066810 0.022188
v 1.021132 0.036355 0.022423
v 1.021132 0.035745 0.022188
v 1.021132 0.066200 0.022423
v 1.016565 0.036354 0.022423
v 1.016565 0.066810 0.022188
v 1.016565 0.066200 0.022423
v 1.021132 0.051277 0.028165
v 1.016565 0.035745 0.022188
v 1.016565 0.051277 0.028165
v 1.016565 0.051277 -0.028166
v 1.012844 0.069747 -0.021058
v 1.012844 0.032807 -0.021058
v 0.991741 0.069747 -0.021058
v 0.991740 0.032807 -0.021058
v 0.988020 0.059641 -0.000000
v 0.988020 0.057191 0.005914
v 0.988020 0.051277 -0.008364
v 0.988020 0.057191 -0.005914
v 0.988020 0.045363 0.005914
v 0.988020 0.042913 -0.000000
v 0.988020 0.051277 0.008364
v 0.988020 0.045363 -0.005914
v 1.012844 0.069747 0.021057
v 0.991741 0.069747 0.021057
v 0.991740 0.032807 0.021057
v 1.012844 0.032807 0.021057
v 0.988020 0.066810 0.022188
v 0.988020 0.035745 0.022188
v 0.988020 0.036355 0.022423
v 0.988020 0.066200 0.022423
v 0.988020 0.051277 0.028165
v 0.988020 0.066200 -0.022423
v 0.988020 0.051277 -0.028166
v 0.988020 0.036355 -0.022423
v 0.983453 0.066200 -0.022423
v 0.983453 0.051277 -0.028166
v 0.983453 0.036355 -0.022423
v 0.979732 0.069747 -0.021058
v 0.983453 0.066810 -0.022188
v 0.983453 0.035745 -0.022188
v 0.979732 0.032807 -0.021058
v 0.988020 0.066810 -0.022188
v 0.988020 0.035745 -0.022188
v 0.958628 0.032807 -0.021058
v 0.983453 0.045363 0.005914
v 0.983453 0.042913 -0.000000
v 0.983453 0.045363 -0.005914
v 0.983453 0.051277 -0.008364
v 0.983453 0.059641 -0.000000
v 0.983453 0.057191 0.005914
v 0.983453 0.051277 0.008364
v 0.983453 0.057191 -0.005914
v 0.958628 0.032807 0.021057
v 0.983453 0.035745 0.022188
v 0.979732 0.032807 0.021057
v 0.983453 0.036354 0.022423
v 0.983453 0.066810 0.022188
v 0.983453 0.066200 0.022423
v 0.979732 0.069747 0.021057
v 0.983453 0.051277 0.028165
v 0.958629 0.069747 -0.021058
v 0.954908 0.035745 -0.022188
v 0.954908 0.045363 0.005914
v 0.958629 0.069747 0.021057
v 0.954908 0.066810 0.022188
v 0.954908 0.051277 0.028165
v 0.954908 0.036355 0.022423
v 0.954908 0.066200 0.022423
v 0.954908 0.035745 0.022188
v 0.954908 0.066200 -0.022423
v 0.954908 0.051277 -0.028166
v 0.954908 0.036355 -0.022423
v 0.954908 0.066810 -0.022188
v 0.954908 0.057191 0.005914
v 0.921418 0.064745 0.013468
v 0.921418 0.060464 0.015241
v 0.936252 0.060464 0.015241
v 0.921418 0.037809 0.013468
v 0.921418 0.042091 0.015241
v 0.936252 0.064745 0.013468
v 0.921418 0.069008 0.003176
v 0.936252 0.037809 0.013468
v 0.936252 0.042091 0.015241
v 0.921418 0.033546 0.003176
v 0.936252 0.033546 0.003176
v 0.936252 0.069008 0.003176
v 0.936252 0.069008 -0.003176
v 0.921418 0.069008 -0.003176
v 0.921418 0.033546 -0.003176
v 0.936252 0.033546 -0.003176
v 0.921418 0.064745 -0.013468
v 0.921418 0.060464 -0.015241
v 0.921418 0.042091 -0.015241
v 0.921418 0.037809 -0.013468
v 0.936252 0.060464 -0.015241
v 0.936252 0.064745 -0.013468
v 0.936252 0.042091 -0.015241
v 0.936252 0.037809 -0.013468
v 0.954908 0.042913 -0.000000
v 0.954908 0.051277 0.008364
v 0.954908 0.045363 -0.005914
v 0.954908 0.059641 -0.000000
v 0.954908 0.051277 -0.008364
v 0.954908 0.057191 -0.005914
v -0.000806 0.020356 0.008810
v -0.000806 0.033486 0.008810
v -0.000806 0.020356 -0.008810
v -0.000806 0.033486 -0.008810
v 0.058829 0.020356 0.008810
v 0.058829 0.033486 0.008810
v 0.058829 0.020356 -0.008810
v 0.058829 0.033486 -0.008810
v -0.000806 0.020356 -0.000000
v -0.000806 0.029699 -0.000000
v 0.058829 0.020356 -0.000000
v 0.058829 0.029699 -0.000000
v 0.008538 -0.003774 0.008810
v 0.008538 -0.003774 -0.008810
v 0.049486 -0.003774 0.008810
v 0.049486 -0.003774 -0.008810
v 0.008538 -0.003774 -0.000000
v 0.049486 -0.003774 -0.000000
v 0.008538 -0.036795 0.008810
v 0.008538 -0.036795 -0.008810
v 0.049486 -0.036795 0.008810
v 0.049486 -0.036795 -0.008810
v 0.008538 -0.036795 0.000000
v 0.049486 -0.036795 -0.000000
v 0.008538 -0.043146 0.004771
v 0.008538 -0.043146 -0.004771
v 0.049486 -0.043146 0.004771
v 0.049486 -0.043146 -0.004771
v 0.008538 -0.043146 0.000000
v 0.049486 -0.043146 -0.000000
v 0.023851 -0.012077 0.008810
v 0.023851 -0.012077 -0.008810
v 0.045432 0.019880 -0.008810
v 0.045432 0.019880 0.008810
v 0.012592 0.019880 -0.008810
v 0.012592 0.019880 0.008810
v 0.019217 -0.009114 0.008810
v 0.019217 -0.009114 -0.008810
v 0.034173 -0.012077 0.008810
v 0.034173 -0.012077 -0.008810
v 0.009329 0.011211 -0.008810
v 0.009329 0.011211 0.008810
v 0.048695 0.016493 -0.008810
v 0.048695 0.016493 0.008810
v 0.016619 -0.003774 -0.008810
v 0.016619 -0.003774 0.008810
v 0.038807 -0.009114 0.008810
v 0.038807 -0.009114 -0.008810
v 0.009329 0.016493 -0.008810
v 0.009329 0.016493 0.008810
v 0.048695 0.011211 -0.008810
v 0.048695 0.011211 0.008810
v 0.041405 -0.003774 -0.008810
v 0.041405 -0.003774 0.008810
v 0.075043 0.052059 -0.024384
v -0.068322 0.052059 -0.024384
v 0.075043 0.069301 -0.017242
v 0.075043 0.076443 -0.000000
v -0.068322 0.076443 -0.000000
v 0.075043 0.069301 0.017242
v 0.075043 0.052059 0.024384
v -0.068322 0.052059 0.024384
v 0.075043 0.034817 0.017242
v 0.075043 0.027675 -0.000000
v -0.068322 0.027675 -0.000000
v 0.075043 0.034817 -0.017242
v 0.075043 0.052059 -0.021962
v 0.075043 0.067589 -0.015529
v -0.068322 0.052059 -0.021962
v 0.075043 0.074021 -0.000000
v -0.068322 0.074021 -0.000000
v 0.075043 0.067589 0.015529
v 0.075043 0.052059 0.021962
v -0.068322 0.052059 0.021962
v 0.075043 0.036530 0.015529
v 0.075043 0.030097 -0.000000
v -0.068322 0.030097 -0.000000
v 0.075043 0.036530 -0.015529
v -0.067549 0.044087 0.021082
v -0.067549 0.045246 0.019140
v -0.067549 0.058782 0.019177
v -0.067549 0.059982 0.021102
v -0.063470 0.067843 0.014915
v -0.063470 0.067589 0.015529
v -0.063470 0.069295 0.017245
v -0.063470 0.061781 0.017935
v -0.063470 0.062980 0.019860
v -0.063470 0.041097 0.019843
v -0.063470 0.042256 0.017901
v -0.041211 0.067843 0.014915
v -0.041211 0.069295 0.017245
v -0.041211 0.067589 0.015529
v -0.041211 0.061781 0.017935
v -0.041211 0.062980 0.019860
v -0.037132 0.058782 0.019177
v -0.037132 0.059981 0.021102
v -0.037132 0.044087 0.021082
v -0.037132 0.045246 0.019140
v -0.041211 0.041097 0.019843
v -0.041211 0.042256 0.017901
v 0.060119 0.058782 0.019177
v 0.060119 0.059981 0.021102
v 0.060119 0.044087 0.021082
v 0.060119 0.045246 0.019140
v 0.064198 0.061781 0.017935
v 0.064198 0.062980 0.019860
v 0.064198 0.041097 0.019843
v 0.064198 0.042256 0.017901
v -0.067549 0.069350 0.011277
v -0.067549 0.070805 0.013612
v -0.067549 0.033281 0.013534
v -0.067549 0.034711 0.011140
v -0.063470 0.036239 0.014827
v -0.037132 0.069350 0.011277
v -0.037132 0.070805 0.013612
v -0.041211 0.034817 0.017242
v -0.041211 0.036530 0.015529
v -0.041211 0.036239 0.014827
v -0.063470 0.034817 0.017242
v -0.063470 0.036530 0.015529
v 0.060119 0.069350 0.011277
v 0.060119 0.070805 0.013612
v -0.037132 0.033281 0.013534
v -0.037132 0.034711 0.011140
v 0.060119 0.033281 0.013534
v 0.060119 0.034711 0.011140
v 0.064198 0.067843 0.014915
v 0.064198 0.067589 0.015529
v 0.064197 0.069295 0.017245
v 0.064198 0.034817 0.017242
v 0.064198 0.036530 0.015529
v 0.064198 0.036239 0.014827
v -0.067549 0.070805 -0.013613
v -0.067549 0.069350 -0.011277
v -0.067549 0.034711 -0.011140
v -0.067549 0.033281 -0.013534
v -0.063479 0.069301 -0.017242
v -0.063470 0.067843 -0.014915
v -0.063470 0.042256 -0.017901
v -0.063470 0.041097 -0.019843
v -0.063470 0.036530 -0.015529
v -0.063470 0.036239 -0.014827
v -0.063470 0.034817 -0.017242
v -0.041202 0.069301 -0.017242
v -0.041211 0.067843 -0.014915
v -0.041211 0.067589 -0.015529
v -0.063470 0.067589 -0.015529
v -0.041211 0.062980 -0.019860
v -0.041211 0.061781 -0.017935
v -0.063470 0.062980 -0.019860
v -0.063470 0.061781 -0.017935
v -0.037132 0.070805 -0.013613
v -0.037132 0.069350 -0.011277
v -0.041211 0.042256 -0.017901
v -0.041211 0.041097 -0.019843
v -0.041211 0.036530 -0.015529
v -0.041211 0.036239 -0.014827
v -0.041211 0.034809 -0.017222
v -0.037132 0.034711 -0.011140
v -0.037132 0.033281 -0.013534
v 0.060119 0.070805 -0.013613
v 0.060119 0.069350 -0.011277
v 0.064189 0.069301 -0.017242
v 0.064198 0.067843 -0.014915
v 0.060119 0.034711 -0.011140
v 0.060119 0.033281 -0.013534
v 0.064198 0.067589 -0.015529
v 0.064198 0.062980 -0.019860
v 0.064198 0.061781 -0.017935
v 0.064197 0.036530 -0.015529
v 0.064198 0.036239 -0.014827
v 0.064198 0.034817 -0.017242
v 0.064198 0.042256 -0.017901
v 0.064198 0.041097 -0.019843
v -0.067549 0.045246 -0.019140
v -0.067549 0.044087 -0.021082
v -0.037132 0.045246 -0.019140
v -0.037132 0.044087 -0.021082
v 0.060119 0.045246 -0.019140
v 0.060119 0.044087 -0.021082
v -0.067549 0.059981 -0.021102
v -0.067549 0.058782 -0.019177
v -0.037132 0.059981 -0.021102
v -0.037132 0.058782 -0.019177
v 0.060119 0.059981 -0.021102
v 0.060119 0.058782 -0.019177
v 0.019373 -0.014740 0.003571
v 0.009730 0.008978 0.003571
v 0.019373 -0.014740 -0.003571
v 0.009730 0.008978 -0.003571
v 0.038650 -0.014740 0.003571
v 0.048294 0.008978 0.003571
v 0.038650 -0.014740 -0.003571
v 0.048294 0.008978 -0.003571
v -0.006149 -0.037360 0.002262
v -0.006149 -0.017192 0.002262
v -0.006149 -0.037360 -0.002262
v -0.006149 -0.017192 -0.002262
v 0.050179 -0.037360 0.002262
v 0.050179 -0.017192 0.002262
v 0.050179 -0.037360 -0.002262
v 0.050179 -0.017192 -0.002262
v -0.006149 -0.033186 0.005198
v -0.006149 -0.021366 0.005198
v -0.006149 -0.021366 -0.005198
v -0.006149 -0.033186 -0.005198
v 0.050179 -0.021366 -0.005198
v 0.050179 -0.033186 -0.005198
v 0.050179 -0.021366 0.005198
v 0.050179 -0.033186 0.005198
v -0.657315 0.015629 -0.012817
v -0.657315 0.015629 0.012817
v -0.655072 0.014334 -0.012817
v -0.655072 0.014334 0.012817
v -0.655072 0.011744 -0.012817
v -0.655072 0.011744 0.012817
v -0.657315 0.010449 -0.012817
v -0.657315 0.010449 0.012817
v -0.659558 0.011744 -0.012817
v -0.659558 0.011744 0.012817
v -0.659558 0.014334 -0.012817
v -0.659558 0.014334 0.012817
v -0.212945 0.051278 -0.030971
v -0.221255 0.051278 -0.030971
v -0.212945 0.073178 -0.021900
v -0.221255 0.073178 -0.021900
v -0.212945 0.082249 0.000000
v -0.221255 0.082249 0.000000
v -0.212945 0.073178 0.021900
v -0.221255 0.073178 0.021900
v -0.212945 0.051278 0.030971
v -0.221255 0.051278 0.030971
v -0.212945 0.029378 0.021900
v -0.221255 0.029378 0.021900
v -0.212945 0.020307 0.000000
v -0.221255 0.020307 0.000000
v -0.212945 0.029378 -0.021900
v -0.221255 0.029378 -0.021900
v -0.212945 0.051278 -0.029561
v -0.212945 0.072181 -0.020903
v -0.221255 0.072181 -0.020903
v -0.221255 0.051278 -0.029561
v -0.212945 0.080839 0.000000
v -0.221255 0.080839 0.000000
v -0.212945 0.072181 0.020903
v -0.221255 0.072181 0.020903
v -0.212945 0.051278 0.029561
v -0.221255 0.051278 0.029561
v -0.212945 0.030375 0.020903
v -0.221255 0.030375 0.020903
v -0.212945 0.021717 0.000000
v -0.221255 0.021717 0.000000
v -0.212945 0.030375 -0.020903
v -0.221255 0.030375 -0.020903
v -0.259504 0.020725 -0.017380
v -0.259504 0.020725 0.017380
v -0.254672 0.017935 -0.017380
v -0.254672 0.017935 0.017380
v -0.254672 0.012357 -0.017380
v -0.254672 0.012357 0.017380
v -0.259504 0.009567 -0.017380
v -0.259504 0.009567 0.017380
v -0.264335 0.012357 -0.017380
v -0.264335 0.012357 0.017380
v -0.264335 0.017935 -0.017380
v -0.264335 0.017935 0.017380
v 0.028683 -0.024304 -0.010041
v 0.028683 -0.024304 0.010041
v 0.030762 -0.025504 -0.010041
v 0.030762 -0.025504 0.010041
v 0.030762 -0.027905 -0.010041
v 0.030762 -0.027905 0.010041
v 0.028683 -0.029105 -0.010041
v 0.028683 -0.029105 0.010041
v 0.026604 -0.027905 -0.010041
v 0.026604 -0.027905 0.010041
v 0.026604 -0.025504 -0.010041
v 0.026604 -0.025504 0.010041
v -0.198097 0.014885 -0.003645
v -0.198097 0.084198 -0.003645
v -0.193889 0.014885 -0.003645
v -0.193889 0.084198 -0.003645
v -0.191784 0.014885 0.000000
v -0.191784 0.084198 -0.000000
v -0.193889 0.014885 0.003645
v -0.193889 0.084198 0.003645
v -0.198097 0.014885 0.003645
v -0.198097 0.084198 0.003645
v -0.200202 0.014885 0.000000
v -0.200202 0.084198 0.000000
v -0.198097 0.027705 -0.003645
v -0.198097 0.071379 -0.003645
v -0.193889 0.071378 -0.003645
v -0.193889 0.027705 -0.003645
v -0.191784 0.071378 0.000000
v -0.191784 0.027705 0.000000
v -0.193889 0.071378 0.003645
v -0.193889 0.027705 0.003645
v -0.198097 0.071379 0.003645
v -0.198097 0.027705 0.003645
v -0.200202 0.071378 0.000000
v -0.200202 0.027705 0.000000
v -0.468302 -0.092356 0.004851
v -0.472827 0.015347 0.004851
v -0.468302 -0.092356 -0.004851
v -0.472827 0.015347 -0.004851
v -0.458610 -0.091897 0.004851
v -0.464261 0.022751 0.004851
v -0.458610 -0.091897 -0.004851
v -0.464261 0.022751 -0.004851
v -0.463646 -0.098320 0.004851
v -0.463646 -0.098320 -0.004851
v -0.458345 -0.097514 0.004851
v -0.458345 -0.097514 -0.004851
v -0.304417 -0.063462 0.006260
v -0.308350 0.017964 0.006260
v -0.304417 -0.063462 -0.006260
v -0.308350 0.017964 -0.006260
v -0.304316 -0.069861 0.006260
v -0.304316 -0.069861 -0.006260
v -0.293643 -0.063292 0.006260
v -0.290655 -0.063244 0.003902
v -0.297561 0.018135 0.006260
v -0.294589 0.018182 0.003902
v -0.290655 -0.063244 -0.003902
v -0.293643 -0.063292 -0.006260
v -0.294589 0.018182 -0.003902
v -0.297561 0.018135 -0.006260
v -0.298174 -0.070260 0.003902
v -0.300951 -0.070080 0.006260
v -0.300951 -0.070080 -0.006260
v -0.298174 -0.070260 -0.003902
v -0.307505 0.000475 0.006260
v -0.307505 0.000475 -0.006260
v -0.293744 0.000692 -0.003902
v -0.296720 0.000645 -0.006260
v -0.296720 0.000645 0.006260
v -0.293744 0.000692 0.003902
v -0.308118 0.013167 0.006260
v -0.297331 0.013337 -0.006260
v -0.294357 0.013384 0.003902
v -0.308118 0.013167 -0.006260
v -0.294357 0.013384 -0.003902
v -0.297331 0.013337 0.006260
v -0.307914 0.008936 -0.006260
v -0.307710 0.004705 -0.006260
v -0.299031 0.009153 -0.003902
v -0.298827 0.004923 -0.003902
v -0.302006 0.009106 0.006260
v -0.301802 0.004876 0.006260
v -0.307710 0.004705 0.006260
v -0.307914 0.008936 0.006260
v -0.301802 0.004876 -0.006260
v -0.302006 0.009106 -0.006260
v -0.298827 0.004923 0.003902
v -0.299031 0.009153 0.003902
v -0.560997 -0.011882 0.004526
v -0.563241 -0.000470 0.004526
v -0.560997 -0.011882 -0.004526
v -0.563241 -0.000470 -0.004526
v -0.551080 -0.012284 0.004526
v -0.550066 -0.000872 0.004526
v -0.551080 -0.012284 -0.004526
v -0.550066 -0.000872 -0.004526
v -0.556369 -0.023208 0.004526
v -0.556369 -0.023208 -0.004526
v -0.549852 -0.021426 0.004526
v -0.549852 -0.021426 -0.004526
v -0.548682 -0.030282 0.004526
v -0.548682 -0.030282 -0.004526
v -0.545869 -0.028852 0.004526
v -0.545869 -0.028852 -0.004526
v -0.496703 -0.062968 0.006280
v -0.489846 -0.043891 0.010136
v -0.496703 -0.062968 -0.006279
v -0.489846 -0.043891 -0.010136
v -0.493693 -0.064050 0.006280
v -0.486836 -0.044973 0.010136
v -0.493693 -0.064050 -0.006279
v -0.486836 -0.044973 -0.010136
v -0.489121 -0.041876 0.005219
v -0.489121 -0.041876 -0.005219
v -0.486111 -0.042958 0.005219
v -0.486111 -0.042958 -0.005219
v -0.487922 -0.038538 0.005219
v -0.487922 -0.038538 -0.005219
v -0.484912 -0.039620 0.005219
v -0.484912 -0.039620 -0.005219
v -0.495487 -0.059585 0.010136
v -0.495487 -0.059585 -0.010136
v -0.492477 -0.060667 -0.010136
v -0.492477 -0.060667 0.010136
v -0.491918 -0.035360 0.005219
v -0.491918 -0.035360 -0.005219
v -0.481163 -0.036442 0.005219
v -0.481163 -0.036442 -0.005219
v -0.490999 -0.030562 0.005219
v -0.490999 -0.030562 -0.005219
v -0.480245 -0.031644 0.005219
v -0.480245 -0.031644 -0.005219
v -0.487681 -0.028935 0.005219
v -0.487681 -0.028935 -0.005219
v -0.482746 -0.029187 0.005219
v -0.482746 -0.029187 -0.005219
v 0.028683 -0.022486 -0.009684
v 0.028683 -0.022486 0.009684
v 0.032336 -0.024595 -0.009684
v 0.032336 -0.024595 0.009684
v 0.032336 -0.028814 -0.009684
v 0.032336 -0.028814 0.009684
v 0.028683 -0.030923 -0.009684
v 0.028683 -0.030923 0.009684
v 0.025029 -0.028814 -0.009684
v 0.025029 -0.028814 0.009684
v 0.025029 -0.024595 -0.009684
v 0.025029 -0.024595 0.009684
v -0.657315 0.018538 -0.012188
v -0.657315 0.018538 0.012188
v -0.652553 0.015788 -0.012188
v -0.652553 0.015788 0.012188
v -0.652553 0.010289 -0.012188
v -0.652553 0.010289 0.012188
v -0.657315 0.007540 -0.012188
v -0.657315 0.007540 0.012188
v -0.662077 0.010289 -0.012188
v -0.662077 0.010289 0.012188
v -0.662077 0.015788 -0.012188
v -0.662077 0.015788 0.012188
v -0.485899 -0.030083 -0.009296
v -0.485899 -0.030083 0.009297
v -0.482202 -0.032217 -0.009296
v -0.482202 -0.032217 0.009297
v -0.482202 -0.036486 -0.009296
v -0.482202 -0.036486 0.009297
v -0.485899 -0.038621 -0.009296
v -0.485899 -0.038621 0.009297
v -0.489596 -0.036486 -0.009296
v -0.489596 -0.036486 0.009297
v -0.489596 -0.032217 -0.009296
v -0.489596 -0.032217 0.009297
v -0.297723 0.016623 -0.029109
v -0.297723 0.016623 0.029109
v -0.293081 0.013943 -0.029109
v -0.293081 0.013943 0.029109
v -0.293081 0.008583 -0.029109
v -0.293081 0.008583 0.029109
v -0.297723 0.005903 -0.029109
v -0.297723 0.005903 0.029109
v -0.302365 0.008583 -0.029109
v -0.302365 0.008583 0.029109
v -0.302365 0.013943 -0.029109
v -0.302365 0.013943 0.029109
v -0.259504 0.018344 -0.018271
v -0.259504 0.018344 0.018271
v -0.256734 0.016745 -0.018271
v -0.256734 0.016745 0.018271
v -0.256734 0.013547 -0.018271
v -0.256734 0.013547 0.018271
v -0.259504 0.011948 -0.018271
v -0.259504 0.011948 0.018271
v -0.262273 0.013547 -0.018271
v -0.262273 0.013547 0.018271
v -0.262273 0.016745 -0.018271
v -0.262273 0.016745 0.018271
v -0.557407 0.009257 -0.012026
v -0.557407 0.009257 0.012026
v -0.553690 0.007111 -0.012026
v -0.553690 0.007111 0.012026
v -0.553690 0.002820 -0.012026
v -0.553690 0.002820 0.012026
v -0.557407 0.000674 -0.012026
v -0.557407 0.000674 0.012026
v -0.561123 0.002820 -0.012026
v -0.561123 0.002820 0.012026
v -0.561123 0.007111 -0.012026
v -0.561123 0.007111 0.012026
v -0.580041 0.013006 -0.012026
v -0.580041 0.013006 0.012026
v -0.576324 0.010860 -0.012026
v -0.576324 0.010860 0.012026
v -0.576324 0.006568 -0.012026
v -0.576324 0.006568 0.012026
v -0.580041 0.004422 -0.012026
v -0.580041 0.004422 0.012026
v -0.583758 0.006568 -0.012026
v -0.583758 0.006568 0.012026
v -0.583758 0.010860 -0.012026
v -0.583758 0.010860 0.012026
v -0.580041 0.014985 -0.012026
v -0.574610 0.011849 -0.012026
v -0.574610 0.005579 -0.012026
v -0.580041 0.002443 -0.012026
v -0.590732 0.005578 -0.012026
v -0.580041 0.014985 -0.014590
v -0.574610 0.011849 -0.014590
v -0.574610 0.005579 -0.014590
v -0.580041 0.002443 -0.014590
v -0.590732 0.005578 -0.014590
v -0.602514 0.005578 -0.012026
v -0.602514 0.011849 -0.012026
v -0.602514 0.005578 -0.014590
v -0.602514 0.011849 -0.014590
v -0.605107 0.006754 -0.012026
v -0.605107 0.010673 -0.012026
v -0.605107 0.006754 -0.012968
v -0.605107 0.010673 -0.012968
v -0.580041 0.012987 -0.016537
v -0.576340 0.010851 -0.016537
v -0.576340 0.006577 -0.016537
v -0.580041 0.004441 -0.016537
v -0.587420 0.006577 -0.016537
v -0.587420 0.010850 -0.016537
v -0.590732 0.011849 -0.012026
v -0.590732 0.011849 -0.014590
v 0.927194 0.061428 0.007931
v 0.930242 0.061428 0.007931
v 0.931766 0.061428 0.010571
v 0.930242 0.061428 0.013210
v 0.927194 0.061428 0.013210
v 0.925670 0.061428 0.010571
v 0.927194 0.061428 -0.007931
v 0.930242 0.061428 -0.007931
v 0.931766 0.061428 -0.010571
v 0.930242 0.061428 -0.013211
v 0.927194 0.061428 -0.013211
v 0.925670 0.061428 -0.010571
v 0.927194 0.054661 -0.007931
v 0.930243 0.054661 -0.007931
v 0.931766 0.054661 -0.010571
v 0.930243 0.054661 -0.013211
v 0.927194 0.054661 -0.013211
v 0.925670 0.054661 -0.010571
v 0.927194 0.054661 0.007931
v 0.930242 0.054661 0.007931
v 0.931766 0.054661 0.010571
v 0.930242 0.054661 0.013210
v 0.927194 0.054661 0.013210
v 0.925670 0.054661 0.010571
v -0.773021 -0.013421 0.007007
v -0.773021 -0.013421 -0.007007
v -0.761627 -0.004156 -0.006990
v -0.755428 -0.006682 -0.005940
v -0.753967 -0.011487 0.000000
v -0.755428 -0.006682 0.005940
v -0.761627 -0.004156 0.006990
v -0.767827 -0.001630 0.005940
v -0.767827 -0.001630 -0.005940
v -0.769633 -0.005105 -0.007007
v -0.772321 -0.004010 0.000000
v -0.769633 -0.005105 0.007007
v -0.763144 -0.007748 0.009909
v -0.756655 -0.010392 0.007007
v -0.756655 -0.010392 -0.007007
v -0.763144 -0.007748 -0.009909
v -0.775709 -0.012325 0.000000
v -0.768125 -0.002684 0.003097
v -0.763202 0.009399 0.003097
v -0.756042 -0.007607 0.003097
v -0.751119 0.004476 0.003097
v -0.759762 0.011275 0.003097
v -0.752269 0.008222 0.003097
v -0.765791 -0.003635 0.005922
v -0.768125 -0.002684 0.003852
v -0.760859 0.008444 0.005922
v -0.763202 0.009399 0.003852
v -0.756042 -0.007607 0.003852
v -0.758376 -0.006656 0.005922
v -0.751119 0.004476 0.003852
v -0.753462 0.005430 0.005922
v -0.759762 0.011275 0.003852
v -0.757404 0.010314 0.005922
v -0.754626 0.009182 0.005922
v -0.752269 0.008222 0.003852
v -0.768125 -0.002684 -0.003097
v -0.763202 0.009399 -0.003097
v -0.756042 -0.007607 -0.003097
v -0.751119 0.004476 -0.003097
v -0.759762 0.011275 -0.003097
v -0.752269 0.008222 -0.003097
v -0.765791 -0.003635 -0.005922
v -0.768125 -0.002684 -0.003851
v -0.760859 0.008444 -0.005922
v -0.763202 0.009399 -0.003851
v -0.756042 -0.007607 -0.003851
v -0.758376 -0.006656 -0.005922
v -0.751119 0.004476 -0.003851
v -0.753462 0.005430 -0.005922
v -0.759762 0.011275 -0.003851
v -0.757404 0.010314 -0.005922
v -0.754626 0.009182 -0.005922
v -0.752269 0.008222 -0.003851
v -0.782471 -0.070185 -0.005660
v -0.782471 -0.070185 0.005660
v -0.792954 -0.065914 -0.005660
v -0.789437 -0.072282 -0.008005
v -0.784195 -0.074417 -0.005660
v -0.782024 -0.075302 0.000000
v -0.784195 -0.074417 0.005660
v -0.789437 -0.072282 0.008005
v -0.794679 -0.070146 0.005660
v -0.796850 -0.069261 0.000000
v -0.794679 -0.070146 -0.005660
v -0.790924 -0.075933 -0.005056
v -0.787613 -0.077282 -0.003575
v -0.786242 -0.077841 0.000000
v -0.787613 -0.077282 0.003576
v -0.790924 -0.075933 0.005057
v -0.794236 -0.074584 0.003576
v -0.795607 -0.074025 0.000000
v -0.794236 -0.074584 -0.003575
v -0.796428 -0.089440 -0.005056
v -0.793116 -0.090789 -0.003575
v -0.791745 -0.091348 0.000000
v -0.793116 -0.090789 0.003576
v -0.796428 -0.089440 0.005057
v -0.799739 -0.088091 0.003576
v -0.801110 -0.087532 0.000000
v -0.799739 -0.088091 -0.003575
v -0.797546 -0.092184 -0.003602
v -0.795187 -0.093145 -0.002547
v -0.794210 -0.093543 0.000000
v -0.795187 -0.093145 0.002547
v -0.797546 -0.092184 0.003602
v -0.799904 -0.091223 0.002547
v -0.800881 -0.090825 0.000000
v -0.799904 -0.091223 -0.002547
v -0.822155 0.051945 -0.008449
v -0.822155 0.069943 -0.008449
v -0.814838 0.051945 -0.004224
v -0.814838 0.069943 -0.004224
v -0.814838 0.051945 0.004225
v -0.814838 0.069943 0.004225
v -0.822155 0.051945 0.008449
v -0.822155 0.069943 0.008449
v -0.829472 0.051945 0.004225
v -0.829472 0.069943 0.004225
v -0.829472 0.051945 -0.004224
v -0.829472 0.069943 -0.004224
v -0.729587 -0.115102 -0.007526
v -0.729587 -0.115102 0.007526
v -0.726219 -0.116427 -0.007526
v -0.726219 -0.116427 0.007526
v -0.725682 -0.120008 -0.007526
v -0.725682 -0.120008 0.007526
v -0.728514 -0.122262 -0.007526
v -0.728514 -0.122262 0.007526
v -0.731883 -0.120937 -0.007526
v -0.731883 -0.120937 0.007526
v -0.732420 -0.117357 -0.007526
v -0.732420 -0.117357 0.007526
v -0.863019 -0.049699 -0.009681
v -0.863019 -0.049699 0.009681
v -0.858960 -0.053278 -0.009681
v -0.858960 -0.053278 0.009681
v -0.860030 -0.058584 -0.009681
v -0.860030 -0.058584 0.009681
v -0.865160 -0.060310 -0.009681
v -0.865160 -0.060310 0.009681
v -0.869219 -0.056730 -0.009681
v -0.869219 -0.056730 0.009681
v -0.868149 -0.051425 -0.009681
v -0.868149 -0.051425 0.009681
v -0.796856 -0.082958 0.009243
v -0.796856 -0.082958 0.012999
v -0.792454 -0.084022 0.009243
v -0.792454 -0.084022 0.012999
v -0.791174 -0.088366 0.009243
v -0.791174 -0.088366 0.012999
v -0.794297 -0.091646 0.009243
v -0.794297 -0.091646 0.012999
v -0.798698 -0.090582 0.009243
v -0.798698 -0.090582 0.012999
v -0.799978 -0.086238 0.009243
v -0.799978 -0.086238 0.012999
v -0.796856 -0.082958 -0.009243
v -0.796856 -0.082958 -0.012999
v -0.792454 -0.084022 -0.009243
v -0.792454 -0.084022 -0.012999
v -0.791174 -0.088366 -0.009243
v -0.791174 -0.088366 -0.012999
v -0.794297 -0.091646 -0.009243
v -0.794297 -0.091646 -0.012999
v -0.798698 -0.090582 -0.009243
v -0.798698 -0.090582 -0.012999
v -0.799978 -0.086238 -0.009243
v -0.799978 -0.086238 -0.012999
v -0.863466 -0.051915 -0.010246
v -0.863466 -0.051915 0.010247
v -0.861103 -0.053999 -0.010246
v -0.861103 -0.053999 0.010247
v -0.861726 -0.057089 -0.010246
v -0.861726 -0.057089 0.010247
v -0.864713 -0.058094 -0.010246
v -0.864713 -0.058094 0.010247
v -0.867077 -0.056009 -0.010246
v -0.867077 -0.056009 0.010247
v -0.866453 -0.052920 -0.010246
v -0.866453 -0.052920 0.010247
v -0.796167 -0.085294 -0.013574
v -0.796167 -0.085294 0.013574
v -0.794133 -0.085786 -0.013574
v -0.794133 -0.085786 0.013574
v -0.793542 -0.087793 -0.013574
v -0.793542 -0.087793 0.013574
v -0.794985 -0.089309 -0.013574
v -0.794985 -0.089309 0.013574
v -0.797019 -0.088818 -0.013574
v -0.797019 -0.088818 0.013574
v -0.797610 -0.086810 -0.013574
v -0.797610 -0.086810 0.013574
v -0.875785 0.011948 -0.017133
v -0.875785 0.011948 0.017133
v -0.872068 0.009802 -0.017133
v -0.872068 0.009802 0.017133
v -0.872068 0.005510 -0.017133
v -0.872068 0.005510 0.017133
v -0.875785 0.003364 -0.017133
v -0.875785 0.003364 0.017133
v -0.879501 0.005510 -0.017133
v -0.879501 0.005510 0.017133
v -0.879501 0.009802 -0.017133
v -0.879501 0.009802 0.017133
v -0.875785 0.039930 -0.017133
v -0.875785 0.039930 0.017133
v -0.872068 0.037784 -0.017133
v -0.872068 0.037784 0.017133
v -0.872068 0.033492 -0.017133
v -0.872068 0.033492 0.017133
v -0.875785 0.031346 -0.017133
v -0.875785 0.031346 0.017133
v -0.879501 0.033492 -0.017133
v -0.879501 0.033492 0.017133
v -0.879501 0.037784 -0.017133
v -0.879501 0.037784 0.017133
v -0.875785 0.067912 -0.017133
v -0.875785 0.067912 0.017133
v -0.872068 0.065766 -0.017133
v -0.872068 0.065766 0.017133
v -0.872068 0.061474 -0.017133
v -0.872068 0.061474 0.017133
v -0.875785 0.059328 -0.017133
v -0.875785 0.059328 0.017133
v -0.879501 0.061474 -0.017133
v -0.879501 0.061474 0.017133
v -0.879501 0.065766 -0.017133
v -0.879501 0.065766 0.017133
v -0.822155 0.055035 -0.021325
v -0.822155 0.066853 -0.021325
v -0.807076 0.055035 -0.015079
v -0.807076 0.066853 -0.015079
v -0.800830 0.055035 0.000000
v -0.800830 0.066853 0.000000
v -0.807076 0.055035 0.015079
v -0.807076 0.066853 0.015079
v -0.822155 0.055035 0.021325
v -0.822155 0.066853 0.021325
v -0.837234 0.055035 0.015079
v -0.837234 0.066853 0.015079
v -0.843480 0.055035 0.000000
v -0.843480 0.066853 0.000000
v -0.837234 0.055035 -0.015079
v -0.837234 0.066853 -0.015079
v -0.822155 0.056505 -0.022610
v -0.822155 0.065383 -0.022610
v -0.806167 0.065383 -0.015988
v -0.806167 0.056505 -0.015988
v -0.799545 0.065383 0.000000
v -0.799545 0.056505 0.000000
v -0.806167 0.065383 0.015988
v -0.806167 0.056505 0.015988
v -0.822155 0.065383 0.022610
v -0.822155 0.056505 0.022610
v -0.838143 0.065383 0.015988
v -0.838143 0.056505 0.015988
v -0.844765 0.065383 0.000000
v -0.844765 0.056505 0.000000
v -0.838143 0.065383 -0.015988
v -0.838143 0.056505 -0.015988
v -0.736807 0.094367 -0.002423
v -0.736807 0.100713 -0.002423
v -0.733634 0.094367 -0.002423
v -0.733634 0.100713 -0.002423
v -0.732047 0.094367 0.000325
v -0.732047 0.100713 0.000325
v -0.733634 0.094367 0.003073
v -0.733634 0.100713 0.003073
v -0.736807 0.094367 0.003073
v -0.736807 0.100713 0.003073
v -0.738393 0.094367 0.000325
v -0.738393 0.100713 0.000325
v -0.852565 0.094367 -0.002423
v -0.852565 0.100713 -0.002423
v -0.849392 0.094367 -0.002423
v -0.849392 0.100713 -0.002423
v -0.847805 0.094367 0.000325
v -0.847805 0.100713 0.000325
v -0.849392 0.094367 0.003073
v -0.849392 0.100713 0.003073
v -0.852565 0.094367 0.003073
v -0.852565 0.100713 0.003073
v -0.854151 0.094367 0.000325
v -0.854151 0.100713 0.000325
v -0.841692 0.069900 -0.002603
v -0.841692 0.075912 -0.002603
v -0.838686 0.069900 -0.002603
v -0.838686 0.075912 -0.002603
v -0.837183 0.069900 0.000000
v -0.837183 0.075912 0.000000
v -0.838686 0.069900 0.002603
v -0.838686 0.075912 0.002603
v -0.841692 0.069900 0.002603
v -0.841692 0.075912 0.002603
v -0.843195 0.069900 0.000000
v -0.843195 0.075912 0.000000
v -0.842556 0.075912 -0.004099
v -0.837823 0.075912 -0.004099
v -0.835457 0.075912 0.000000
v -0.837823 0.075912 0.004099
v -0.842556 0.075912 0.004099
v -0.844922 0.075912 0.000000
v -0.842556 0.078014 -0.004099
v -0.837823 0.078014 -0.004099
v -0.835457 0.078014 0.000000
v -0.837823 0.078014 0.004099
v -0.842556 0.078014 0.004099
v -0.844922 0.078014 0.000000
v -0.871343 0.069900 -0.002603
v -0.871343 0.075912 -0.002603
v -0.868337 0.069900 -0.002603
v -0.868337 0.075912 -0.002603
v -0.866834 0.069900 0.000000
v -0.866834 0.075912 0.000000
v -0.868337 0.069900 0.002603
v -0.868337 0.075912 0.002603
v -0.871343 0.069900 0.002603
v -0.871343 0.075912 0.002603
v -0.872846 0.069900 0.000000
v -0.872846 0.075912 0.000000
v -0.872206 0.075912 -0.004099
v -0.867474 0.075912 -0.004099
v -0.865107 0.075912 0.000000
v -0.867474 0.075912 0.004099
v -0.872206 0.075912 0.004099
v -0.874573 0.075912 0.000000
v -0.872206 0.078014 -0.004099
v -0.867474 0.078014 -0.004099
v -0.865107 0.078014 0.000000
v -0.867474 0.078014 0.004099
v -0.872206 0.078014 0.004099
v -0.874573 0.078014 0.000000
v 0.921253 0.045363 0.005914
v 0.921252 0.057191 0.005914
v 0.921253 0.042913 -0.000000
v 0.921253 0.051277 0.008364
v 0.921253 0.045363 -0.005914
v 0.921253 0.059641 -0.000000
v 0.921253 0.051277 -0.008364
v 0.921253 0.057191 -0.005914
vn 0.4045 -0.9146 -0.0000
vn -0.0000 -0.0000 -1.0000
vn -0.9097 0.4153 -0.0000
vn -0.0000 -0.0000 1.0000
vn 0.7113 0.7029 -0.0000
vn -0.7113 -0.7029 -0.0000
vn -0.9988 -0.0499 -0.0000
vn -0.0618 -0.9981 -0.0000
vn 0.7113 0.7029 0.0001
vn 0.9880 -0.1545 -0.0000
vn -0.1855 -0.9826 -0.0000
vn -0.1856 -0.9826 -0.0000
vn 0.9396 0.3422 -0.0000
vn -0.9575 -0.2883 -0.0000
vn -0.9997 0.0228 -0.0000
vn -0.1427 0.9898 -0.0000
vn -0.9848 -0.1738 -0.0000
vn 0.3534 0.9355 -0.0000
vn -0.2997 -0.9540 -0.0000
vn 0.0109 -0.9999 -0.0000
vn -0.9039 0.4278 -0.0000
vn -0.4278 -0.9039 -0.0000
vn 0.4278 0.9039 -0.0000
vn 0.9039 -0.4278 -0.0000
vn 0.1348 -0.9909 -0.0000
vn 0.8518 0.5238 -0.0000
vn 0.9055 -0.4244 -0.0000
vn -0.4244 -0.9055 -0.0000
vn 0.4217 0.9067 -0.0000
vn 0.4244 0.9055 -0.0000
vn -0.9055 0.4244 -0.0000
vn -0.2848 0.9586 -0.0000
vn -0.9189 -0.3944 -0.0000
vn -0.4243 -0.9055 -0.0000
vn -0.4217 -0.9068 -0.0000
vn -0.8649 -0.5020 -0.0000
vn -0.8649 -0.5019 -0.0000
vn -0.8648 -0.5022 -0.0000
vn 0.1673 -0.9859 -0.0000
vn 0.8648 0.5022 -0.0000
vn 0.8647 0.5023 -0.0000
vn -0.1673 0.9859 -0.0000
vn -0.1674 0.9859 -0.0000
vn -0.5733 0.2687 -0.7740
vn -0.5733 0.2687 -0.7741
vn -0.5730 0.2686 -0.7743
vn 0.5735 -0.2688 0.7738
vn 0.5733 -0.2687 0.7741
vn 0.5733 -0.2687 0.7740
vn 0.5736 -0.2688 0.7738
vn 0.7355 -0.3447 0.5832
vn 0.7355 -0.3448 0.5832
vn 0.7356 -0.3448 0.5832
vn 0.7356 -0.3447 0.5832
vn -0.7356 0.3448 0.5832
vn 0.7355 -0.3448 -0.5832
vn 0.7356 -0.3448 -0.5832
vn 0.5735 -0.2688 -0.7738
vn 0.5737 -0.2689 -0.7737
vn 0.5733 -0.2687 -0.7741
vn 0.1672 -0.9859 -0.0000
vn -0.8648 -0.5020 -0.0000
vn 0.7355 -0.3447 -0.5832
vn 0.7356 -0.3447 -0.5832
vn -0.5733 0.2687 0.7740
vn -0.5734 0.2687 0.7740
vn -0.5733 0.2687 0.7741
vn -0.5729 0.2685 0.7744
vn -0.5730 0.2686 0.7743
vn -0.7356 0.3448 -0.5832
vn -0.7356 0.3447 -0.5832
vn 0.8646 0.5024 -0.0000
vn 0.1671 -0.9859 -0.0000
vn -0.1675 0.9859 -0.0000
vn -0.5734 0.2687 -0.7740
vn -0.5729 0.2685 -0.7744
vn 0.5737 -0.2689 0.7736
vn 0.5738 -0.2689 0.7736
vn -0.7355 0.3447 0.5832
vn -0.7356 0.3447 0.5832
vn 0.5733 -0.2687 -0.7740
vn 0.1670 -0.9859 -0.0000
vn -0.7355 0.3448 -0.5832
vn 0.8932 -0.4497 -0.0000
vn 0.4612 0.8873 -0.0000
vn -0.4612 -0.8873 -0.0000
vn -0.8932 0.4497 -0.0000
vn -0.1107 0.9939 -0.0000
vn -0.8643 -0.5030 -0.0000
vn 0.3544 -0.1444 -0.9239
vn 0.8556 -0.3486 -0.3827
vn 0.8556 -0.3486 0.3827
vn 0.3544 -0.1444 0.9239
vn -0.3544 0.1444 0.9239
vn -0.8556 0.3486 0.3827
vn 0.3773 0.9261 -0.0000
vn -0.8556 0.3486 -0.3827
vn -0.3544 0.1444 -0.9239
vn -0.3773 -0.9261 -0.0000
vn 0.8556 -0.3485 0.3827
vn 0.8556 -0.3485 -0.3827
vn 0.5521 0.8338 -0.0000
vn 0.9981 -0.0613 -0.0000
vn 0.4460 -0.8950 -0.0000
vn -0.5521 -0.8338 -0.0000
vn -0.9981 0.0613 -0.0000
vn -0.4460 0.8950 -0.0000
vn 0.5521 0.8337 -0.0000
vn -0.5521 -0.8337 -0.0000
vn -0.4460 0.8951 -0.0000
vn 1.0000 -0.0000 -0.0000
vn 0.9717 0.2364 -0.0000
vn -1.0000 -0.0000 -0.0000
vn 0.7071 0.7071 -0.0000
vn -0.0000 1.0000 -0.0000
vn -0.0000 -1.0000 -0.0000
vn -0.0000 -0.6322 0.7748
vn 0.9997 -0.0246 -0.0000
vn 0.6819 -0.7315 -0.0000
vn 0.9474 0.3199 -0.0000
vn -0.6819 -0.7315 -0.0000
vn -0.0000 0.6278 -0.7784
vn 0.9983 0.0585 -0.0000
vn 0.0011 -0.0016 -1.0000
vn 0.0015 -0.0016 -1.0000
vn 0.0003 -0.0011 -1.0000
vn -0.0000 -0.6322 -0.7748
vn -0.0000 0.6278 0.7784
vn -0.0000 0.0001 1.0000
vn -0.0076 -0.8302 0.5575
vn -0.0000 0.3619 0.9322
vn -0.9999 -0.0158 -0.0000
vn -0.8227 -0.0037 0.5685
vn -0.8227 0.0004 0.5685
vn -0.8227 -0.0074 0.5685
vn -0.8227 -0.0077 0.5685
vn -0.8227 -0.0000 0.5685
vn -0.8227 -0.0096 0.5684
vn 1.0000 0.0002 -0.0000
vn 0.6946 -0.7194 -0.0000
vn 0.6949 -0.7191 -0.0000
vn 0.6950 -0.7190 -0.0000
vn 0.5847 0.2939 0.7562
vn 0.5839 0.2939 0.7567
vn 0.5832 0.2940 0.7573
vn 0.6061 0.0006 0.7954
vn 0.6043 0.0002 0.7968
vn 0.6032 -0.0000 0.7976
vn 0.7298 -0.5503 0.4057
vn 0.7276 -0.5530 0.4059
vn 0.7269 -0.5538 0.4060
vn -0.0000 -0.8065 -0.5912
vn -0.0000 0.3619 -0.9322
vn -0.8227 -0.0037 -0.5685
vn -0.8227 -0.0074 -0.5685
vn -0.8227 0.0005 -0.5685
vn -0.8227 -0.0077 -0.5684
vn -0.8227 -0.0096 -0.5684
vn -0.8227 -0.0000 -0.5685
vn 0.5848 0.2938 -0.7561
vn 0.5839 0.2939 -0.7567
vn 0.5853 0.2938 -0.7557
vn 0.6061 0.0006 -0.7954
vn 0.6043 0.0002 -0.7968
vn 0.6072 0.0008 -0.7945
vn 0.7298 -0.5503 -0.4057
vn 0.7276 -0.5530 -0.4059
vn 0.7305 -0.5494 -0.4056
vn -0.0066 0.8597 -0.5108
vn -0.0000 0.9999 0.0149
vn -0.0000 -0.9995 0.0306
vn -0.0038 -0.0236 -0.9997
vn -0.0020 -0.0240 -0.9997
vn -0.0045 -0.0218 -0.9998
vn 0.0189 0.4193 0.9077
vn -0.9678 0.0188 -0.2509
vn -0.9784 0.1287 -0.1620
vn 0.5427 -0.8399 0.0085
vn -0.9651 0.2610 -0.0239
vn 0.9061 0.0422 -0.4209
vn 0.9938 0.0944 0.0584
vn -0.9584 0.2785 -0.0630
vn 0.5207 -0.8316 0.1931
vn 0.9018 -0.0213 -0.4316
vn 0.9999 -0.0000 0.0168
vn 0.9999 -0.0000 0.0167
vn -0.9996 0.0248 0.0165
vn -0.9922 0.0002 -0.1249
vn -0.0042 -0.0343 -0.9994
vn 0.7185 -0.6956 -0.0000
vn 0.7185 -0.6956 0.0014
vn 0.0725 0.3713 0.9257
vn 0.4460 0.0110 0.8950
vn 0.2548 -0.7984 0.5455
vn -0.0281 0.9994 0.0182
vn -0.0282 0.9994 0.0178
vn -0.0281 0.9994 0.0183
vn 0.0022 -0.9905 0.1374
vn -0.0123 0.8334 0.5525
vn -0.0016 -0.3476 0.9376
vn -0.0021 0.9983 -0.0582
vn -0.0000 -0.9995 -0.0306
vn -0.0035 -0.0540 0.9985
vn 0.2107 0.3584 -0.9095
vn -0.9894 0.0001 0.1452
vn -0.9784 0.1287 0.1620
vn 0.4667 -0.8844 0.0093
vn -0.9651 0.2610 0.0239
vn 0.9061 0.0422 0.4209
vn 0.9999 -0.0000 -0.0167
vn 0.9860 0.1624 0.0375
vn 0.5207 -0.8316 -0.1931
vn 0.9301 -0.0000 0.3672
vn 0.9999 -0.0000 -0.0168
vn -0.9996 0.0248 -0.0165
vn 0.8628 0.5055 -0.0000
vn 0.0025 -0.0176 0.9998
vn 0.7185 -0.6956 -0.0014
vn 0.5657 0.2701 -0.7792
vn 0.0775 0.0334 -0.9964
vn 0.2548 -0.7984 -0.5455
vn -0.0281 0.9994 -0.0182
vn -0.0282 0.9994 -0.0178
vn -0.0282 0.9994 -0.0177
vn 0.0022 -0.9905 -0.1374
vn -0.6946 -0.6395 0.3294
vn -0.0000 -0.8890 0.4579
vn -0.0034 -0.3259 -0.9454
vn -0.0034 -0.3287 -0.9444
vn -0.0034 -0.3255 -0.9455
vn -0.6946 0.6395 -0.3294
vn 0.6577 0.6697 -0.3449
vn 0.6577 0.6697 -0.3450
vn 0.6577 -0.6697 0.3450
vn -0.0000 0.8890 -0.4579
vn -0.0035 0.8976 -0.4408
vn -0.0034 0.9063 0.4226
vn -0.0000 -0.8052 0.5931
vn -0.0000 -0.8052 -0.5931
vn -0.0000 0.9743 -0.2254
vn -0.7071 -0.6889 0.1594
vn -0.0000 0.8575 0.5145
vn -0.0000 -0.9743 0.2254
vn 0.8467 0.5183 -0.1199
vn -0.0000 0.7003 -0.7138
vn -0.0000 0.7004 0.7138
vn -0.0000 0.7004 -0.7138
vn -0.0000 0.7003 0.7138
vn -0.5272 0.8498 -0.0000
vn 0.4610 0.8874 -0.0000
vn 0.4556 0.8902 -0.0000
vn 0.4557 0.8901 -0.0000
vn 0.4506 0.8927 -0.0000
vn -0.0000 -0.7085 -0.7057
vn -0.0000 -0.7085 0.7057
vn -0.5355 0.8445 -0.0000
vn -0.5420 0.8404 -0.0000
vn 0.4503 0.8929 -0.0000
vn -0.5323 0.8465 -0.0000
vn -0.5414 0.8408 -0.0000
vn -0.7407 0.6718 -0.0000
vn -0.6624 -0.7492 -0.0000
vn 0.6624 -0.7492 -0.0000
vn 0.5650 -0.8251 -0.0000
vn -0.0411 -0.9992 -0.0000
vn -0.5485 -0.8362 -0.0000
vn 0.6624 0.7492 -0.0000
vn 0.7210 0.6930 -0.0000
vn -0.5485 0.8362 -0.0000
vn -0.6624 0.7492 -0.0000
vn 0.9785 0.2064 -0.0000
vn -0.7407 -0.6718 -0.0000
vn 0.5649 0.8251 -0.0000
vn 0.5611 -0.8277 -0.0000
vn -0.0000 0.3827 -0.9239
vn -0.0000 0.9239 -0.3827
vn -0.0000 0.9239 0.3827
vn -0.0000 0.3827 0.9239
vn -0.0000 -0.3827 0.9239
vn -0.0000 -0.9239 0.3827
vn -0.0000 -0.9239 -0.3827
vn -0.0000 -0.3827 -0.9239
vn -1.0000 0.0001 0.0001
vn -0.6059 -0.3044 -0.7350
vn -1.0000 0.0001 -0.0001
vn -0.6059 -0.7350 0.3044
vn -0.6059 0.3044 0.7350
vn -0.6059 0.7350 -0.3044
vn -0.6059 -0.7350 -0.3044
vn -0.6059 -0.3044 0.7350
vn -0.6059 0.7350 0.3044
vn -0.6059 0.3044 -0.7350
vn 0.4327 -0.8329 -0.3450
vn 0.4327 -0.3450 0.8329
vn 0.4327 0.8329 0.3450
vn 0.4327 0.3450 -0.8329
vn 0.4327 -0.3450 -0.8329
vn 0.4327 -0.8329 0.3450
vn 0.4327 0.3450 0.8329
vn 0.4327 0.8329 -0.3450
vn 1.0000 -0.0001 -0.0000
vn 1.0000 -0.0000 0.0001
vn 1.0000 -0.0000 -0.0001
vn -0.3305 -0.3612 0.8720
vn -1.0000 0.0015 -0.0006
vn -1.0000 0.0010 -0.0011
vn -0.3305 0.8720 0.3612
vn -0.3305 0.3612 -0.8720
vn -0.3305 -0.3612 -0.8720
vn -0.3305 -0.8720 0.3612
vn -0.3305 0.3612 0.8720
vn -0.2841 -0.8858 0.3669
vn -0.2841 0.8858 0.3669
vn -0.2841 0.3669 -0.8858
vn -0.2841 -0.8858 -0.3669
vn -0.2841 -0.3669 0.8858
vn -0.2841 0.3669 0.8858
vn -0.2841 0.8858 -0.3669
vn -0.2841 -0.3669 -0.8858
vn -0.9966 -0.0762 -0.0316
vn 0.0379 0.9232 0.3824
vn -0.9966 -0.0316 0.0762
vn -0.9966 -0.0316 0.0763
vn -0.9966 0.0316 0.0762
vn -0.9966 0.0762 -0.0316
vn -0.9966 -0.0316 -0.0762
vn -0.9966 -0.0316 -0.0763
vn -0.9966 -0.0762 0.0316
vn -0.9966 -0.0763 0.0316
vn -0.9966 0.0762 0.0316
vn -0.9966 0.0316 -0.0762
vn 0.1366 0.3791 -0.9152
vn 0.5114 -0.2927 -0.8079
vn 0.1185 -0.3800 0.9174
vn 0.0605 0.2570 0.9645
vn -0.1991 -0.9054 -0.3750
vn 0.1366 -0.3791 -0.9152
vn -0.0000 -0.2815 0.9596
vn -1.0000 0.0006 -0.0015
vn -1.0000 0.0008 -0.0013
vn -1.0000 0.0004 -0.0015
vn -1.0000 -0.0000 -0.0015
vn -1.0000 -0.0006 -0.0015
vn -1.0000 -0.0006 0.0016
vn -1.0000 -0.0010 0.0012
vn -1.0000 -0.0011 0.0011
vn -1.0000 0.0006 0.0017
vn -1.0000 0.0003 0.0020
vn -0.0000 -0.3830 -0.9238
vn -0.0000 -0.3829 -0.9238
vn -0.3305 0.8720 -0.3612
vn -1.0000 -0.0015 0.0006
vn 0.1366 0.9152 -0.3791
vn 0.0235 -0.3197 0.9472
vn -1.0000 0.0025 0.0010
vn -1.0000 0.0024 0.0011
vn -0.1991 -0.9054 0.3750
vn -0.3305 -0.8720 -0.3612
vn -0.6190 -0.6982 0.3597
vn -0.6190 0.6982 -0.3597
vn -0.6190 0.6982 -0.3596
vn -1.0000 -0.0015 -0.0006
vn 0.7901 0.6130 -0.0000
vn 0.2484 0.9687 -0.0000
vn 0.2484 -0.9687 -0.0000
vn 0.7900 -0.6130 -0.0000
vn -0.5283 -0.0000 -0.8490
vn -0.0000 0.5283 -0.8490
vn 0.4174 -0.3239 0.8490
vn 0.4174 -0.3239 -0.8490
vn 0.1312 -0.5118 0.8490
vn 0.1312 -0.5118 -0.8490
vn -0.8660 -0.0000 0.5000
vn 0.8660 -0.0000 0.5000
vn 0.8660 -0.0000 -0.5000
vn -0.8660 -0.0000 -0.5000
vn -0.0000 -0.6385 0.7696
vn -0.0195 0.0111 -0.9997
vn -0.0245 0.0028 -0.9997
vn -0.0258 0.0008 -0.9997
vn -0.6341 0.7733 -0.0000
vn -0.5645 -0.8255 -0.0000
vn 0.4932 -0.8699 -0.0000
vn 0.7071 -0.7071 -0.0000
vn -0.5149 0.8572 -0.0000
vn 0.5149 -0.8572 -0.0000
vn -0.7531 0.6579 -0.0000
vn -0.5149 -0.8572 -0.0000
vn 0.5149 0.8572 -0.0000
vn -0.7531 -0.6579 -0.0000
vn 0.7531 0.6579 -0.0000
vn 0.7531 -0.6579 -0.0000
vn 0.9414 -0.3355 -0.0349
vn 0.9414 -0.3356 -0.0348
vn 0.2569 -0.9664 -0.0000
vn 0.3467 -0.1692 -0.9226
vn -0.9657 -0.1333 -0.2228
vn -0.0000 -0.6385 -0.7696
vn -0.0195 0.0111 0.9997
vn -0.0245 0.0028 0.9997
vn -0.0186 0.0124 0.9997
vn 0.9414 -0.3355 0.0349
vn 0.9414 -0.3356 0.0348
vn 0.3467 -0.1692 0.9226
vn -0.9657 -0.1333 0.2228
vn -0.5450 0.8384 -0.0000
vn -0.6249 -0.7807 -0.0000
vn 0.7400 0.6726 -0.0000
vn 0.0063 1.0000 -0.0000
vn -1.0000 -0.0077 -0.0000
vn 1.0000 0.0021 -0.0000
vn 0.9455 -0.3258 -0.0000
vn 0.3996 -0.9167 -0.0000
vn 0.3032 -0.9529 -0.0000
vn -0.0000 -0.6712 -0.7413
vn -0.0000 -0.6712 0.7413
vn -0.0000 -0.6715 0.7410
vn 0.6797 -0.0000 -0.7335
vn 0.6797 -0.0000 -0.7334
vn 0.6797 -0.0000 0.7334
vn 0.6797 -0.0000 0.7335
vn 0.2090 -0.6563 0.7250
vn 0.2088 -0.6561 0.7252
vn 0.2091 -0.6564 0.7249
vn 0.2088 -0.6561 -0.7252
vn 0.2090 -0.6563 -0.7250
vn 0.2091 -0.6564 -0.7249
vn 0.6804 -0.0000 0.7328
vn -0.0000 0.6148 0.7887
vn -0.0000 0.6804 0.7328
vn 0.4411 -0.8974 -0.0000
vn 0.0538 -0.9986 -0.0000
vn -0.0000 0.8728 0.4882
vn -0.0000 0.8727 0.4882
vn 0.0140 -0.0000 -0.9999
vn 0.3729 0.9279 -0.0000
vn -0.0000 -0.5034 -0.8640
vn 0.0024 -0.5034 -0.8640
vn 0.0004 -0.5034 -0.8640
vn -0.0000 -0.5906 -0.8069
vn -0.5209 0.8461 -0.1132
vn -0.3832 0.8762 -0.2924
vn -0.8577 0.4769 -0.1924
vn -0.9277 0.3734 -0.0000
vn -0.6804 -0.0000 -0.7328
vn -0.6804 -0.0000 0.7328
vn 0.6804 -0.0000 -0.7328
vn -0.0000 0.6148 -0.7887
vn -0.0000 0.6804 -0.7328
vn -0.0000 0.8728 -0.4882
vn -0.0000 0.8727 -0.4882
vn 0.0022 -0.0411 0.9992
vn -0.0000 -0.5034 0.8640
vn 0.0004 -0.5034 0.8640
vn 0.0024 -0.5034 0.8640
vn -0.0000 -0.5906 0.8069
vn -0.5209 0.8461 0.1132
vn -0.5633 0.7663 0.3091
vn -0.8577 0.4769 0.1924
vn 0.5084 0.8611 -0.0000
vn 0.5084 -0.8611 -0.0000
vn -0.5000 -0.8660 -0.0000
vn -0.5000 0.8660 -0.0000
vn 0.5438 -0.0000 0.8392
vn 0.4080 0.9130 -0.0000
vn 0.4080 -0.9130 -0.0000
vn 0.5438 -0.0000 -0.8392
vn -0.6825 -0.7309 -0.0000
vn -0.6825 0.7309 -0.0000
vn -0.0000 0.1396 -0.9902
vn -0.0000 0.1396 0.9902
vn -0.0000 -0.8932 0.4497
vn -0.0000 0.8932 0.4497
vn -0.0000 -0.1396 0.9902
vn -0.0000 -0.1396 -0.9902
vn -0.0000 0.8932 -0.4497
vn -0.0000 -0.8932 -0.4497
vn 0.5199 -0.8542 -0.0000
vn -0.0000 -0.8626 -0.5059
vn -0.0001 -0.8621 -0.5067
vn -0.0000 -0.8629 -0.5054
vn -0.0000 -0.8625 0.5061
vn -0.0001 -0.8622 0.5066
vn -0.0001 -0.8618 0.5072
vn -0.7004 -0.6136 -0.3646
vn -0.6980 -0.6169 -0.3637
vn -0.6975 -0.6176 -0.3635
vn -0.7004 -0.6136 0.3646
vn -0.6980 -0.6169 0.3637
vn -0.7009 -0.6129 0.3648
vn 0.4651 -0.7638 -0.4475
vn 0.4652 -0.7637 -0.4476
vn 0.4651 -0.7638 0.4475
vn 0.4650 -0.7639 0.4475
vn -0.7487 -0.6629 -0.0000
vn -0.0000 0.8755 -0.4832
vn -0.0002 0.8749 -0.4842
vn -0.0001 0.8741 -0.4857
vn -0.0000 0.8755 0.4833
vn -0.0002 0.8750 0.4842
vn -0.0003 0.8762 0.4820
vn -0.7027 0.6217 -0.3460
vn -0.7036 0.6192 -0.3485
vn -0.7038 0.6189 -0.3489
vn -0.7027 0.6217 0.3460
vn -0.7036 0.6193 0.3485
vn -0.7025 0.6221 0.3456
vn -0.0008 0.8761 0.4821
vn -0.0007 0.8762 -0.4820
vn -0.0003 0.8764 -0.4816
vn -0.0000 0.8767 -0.4811
vn -0.7487 0.6629 -0.0000
vn -0.0000 0.1251 -0.9921
vn -0.0000 0.8714 -0.4906
vn -0.0000 0.1251 0.9921
vn -0.0000 0.8714 0.4906
vn -0.0000 -0.1251 0.9921
vn -0.0000 -0.1251 -0.9921
vn -0.0000 -0.8714 -0.4906
vn -0.0000 -0.8714 -0.4907
vn -0.0000 -0.8714 0.4906
vn -0.0000 -0.8713 0.4907
vn -0.0000 -0.8930 0.4501
vn -0.0000 -0.8930 -0.4501
vn -0.0000 -0.1395 -0.9902
vn -0.0000 0.1395 -0.9902
vn -0.0000 0.8930 -0.4501
vn -0.0000 -0.1395 0.9902
vn -0.0000 0.8930 0.4501
vn -0.0000 0.1395 0.9902
vn -1.0000 0.0001 -0.0000
vn -0.0001 -0.8618 -0.5072
vn -0.0000 -0.8629 0.5054
vn -0.7009 -0.6129 -0.3648
vn -0.6975 -0.6176 0.3635
vn 0.4650 -0.7639 -0.4475
vn 0.4652 -0.7637 0.4476
vn -0.0001 0.8741 0.4857
vn -0.7025 0.6221 -0.3456
vn -0.7038 0.6189 0.3489
vn -0.0000 0.8767 0.4811
vn -0.0000 -0.8713 -0.4907
vn -0.8533 -0.5214 -0.0000
vn 0.9831 0.1832 -0.0000
vn -0.9912 0.1326 -0.0000
vn 0.9750 -0.2221 -0.0000
vn 0.9542 0.2993 -0.0000
vn -0.8901 -0.4557 -0.0000
vn -0.9278 0.3732 -0.0000
vn 0.0224 -0.9997 -0.0000
vn 0.9044 -0.4267 -0.0000
vn -0.9059 0.4235 -0.0000
vn 0.8010 -0.5987 -0.0000
vn 0.8839 -0.4677 -0.0000
vn 0.9723 0.2338 -0.0000
vn 0.8804 -0.4742 -0.0000
vn -0.9458 0.3247 -0.0000
vn 0.9875 -0.1578 -0.0000
vn -0.9828 0.1844 -0.0000
vn -0.9828 0.1845 -0.0000
vn -0.7296 0.6839 -0.0000
vn 0.3568 -0.9342 -0.0000
vn -0.4605 -0.1018 0.8818
vn -0.4603 -0.1021 0.8819
vn -0.4601 -0.1025 0.8819
vn -0.4632 0.0001 0.8863
vn -0.4636 0.0007 0.8861
vn -0.4636 0.0008 0.8860
vn -0.4453 -0.2720 0.8531
vn -0.4455 -0.2719 0.8530
vn -0.4673 0.0884 0.8797
vn -0.4672 0.0882 0.8797
vn -0.4669 0.0878 0.8799
vn -0.4726 0.0638 0.8790
vn -0.4727 0.0636 0.8789
vn -0.4539 0.1557 0.8773
vn -0.4540 0.1557 0.8773
vn -0.4537 0.1558 0.8774
vn -0.4482 0.1800 0.8756
vn -0.4481 0.1800 0.8757
vn -0.4485 0.1798 0.8755
vn -0.4728 0.0633 0.8789
vn -0.4727 0.0632 0.8789
vn -0.4370 -0.2242 0.8710
vn -0.4372 -0.2240 0.8710
vn -0.4369 -0.2244 0.8711
vn -0.3687 0.3452 0.8631
vn -0.3725 0.3428 0.8624
vn -0.3680 0.3456 0.8632
vn -0.4253 0.3136 0.8490
vn -0.9767 -0.2147 -0.0000
vn 0.4535 -0.0693 0.8886
vn 0.4520 -0.0618 0.8899
vn 0.4516 -0.0602 0.8902
vn 0.3800 -0.2802 0.8815
vn 0.3777 -0.2812 0.8822
vn 0.3825 -0.2791 0.8808
vn 0.4690 0.1480 0.8707
vn 0.4691 0.1479 0.8707
vn 0.4688 0.1483 0.8708
vn 0.4077 -0.2194 0.8864
vn 0.4606 0.1103 0.8807
vn 0.4605 0.1105 0.8808
vn 0.4602 0.1109 0.8809
vn 0.4942 0.0935 0.8643
vn 0.4546 -0.2175 0.8637
vn 0.4283 -0.0967 0.8984
vn 0.4301 -0.0952 0.8978
vn 0.4281 -0.0969 0.8985
vn 0.4570 -0.2160 0.8628
vn 0.4565 -0.2167 0.8629
vn 0.4572 -0.2157 0.8628
vn 0.4010 -0.5821 0.7073
vn -0.0110 0.1146 0.9933
vn 0.0080 0.1323 0.9912
vn 0.4046 -0.4032 0.8208
vn -0.4602 -0.1022 -0.8819
vn -0.4605 -0.1018 -0.8818
vn -0.4601 -0.1025 -0.8819
vn -0.4635 0.0006 -0.8861
vn -0.4630 -0.0002 -0.8863
vn -0.4636 0.0008 -0.8860
vn -0.4453 -0.2720 -0.8531
vn -0.4455 -0.2719 -0.8530
vn -0.4672 0.0882 -0.8797
vn -0.4673 0.0884 -0.8797
vn -0.4669 0.0878 -0.8799
vn -0.4727 0.0636 -0.8789
vn -0.4726 0.0638 -0.8790
vn -0.4539 0.1557 -0.8773
vn -0.4540 0.1557 -0.8773
vn -0.4542 0.1556 -0.8772
vn -0.4482 0.1800 -0.8756
vn -0.4481 0.1800 -0.8757
vn -0.4478 0.1802 -0.8758
vn -0.4728 0.0633 -0.8789
vn -0.4727 0.0632 -0.8789
vn -0.4370 -0.2243 -0.8710
vn -0.4370 -0.2242 -0.8710
vn -0.4369 -0.2244 -0.8711
vn -0.3687 0.3451 -0.8631
vn -0.3726 0.3428 -0.8624
vn -0.3733 0.3424 -0.8622
vn -0.4253 0.3136 -0.8490
vn 0.4520 -0.0618 -0.8899
vn 0.4535 -0.0693 -0.8886
vn 0.4516 -0.0602 -0.8902
vn 0.3800 -0.2802 -0.8815
vn 0.3777 -0.2812 -0.8822
vn 0.3775 -0.2813 -0.8822
vn 0.4691 0.1479 -0.8707
vn 0.4690 0.1480 -0.8707
vn 0.4688 0.1483 -0.8708
vn 0.4077 -0.2194 -0.8864
vn 0.4603 0.1107 -0.8808
vn 0.4606 0.1103 -0.8807
vn 0.4602 0.1109 -0.8809
vn 0.4942 0.0935 -0.8643
vn 0.4445 -0.2324 -0.8651
vn 0.4283 -0.0967 -0.8984
vn 0.4301 -0.0952 -0.8978
vn 0.4302 -0.0950 -0.8977
vn 0.4571 -0.2159 -0.8628
vn 0.4564 -0.2168 -0.8630
vn 0.4563 -0.2170 -0.8630
vn 0.4010 -0.5821 -0.7073
vn -0.0110 0.1146 -0.9933
vn 0.0080 0.1323 -0.9912
vn 0.4046 -0.4032 -0.8208
vn -0.4606 -0.1014 0.8818
vn -0.4630 -0.0003 0.8864
vn -0.4451 -0.2721 0.8531
vn -0.4676 0.0888 0.8795
vn -0.4725 0.0635 0.8791
vn -0.4542 0.1556 0.8772
vn -0.4478 0.1802 0.8758
vn -0.4373 -0.2238 0.8710
vn -0.3733 0.3424 0.8622
vn -0.4041 0.2817 0.8703
vn 0.4538 -0.0709 0.8883
vn 0.3775 -0.2813 0.8822
vn 0.4693 0.1476 0.8706
vn 0.4612 0.1096 0.8805
vn 0.4863 0.1066 0.8673
vn 0.4445 -0.2324 0.8651
vn 0.4302 -0.0950 0.8977
vn 0.4563 -0.2170 0.8630
vn -0.4606 -0.1014 -0.8818
vn -0.4630 -0.0003 -0.8864
vn -0.4451 -0.2721 -0.8531
vn -0.4676 0.0888 -0.8795
vn -0.4725 0.0635 -0.8791
vn -0.4537 0.1558 -0.8774
vn -0.4485 0.1798 -0.8755
vn -0.4373 -0.2238 -0.8710
vn -0.3680 0.3456 -0.8632
vn -0.4041 0.2817 -0.8702
vn 0.4538 -0.0709 -0.8883
vn 0.3825 -0.2791 -0.8808
vn 0.4693 0.1476 -0.8706
vn 0.4612 0.1096 -0.8805
vn 0.4863 0.1066 -0.8673
vn 0.4546 -0.2175 -0.8637
vn 0.4281 -0.0969 -0.8985
vn 0.4572 -0.2157 -0.8628
vn 0.4281 -0.1396 0.8929
vn 0.5082 -0.0000 -0.8613
vn 0.2918 -0.8709 0.3955
vn 0.4056 -0.8416 -0.3568
vn 0.5147 -0.1416 -0.8456
vn 0.4281 0.1396 -0.8929
vn -0.0000 -0.1652 0.9863
vn -0.0000 -0.9207 0.3903
vn -0.0000 -0.9207 -0.3903
vn -0.0000 -0.1652 -0.9863
vn -0.0000 0.1652 -0.9863
vn 0.4056 0.8416 0.3568
vn 0.5147 0.1416 0.8456
vn 0.5082 -0.0000 0.8613
vn 0.2918 0.8709 -0.3955
vn -0.7765 0.5804 0.2453
vn -0.7809 0.5765 0.2405
vn -0.7755 0.5813 0.2464
vn -0.7416 -0.1107 0.6616
vn -0.7413 -0.1107 0.6620
vn -0.7410 -0.1107 0.6624
vn -0.7287 -0.0000 -0.6848
vn -0.7765 -0.5804 0.2453
vn -0.7809 -0.5765 0.2405
vn -0.7823 -0.5753 0.2390
vn -0.7765 -0.5804 -0.2453
vn -0.7808 -0.5766 -0.2406
vn -0.7755 -0.5813 -0.2464
vn -0.7417 -0.1107 -0.6615
vn -0.7413 -0.1107 -0.6619
vn -0.7420 -0.1107 -0.6612
vn -0.0000 0.9207 0.3903
vn -0.0000 0.1652 0.9863
vn -0.0000 0.9207 -0.3903
vn -0.7413 0.1107 0.6619
vn -0.7414 0.1107 0.6619
vn -0.7420 0.1107 0.6612
vn -0.7287 -0.0000 0.6848
vn -0.7765 0.5804 -0.2453
vn -0.7809 0.5765 -0.2405
vn -0.7823 0.5753 -0.2390
vn -0.7416 0.1107 -0.6616
vn -0.7413 0.1107 -0.6619
vn -0.7410 0.1107 -0.6624
vn 0.4590 0.8884 -0.0000
vn -0.0000 0.9545 -0.2981
vn -0.9999 0.0013 0.0119
vn -0.9999 0.0006 0.0131
vn -1.0000 -0.0000 0.0003
vn -0.5626 0.8267 -0.0000
vn -0.0000 -0.9985 0.0538
vn 0.9999 -0.0013 -0.0119
vn 0.9999 -0.0007 -0.0130
vn 0.9999 -0.0021 -0.0125
vn -0.5620 -0.8259 0.0445
vn 0.4585 -0.8874 0.0479
vn 0.9996 0.0218 -0.0197
vn 0.9996 0.0187 -0.0203
vn 0.9996 0.0173 -0.0206
vn -0.0000 0.8634 0.5046
vn -0.0000 0.8635 0.5043
vn 0.4552 -0.8596 0.2319
vn 0.4482 -0.8623 0.2359
vn 0.4574 -0.8588 0.2307
vn -0.5080 0.7428 0.4361
vn -0.5067 0.7440 0.4356
vn -0.5064 0.7442 0.4355
vn 0.4076 0.7885 0.4607
vn 0.4077 0.7884 0.4607
vn 0.4079 0.7882 0.4608
vn -0.5449 0.8008 -0.2487
vn -0.0000 -0.1673 -0.9859
vn -0.0000 0.7669 -0.6417
vn -0.0000 0.7668 -0.6419
vn -0.0000 0.7665 -0.6423
vn -0.5079 0.6595 -0.5541
vn -0.5068 0.6605 -0.5539
vn -0.5083 0.6591 -0.5542
vn 0.4077 0.7002 -0.5861
vn 0.4076 0.7003 -0.5861
vn 0.4079 0.7000 -0.5862
vn -0.0000 -0.9625 0.2713
vn -0.9996 -0.0218 0.0197
vn -0.9996 -0.0187 0.0203
vn -0.9995 -0.0232 0.0195
vn -0.5469 -0.8038 0.2341
vn 0.4553 0.8479 -0.2714
vn 0.5147 -0.1416 0.8456
vn 0.4056 -0.8416 0.3568
vn 0.2918 -0.8709 -0.3955
vn 0.4281 -0.1396 -0.8929
vn 0.5147 0.1416 -0.8456
vn 0.2918 0.8709 0.3955
vn 0.4281 0.1396 0.8929
vn 0.4056 0.8416 -0.3568
vn -0.7823 0.5753 0.2390
vn -0.7420 -0.1107 0.6612
vn -0.7755 -0.5813 0.2464
vn -0.7823 -0.5753 -0.2390
vn -0.7410 -0.1107 -0.6624
vn -0.7410 0.1107 0.6623
vn -0.7755 0.5813 -0.2464
vn -0.7420 0.1107 -0.6612
vn -0.9999 0.0022 0.0125
vn 1.0000 -0.0000 -0.0003
vn -1.0000 -0.0001 -0.0001
vn -1.0000 -0.0002 -0.0001
vn 0.9995 0.0233 -0.0195
vn -0.0000 0.8631 0.5050
vn 0.4459 -0.8631 0.2372
vn -0.5083 0.7426 0.4362
vn 0.4074 0.7886 0.4606
vn -0.5595 0.7934 -0.2397
vn -0.0000 0.7670 -0.6417
vn -0.5064 0.6609 -0.5538
vn 0.4074 0.7005 -0.5860
vn -0.9996 -0.0173 0.0206
vn -0.5603 -0.7967 0.2269
vn 0.4406 0.8529 -0.2800
vn -0.2405 -0.0000 -0.9706
vn -0.4591 0.8884 -0.0000
vn -0.2405 -0.0000 0.9706
vn -0.5993 0.8005 -0.0000
vn 0.5817 -0.0000 0.8134
vn 0.7327 -0.6805 -0.0000
vn 0.5817 -0.0000 -0.8134
vn 0.7327 0.6805 -0.0000
vn -0.3382 0.9411 -0.0000
vn -0.5857 0.8105 -0.0000
vn 0.5993 0.8005 -0.0000
vn -0.3496 -0.9369 -0.0000
vn 0.5857 0.8105 -0.0000
vn -0.1720 -0.9851 -0.0000
vn 0.3175 0.9483 -0.0000
vn 0.6262 0.7796 -0.0000
vn -0.6262 0.7796 -0.0000
vn -0.3496 0.9369 -0.0000
vn -0.3653 0.4906 -0.7911
vn -0.3660 0.4893 -0.7916
vn 0.0021 -0.5531 0.8331
vn 0.0010 -0.5515 0.8341
vn 0.0014 -0.5528 0.8333
vn 0.0016 0.5299 0.8481
vn 0.0018 0.5297 0.8482
vn 0.0033 0.5285 0.8489
vn -0.3777 0.4895 0.7859
vn -0.3767 0.4942 0.7835
vn -0.3643 0.4907 0.7915
vn -0.3778 0.4895 -0.7860
vn -0.3760 0.4927 -0.7848
vn -0.3758 0.4931 -0.7846
vn -0.3794 -0.5118 -0.7708
vn -0.3794 -0.5118 0.7708
vn 0.0029 -0.5532 0.8331
vn 0.0019 0.5329 0.8462
vn 0.0021 0.5331 0.8460
vn 0.0030 0.5339 0.8455
vn 0.0029 -0.5532 -0.8331
vn 0.0021 0.5331 -0.8460
vn 0.0019 0.5329 -0.8462
vn 0.0030 0.5339 -0.8455
vn 0.7683 -0.3541 -0.5333
vn 0.7683 -0.3541 0.5333
vn 0.7651 0.3439 0.5444
vn 0.7650 0.3441 0.5444
vn 0.7652 0.3438 0.5444
vn 0.7651 0.3439 -0.5444
vn 0.7650 0.3441 -0.5444
vn 0.7646 0.3447 -0.5446
vn -0.1785 0.4987 -0.8482
vn -0.1786 0.4986 -0.8482
vn -0.1790 0.4982 -0.8484
vn -0.2630 0.5149 0.8159
vn -0.2644 0.5124 0.8171
vn -0.2629 0.5151 0.8158
vn 0.0004 0.5215 -0.8532
vn 0.0017 0.5224 -0.8527
vn 0.0001 0.5214 -0.8533
vn 0.3657 0.4869 0.7932
vn 0.3653 0.4877 0.7929
vn 0.0020 0.5219 0.8530
vn 0.0011 0.5223 0.8527
vn 0.0022 0.5217 0.8531
vn -0.3525 0.4898 -0.7974
vn -0.3520 0.4907 -0.7970
vn 0.0022 0.5217 -0.8531
vn 0.0011 0.5223 -0.8527
vn 0.0007 0.5225 -0.8526
vn 0.3874 0.4806 0.7867
vn 0.3874 0.4806 0.7868
vn 0.3876 0.4802 0.7869
vn -0.3853 0.4810 -0.7875
vn -0.3853 0.4809 -0.7875
vn -0.3854 0.4807 -0.7876
vn 0.0004 0.5216 0.8532
vn 0.0015 0.5223 0.8528
vn 0.0018 0.5225 0.8527
vn 0.3578 0.4922 0.7936
vn 0.3577 0.4923 0.7935
vn 0.3585 0.4907 0.7941
vn 0.0016 0.5299 -0.8481
vn 0.0018 0.5297 -0.8482
vn 0.0001 0.5310 -0.8474
vn -0.2630 0.5150 -0.8159
vn -0.2644 0.5123 -0.8171
vn -0.2645 0.5121 -0.8172
vn 0.1708 0.5069 0.8449
vn 0.1705 0.5084 0.8441
vn 0.1704 0.5089 0.8438
vn -0.0957 -0.5483 -0.8308
vn -0.0958 -0.5480 -0.8310
vn -0.0958 -0.5475 -0.8313
vn 0.1708 0.5069 -0.8449
vn 0.1705 0.5084 -0.8441
vn 0.1708 0.5064 -0.8452
vn -0.0957 -0.5483 0.8308
vn -0.0958 -0.5476 0.8313
vn -0.0957 -0.5484 0.8307
vn -0.1785 0.4987 0.8482
vn -0.1786 0.4986 0.8482
vn -0.1781 0.4991 0.8480
vn 0.3578 0.4922 -0.7936
vn 0.3577 0.4923 -0.7935
vn 0.3570 0.4937 -0.7930
vn 0.0022 0.5243 -0.8515
vn 0.0004 0.5256 -0.8507
vn 0.0003 0.5257 -0.8507
vn 0.0005 -0.5524 0.8336
vn 0.0002 -0.5509 0.8346
vn 0.0005 -0.5524 -0.8336
vn 0.0010 -0.5516 -0.8341
vn 0.0014 -0.5528 -0.8333
vn -0.3525 0.4899 0.7974
vn -0.3525 0.4898 0.7974
vn -0.3530 0.4889 0.7977
vn 0.0021 0.5244 0.8515
vn 0.0004 0.5256 0.8508
vn 0.0022 0.5243 0.8515
vn -0.3853 0.4810 0.7875
vn -0.3853 0.4809 0.7875
vn -0.3852 0.4811 0.7875
vn 0.0010 0.5209 0.8536
vn 0.0009 0.5209 0.8536
vn 0.0008 0.5210 0.8536
vn 0.3874 0.4806 -0.7867
vn 0.3874 0.4806 -0.7868
vn 0.3871 0.4810 -0.7866
vn 0.0010 0.5209 -0.8536
vn 0.0009 0.5209 -0.8536
vn 0.3657 0.4869 -0.7932
vn 0.3661 0.4862 -0.7935
vn 0.0003 0.5240 -0.8517
vn 0.0028 0.5256 -0.8507
vn 0.0002 0.5239 -0.8518
vn 0.0021 -0.5531 -0.8331
vn 0.0021 -0.5532 -0.8331
vn -0.3653 0.4906 0.7911
vn 0.0004 0.5240 0.8517
vn 0.0028 0.5257 0.8507
vn 0.0030 0.5258 0.8506
vn -0.0000 0.7071 0.7071
vn -0.0000 0.7071 -0.7071
vn -0.0000 -0.7071 0.7071
vn -0.0000 -0.7071 -0.7071
vn 1.0000 -0.0002 -0.0001
vn 1.0000 -0.0003 -0.0002
vn 0.5579 0.7669 -0.3172
vn -0.5579 0.7669 0.3172
vn -0.0000 -0.9241 0.3822
vn -0.0000 0.9241 0.3822
vn -0.5579 -0.7669 0.3172
vn 0.5579 -0.7669 -0.3171
vn 0.5883 -0.8086 -0.0000
vn 0.5883 -0.8087 -0.0000
vn -0.5883 -0.8087 -0.0000
vn -0.5883 0.8087 -0.0000
vn -0.5882 0.8087 -0.0000
vn 0.5883 0.8086 -0.0000
vn 0.5579 -0.7669 -0.3172
vn -0.5883 -0.8086 -0.0000
vn 0.5883 0.8087 -0.0000
vn -1.0000 -0.0001 -0.0000
vn -1.0000 -0.0002 -0.0000
vn -0.5579 -0.7669 0.3171
vn 1.0000 0.0001 -0.0000
vn -1.0000 -0.0001 0.0001
vn -0.0000 -0.3592 0.9333
vn -0.0000 -0.3591 0.9333
vn -0.0000 0.3592 -0.9333
vn -0.0000 -0.3592 -0.9333
vn -0.0000 0.3592 0.9333
vn -0.0000 0.9241 -0.3822
vn 0.6456 -0.7232 0.2453
vn -0.6456 0.7232 -0.2453
vn -0.0000 -0.9241 -0.3822
vn -0.6455 -0.7233 -0.2453
vn -1.0000 -0.0002 0.0001
vn 1.0000 0.0001 0.0001
vn 1.0000 0.0002 -0.0001
vn -1.0000 0.0002 0.0001
vn 1.0000 0.0001 -0.0001
vn -0.6456 -0.7232 -0.2453
vn 0.6456 0.7232 0.2453
vn 0.6455 0.7233 0.2454
vn -1.0000 -0.0000 0.0001
vn -0.6455 -0.7232 -0.2453
vn 0.6455 -0.7233 0.2453
vn 0.8661 -0.0000 -0.5000
vn 0.8661 -0.0000 0.5000
vn -0.8661 -0.0000 0.5000
vn -1.0000 -0.0000 -0.0001
vn 0.6456 0.7232 -0.2453
vn -1.0000 -0.0003 -0.0001
vn -0.6456 0.7232 0.2453
vn -0.6455 -0.7233 0.2453
vn 0.6456 -0.7232 -0.2453
vn -0.6455 -0.7232 0.2453
vn 1.0000 0.0003 -0.0002
vn 0.6455 0.7233 -0.2454
vn -0.6456 -0.7232 0.2453
vn 0.6455 -0.7233 -0.2454
vn -1.0000 0.0003 0.0002
vn -0.0000 0.3591 -0.9333
vn -0.0000 -0.3591 -0.9333
vn -0.0000 0.3591 0.9333
vn 0.5579 -0.7669 0.3172
vn -0.5579 0.7669 -0.3172
vn -0.5579 -0.7669 -0.3172
vn -1.0000 -0.0003 0.0001
vn 1.0000 0.0002 0.0001
vn 1.0000 -0.0002 -0.0000
vn 0.5579 0.7669 0.3172
vn -0.0000 0.9187 -0.3949
vn -0.0000 0.9187 0.3949
vn -0.9325 -0.3611 -0.0000
vn 0.9325 -0.3611 -0.0000
vn -0.0000 -0.5367 0.8438
vn -0.0000 -0.5367 -0.8438
vn -0.8992 0.4375 -0.0000
vn 0.7201 -0.6938 -0.0000
vn 0.8992 0.4375 -0.0000
vn 0.5388 0.8424 -0.0000
vn -0.5388 0.8424 -0.0000
vn -0.7201 -0.6938 -0.0000
vn -0.0000 0.9237 0.3830
vn -0.0003 0.9235 0.3837
vn -0.0000 -0.3846 -0.9231
vn 0.0001 -0.3839 -0.9234
vn 0.6175 0.6676 0.4159
vn -0.0000 0.8488 -0.5287
vn -0.6175 0.6676 -0.4159
vn 0.6175 -0.6753 0.4033
vn -0.6177 0.6772 0.3998
vn -0.6175 0.6757 0.4025
vn -0.6175 0.6753 0.4033
vn -0.0000 0.8585 -0.5127
vn -0.6175 0.6676 0.4159
vn -0.6175 -0.6676 0.4159
vn -0.6175 -0.6753 -0.4033
vn -0.6176 0.6757 -0.4025
vn -0.6177 0.6772 -0.3998
vn -0.6175 0.6753 -0.4033
vn -0.0000 -0.8488 -0.5287
vn 0.6175 -0.6676 -0.4159
vn -0.0000 -0.8586 -0.5127
vn -0.0000 -0.8585 -0.5127
vn -0.6175 -0.6753 0.4033
vn -1.0000 -0.0025 0.0003
vn -1.0000 -0.0014 0.0027
vn -1.0000 -0.0025 0.0026
vn 0.6175 0.6676 -0.4159
vn -0.0000 0.8488 0.5288
vn -0.0000 -0.8488 0.5287
vn 0.6176 0.6758 0.4024
vn 0.6177 0.6772 0.3997
vn 0.6175 0.6753 0.4033
vn 0.6175 0.6753 -0.4033
vn -0.0000 -0.8585 0.5127
vn -0.0000 -0.8586 0.5127
vn 0.6175 -0.6753 -0.4033
vn -0.0000 0.8585 0.5127
vn 1.0000 -0.0014 0.0027
vn 1.0000 -0.0011 -0.0007
vn 1.0000 -0.0025 0.0003
vn -0.0005 0.9232 0.3843
vn -0.0003 0.9234 0.3838
vn -0.0000 0.9235 0.3835
vn -0.0000 0.9234 0.3839
vn -0.0000 0.9234 0.3838
vn 0.0005 -0.3832 -0.9236
vn 0.0007 -0.3827 -0.9239
vn -0.0000 -0.9239 0.3826
vn -0.0000 -0.9239 -0.3826
vn -0.6175 0.6677 -0.4159
vn -0.6178 0.6776 0.3989
vn -0.6175 0.6677 0.4159
vn -0.6178 0.6776 -0.3990
vn -1.0000 -0.0036 0.0016
vn -1.0000 -0.0011 -0.0007
vn -0.0000 0.8488 0.5287
vn 0.6178 0.6776 0.3989
vn 0.6175 -0.6676 0.4159
vn 1.0000 -0.0001 -0.0001
vn -0.6175 -0.6676 -0.4159
vn 1.0000 -0.0036 0.0016
vn 1.0000 -0.0026 0.0026
vn -0.9264 -0.3767 -0.0000
vn 0.9264 -0.3767 -0.0000
vn -0.0000 0.5754 -0.8178
vn -0.0000 0.5754 0.8178
vn -0.0000 -0.5754 0.8178
vn -0.0000 -0.5754 -0.8178
vn 0.5000 0.8660 -0.0000
vn 0.5000 -0.8660 -0.0000
vn -0.9991 -0.0420 -0.0000
vn 0.9988 0.0492 -0.0000
vn 0.9988 0.0482 -0.0000
vn -0.7882 -0.6154 -0.0000
vn -0.6539 0.7566 -0.0000
vn 0.1503 -0.9886 -0.0000
vn 0.9989 0.0472 -0.0000
vn -0.9988 -0.0483 -0.0000
vn -0.0648 -0.9979 -0.0000
vn -0.0158 0.9999 -0.0000
vn 0.6195 0.0299 -0.7845
vn 0.6199 0.0299 -0.7841
vn 0.6205 0.0299 -0.7837
vn 0.6200 0.0299 0.7841
vn 0.6194 0.0299 0.7845
vn 0.6205 0.0299 0.7837
vn 0.5191 -0.5569 -0.6484
vn 0.5175 -0.5564 -0.6501
vn 0.5199 -0.5571 -0.6476
vn 0.5174 -0.5564 0.6501
vn 0.5191 -0.5569 0.6484
vn 0.5199 -0.5571 0.6476
vn 0.6822 -0.7311 -0.0000
vn 0.4940 0.5936 0.6353
vn 0.4941 0.5936 0.6353
vn 0.4941 0.5936 -0.6353
vn 0.4940 0.5936 -0.6353
vn -0.9988 -0.0482 -0.0000
vn 0.6208 0.0299 -0.7834
vn 0.6209 0.0299 -0.7833
vn 0.6208 0.0299 0.7834
vn 0.6209 0.0299 0.7833
vn 0.6710 -0.7414 -0.0000
vn 0.6397 0.7686 -0.0000
vn 0.5159 -0.5701 -0.6394
vn 0.5160 -0.5701 -0.6393
vn 0.6206 0.0299 -0.7835
vn 0.6206 0.0299 -0.7836
vn 0.6207 0.0299 -0.7835
vn 0.5159 -0.5701 0.6394
vn 0.5160 -0.5701 0.6393
vn 0.6206 0.0299 0.7836
vn 0.6206 0.0299 0.7835
vn 0.6207 0.0299 0.7835
vn -0.9812 -0.1930 -0.0000
vn 0.9961 -0.0885 -0.0000
vn 0.0305 0.9995 -0.0000
vn -0.9257 -0.3782 -0.0000
vn 0.9911 0.1331 -0.0000
vn 0.4531 -0.8915 -0.0000
vn 0.8812 0.4727 -0.0000
vn -0.6771 -0.7359 -0.0000
vn -0.9411 0.3383 -0.0000
vn 0.9411 -0.3383 -0.0000
vn -0.3383 -0.9411 -0.0000
vn -0.3383 -0.9410 -0.0000
vn 0.3101 0.8628 0.3993
vn 0.3101 0.8628 -0.3993
vn 0.3383 0.9411 -0.0000
vn -0.9411 0.3382 -0.0000
vn -0.2474 -0.6884 0.6819
vn 0.9410 -0.3383 -0.0000
vn -0.2474 -0.6884 -0.6819
vn 0.6468 -0.7627 -0.0000
vn -0.6225 -0.7826 -0.0000
vn -0.6226 -0.7826 -0.0000
vn 0.9822 -0.1881 -0.0000
vn -0.9822 0.1881 -0.0000
vn 0.7006 0.7135 -0.0000
vn -0.4402 0.8979 -0.0000
vn 0.3738 0.6474 -0.6642
vn -0.2814 0.9596 -0.0000
vn -0.2814 -0.9596 -0.0000
vn -0.4130 0.9107 -0.0000
vn -0.4130 -0.9107 -0.0000
vn -0.5305 -0.0000 -0.8477
vn -0.2011 0.6876 -0.6977
vn -0.1990 0.6852 -0.7006
vn -0.2019 0.6885 -0.6966
vn -0.2011 -0.6876 -0.6977
vn -0.1990 -0.6852 -0.7006
vn -0.1981 -0.6842 -0.7019
vn 0.7476 -0.0000 -0.6642
vn 0.7475 -0.0000 -0.6642
vn -0.5068 -0.0000 -0.8620
vn 0.3738 -0.6474 -0.6642
vn -0.1981 0.6842 -0.7019
vn -0.2019 -0.6885 -0.6966
vn 0.8661 -0.0000 -0.4999
vn 0.8661 -0.0000 0.4999
vn -0.8660 -0.0000 -0.5001
vn -0.8659 -0.0000 -0.5001
vn -0.8660 -0.0000 0.5001
vn -0.8659 -0.0000 0.5001
vn 0.9061 -0.1910 0.3774
vn -0.0752 0.6477 -0.7581
vn 0.5058 0.4053 0.7616
vn -0.4679 0.8838 -0.0000
vn 0.2403 0.1941 -0.9511
vn -0.7699 0.5157 0.3759
vn 0.9061 -0.1910 -0.3774
vn 0.9567 0.2909 -0.0000
vn -0.0348 0.3099 0.9501
vn -0.7699 0.5157 -0.3759
vn -0.0348 0.3099 -0.9501
vn 0.2403 0.1941 0.9511
vn 0.5058 0.4053 -0.7616
vn -0.0752 0.6477 0.7581
vn 0.9560 0.2934 -0.0000
vn 0.9261 -0.3773 -0.0000
vn -0.4788 0.8779 -0.0000
vn -0.5868 0.2394 0.7735
vn -0.5875 0.2395 0.7730
vn -0.5879 0.2395 0.7727
vn 0.5870 -0.2388 0.7735
vn 0.5875 -0.2392 0.7731
vn 0.5867 -0.2385 0.7739
vn 0.6926 0.2147 0.6886
vn 0.6941 0.2133 0.6875
vn 0.6924 0.2149 0.6887
vn -0.3455 0.6376 0.6885
vn -0.3475 0.6376 0.6875
vn -0.3477 0.6376 0.6874
vn -0.9261 0.3773 -0.0000
vn -0.5863 0.2394 0.7739
vn 0.5879 -0.2395 0.7727
vn 0.6943 0.2131 0.6874
vn -0.3451 0.6376 0.6887
vn -0.5868 0.2394 -0.7735
vn -0.5879 0.2395 -0.7727
vn -0.5875 0.2395 -0.7730
vn 0.5870 -0.2388 -0.7736
vn 0.5867 -0.2385 -0.7739
vn 0.5876 -0.2393 -0.7730
vn 0.6927 0.2146 -0.6885
vn 0.6924 0.2149 -0.6887
vn 0.6941 0.2133 -0.6876
vn -0.3453 0.6376 -0.6887
vn -0.3477 0.6376 -0.6874
vn -0.3474 0.6376 -0.6875
vn -0.5863 0.2394 -0.7739
vn 0.5879 -0.2395 -0.7727
vn 0.6943 0.2131 -0.6874
vn -0.3451 0.6376 -0.6887
vn -0.9184 -0.2396 -0.3149
vn -0.5060 -0.4076 0.7601
vn 0.4895 -0.8132 0.3148
vn 0.4895 -0.8132 0.3149
vn 0.0771 -0.6452 -0.7601
vn -0.5060 -0.4076 -0.7601
vn -0.5061 -0.4076 -0.7601
vn -0.9184 -0.2396 0.3149
vn 0.0771 -0.6452 0.7601
vn 0.4895 -0.8132 -0.3148
vn -0.9350 -0.0651 0.3485
vn 0.1669 -0.5140 0.8414
vn 0.6233 -0.7000 -0.3485
vn -0.9350 -0.0651 -0.3485
vn -0.9350 -0.0650 -0.3486
vn -0.4786 -0.2510 0.8414
vn 0.6233 -0.7000 0.3485
vn 0.1669 -0.5140 -0.8414
vn -0.4786 -0.2510 -0.8414
vn -0.5061 -0.4076 0.7601
vn 0.4895 -0.8132 -0.3149
vn -0.9350 -0.0650 0.3486
vn 0.5000 -0.0000 -0.8660
vn 0.5000 -0.0000 0.8660
vn -0.5000 -0.0000 0.8660
vn -0.5000 -0.0000 -0.8660
vn 0.3661 0.9306 -0.0000
vn 0.9890 0.1482 -0.0000
vn 0.6228 -0.7824 -0.0000
vn -0.3661 -0.9306 -0.0000
vn -0.9890 -0.1482 -0.0000
vn -0.6228 0.7823 -0.0000
vn -0.6228 0.7824 -0.0000
vn 0.6614 0.7501 -0.0000
vn 0.9803 -0.1977 -0.0000
vn 0.3189 -0.9478 -0.0000
vn -0.6614 -0.7501 -0.0000
vn -0.9803 0.1977 -0.0000
vn -0.3189 0.9478 -0.0000
vn 0.2349 0.9720 -0.0000
vn 0.9592 0.2826 -0.0000
vn 0.7243 -0.6895 -0.0000
vn -0.2349 -0.9720 -0.0000
vn -0.9593 -0.2826 -0.0000
vn -0.7243 0.6895 -0.0000
vn -0.7243 0.6894 -0.0000
vn 0.9593 0.2826 -0.0000
vn 0.7243 -0.6894 -0.0000
vn -0.9592 -0.2826 -0.0000
vn 0.2977 0.6283 -0.7187
vn 0.7187 0.6283 -0.2977
vn 0.7188 0.6283 -0.2977
vn 0.7188 0.6283 0.2977
vn 0.7187 0.6283 0.2977
vn 0.2977 0.6283 0.7187
vn -0.2977 0.6283 0.7187
vn -0.2977 0.6283 0.7188
vn -0.7187 0.6283 0.2977
vn -0.7187 0.6283 -0.2977
vn -0.2977 0.6283 -0.7188
vn -0.2977 0.6283 -0.7187
vn -0.2977 -0.6283 -0.7188
vn -0.2977 -0.6283 -0.7187
vn -0.3827 -0.0000 -0.9239
vn -0.7188 -0.6283 -0.2977
vn -0.7187 -0.6283 -0.2977
vn -0.9239 -0.0000 -0.3827
vn -0.7187 -0.6283 0.2977
vn -0.7188 -0.6283 0.2977
vn -0.9239 -0.0000 0.3827
vn -0.2977 -0.6283 0.7188
vn -0.3827 -0.0000 0.9239
vn 0.2977 -0.6283 0.7187
vn 0.2977 -0.6283 0.7188
vn 0.3827 -0.0000 0.9239
vn 0.7188 -0.6283 0.2977
vn 0.7187 -0.6283 0.2977
vn 0.9239 -0.0000 0.3827
vn 0.7187 -0.6283 -0.2977
vn 0.7188 -0.6283 -0.2977
vn 0.9239 -0.0000 -0.3827
vn 0.2977 -0.6283 -0.7188
vn 0.2977 -0.6283 -0.7187
vn 0.3827 -0.0000 -0.9239
vn -0.0000 -0.0001 -1.0000
vn -0.0000 -0.0014 -1.0000
vn 0.0003 -0.0011 1.0000
vn 0.0015 -0.0016 1.0000
vn 0.0011 -0.0016 1.0000
vn -0.0000 -0.0014 1.0000
vn -0.0000 -0.8065 0.5912
vn 0.6945 -0.7195 -0.0000
vn 0.5853 0.2938 0.7557
vn 0.6072 0.0008 0.7945
vn 0.7305 -0.5494 0.4056
vn -0.0076 -0.8302 -0.5575
vn 0.5832 0.2940 -0.7573
vn 0.6032 -0.0000 -0.7976
vn 0.7269 -0.5538 -0.4060
vn -0.0123 0.8334 -0.5525
vn -0.0021 0.9983 0.0582
vn -0.0037 -0.9747 0.2233
vn -0.0027 -0.0541 -0.9985
vn -0.0015 -0.0280 -0.9996
vn -0.0023 -0.0076 -1.0000
vn -0.0015 -0.0058 -1.0000
vn -0.0040 -0.0118 -0.9999
vn -0.0048 -0.0138 -0.9999
vn -0.0035 -0.0281 -0.9996
vn -0.0016 -0.0196 -0.9998
vn -0.0015 -0.0169 -0.9999
vn -0.0015 -0.0000 -1.0000
vn -0.0062 -0.3475 -0.9377
vn -0.0138 -0.3296 -0.9440
vn -0.9894 0.0001 -0.1452
vn -0.9946 0.0890 -0.0534
vn 0.4667 -0.8844 -0.0093
vn -0.9795 0.2015 0.0043
vn 0.9860 0.1624 -0.0375
vn 0.9301 -0.0000 -0.3672
vn -0.7225 0.2018 0.6613
vn -0.9685 -0.0313 -0.2470
vn 0.0025 -0.0176 -0.9998
vn 0.6067 -0.7948 -0.0126
vn 0.5657 0.2701 0.7792
vn 0.0775 0.0334 0.9964
vn -0.2429 -0.8343 0.4949
vn -0.0282 0.9994 0.0177
vn -0.0185 -0.3599 -0.9328
vn -0.0031 -0.9998 0.0180
vn -0.0066 0.8597 0.5108
vn -0.0033 -0.3187 0.9479
vn -0.0000 0.9999 -0.0149
vn -0.0037 -0.9747 -0.2233
vn -0.0015 -0.0065 1.0000
vn -0.0062 -0.3475 0.9377
vn -0.0181 -0.3194 0.9474
vn -0.9678 0.0188 0.2509
vn -0.9946 0.0890 0.0534
vn 0.5427 -0.8399 -0.0085
vn -0.9795 0.2015 -0.0043
vn 0.9938 0.0944 -0.0584
vn -0.9584 0.2785 0.0630
vn 0.9018 -0.0213 0.4316
vn -0.9685 -0.0313 0.2470
vn -0.7225 0.2018 -0.6613
vn -0.9922 0.0002 0.1249
vn -0.0042 -0.0343 0.9994
vn 0.6067 -0.7948 0.0126
vn 0.0725 0.3713 -0.9257
vn 0.4460 0.0110 -0.8950
vn -0.2429 -0.8343 -0.4949
vn -0.0281 0.9994 -0.0183
vn -0.0031 -0.9998 -0.0180
vn -0.0185 -0.3599 0.9328
vn -0.0028 -0.3387 -0.9409
vn -0.0016 -0.3476 -0.9376
vn -0.0020 -0.3442 -0.9389
vn -0.0032 -0.3354 -0.9421
vn -0.0016 -0.3420 -0.9397
vn -0.0017 -0.3420 -0.9397
vn -0.0024 -0.3421 -0.9397
vn -0.0016 -0.3198 -0.9475
vn -0.0030 -0.3189 -0.9478
vn -0.0034 -0.3186 -0.9479
vn -0.0026 -0.3422 -0.9396
vn -0.0033 -0.3187 -0.9479
vn -0.0033 -0.3186 -0.9479
vn 0.6577 -0.6697 0.3449
vn -0.0021 0.8637 -0.5041
vn -0.0037 0.8794 -0.4761
vn -0.0021 0.8637 0.5041
vn -0.0035 0.8976 0.4408
vn -0.0000 -0.8015 -0.5981
vn 0.1366 -0.9152 -0.3791
vn 0.1185 0.3800 0.9174
vn 0.1292 -0.9161 0.3795
vn -0.0001 -0.3829 -0.9238
vn -0.0000 -0.3830 0.9238
vn -0.0079 -0.3380 0.9411
vn -0.5283 -0.0000 -0.8491
vn -0.0186 0.0124 -0.9997
vn 0.9414 -0.3354 -0.0350
vn 0.0044 -0.9946 -0.1037
vn 0.2451 -0.0922 -0.9651
vn -0.9825 -0.0901 -0.1632
vn -0.0258 0.0008 0.9997
vn 0.4933 -0.8699 -0.0000
vn 0.9414 -0.3354 0.0350
vn 0.0044 -0.9946 0.1037
vn 0.2451 -0.0922 0.9651
vn -0.9825 -0.0901 0.1632
vn -0.0000 -0.6715 -0.7410
vn 0.2087 -0.6561 0.7253
vn 0.2087 -0.6561 -0.7253
vn -0.0306 0.6145 0.7883
vn -0.0000 0.5877 0.8091
vn 0.0022 -0.0411 -0.9992
vn 0.0049 -0.5034 -0.8640
vn -0.5633 0.7663 -0.3091
vn -0.0000 0.5877 -0.8091
vn -0.0306 0.6145 -0.7883
vn 0.0140 -0.0000 0.9999
vn 0.0049 -0.5034 0.8640
vn -0.3832 0.8762 0.2924
vn 0.6393 -0.7690 -0.0000
vn -0.3646 0.4919 -0.7906
vn 0.0021 -0.5532 0.8331
vn 0.0001 0.5310 0.8474
vn -0.3758 0.4931 0.7846
vn -0.3780 0.4891 -0.7861
vn 0.0011 0.5321 0.8467
vn 0.0011 0.5321 -0.8467
vn 0.7646 0.3447 0.5446
vn 0.7652 0.3438 -0.5444
vn -0.1781 0.4991 -0.8480
vn -0.2645 0.5121 0.8172
vn 0.0018 0.5225 -0.8527
vn 0.3661 0.4862 0.7935
vn 0.0007 0.5225 0.8526
vn -0.3530 0.4889 -0.7977
vn 0.3871 0.4810 0.7866
vn -0.3852 0.4811 -0.7875
vn 0.0001 0.5214 0.8533
vn 0.3570 0.4937 0.7930
vn 0.0033 0.5285 -0.8489
vn -0.2629 0.5151 -0.8158
vn 0.1708 0.5064 0.8452
vn -0.0957 -0.5484 -0.8307
vn 0.1704 0.5089 -0.8438
vn -0.0958 -0.5475 0.8313
vn -0.1790 0.4982 0.8484
vn 0.3585 0.4907 -0.7941
vn 0.0002 -0.5509 -0.8346
vn -0.3520 0.4907 0.7970
vn 0.0003 0.5257 0.8507
vn -0.3854 0.4807 0.7876
vn 0.3876 0.4802 -0.7869
vn 0.0008 0.5210 -0.8536
vn 0.3653 0.4877 -0.7929
vn 0.0030 0.5258 -0.8506
vn -0.3660 0.4893 0.7916
vn 0.0002 0.5239 0.8518
vn 0.6189 0.0299 -0.7849
vn 0.6189 0.0299 0.7849
vn 0.5166 -0.5562 -0.6510
vn 0.5166 -0.5562 0.6510
vn 0.6207 0.0300 -0.7834
vn 0.6207 0.0300 0.7834
vn 0.6206 0.0300 -0.7836
vn 0.6206 0.0300 0.7836
vn -0.2977 -0.6283 0.7187
s 1
vt 0.125000 0.875000
vt 0.375000 0.875000
vt 0.625000 0.875000
vt 0.875000 0.875000
vt 0.125000 0.625000
vt 0.375000 0.625000
vt 0.625000 0.625000
vt 0.875000 0.625000
vt 0.125000 0.375000
vt 0.375000 0.375000
f 16/3/1 3/3/1 13/3/1
f 4/3/2 7/3/2 3/3/2
f 20/3/3 5/3/3 17/3/3
f 6/3/4 1/3/4 5/3/4
f 17/3/5 1/3/5 14/3/5
f 4/3/2 12/3/2 8/3/2
f 24/3/6 9/3/6 11/3/6
f 8/3/7 23/3/7 19/3/7
f 2/3/8 21/3/8 15/3/8
f 6/3/4 9/3/4 2/3/4
f 4/3/8 22/3/8 10/3/8
f 20/3/7 11/3/7 6/3/7
f 10/3/6 23/3/6 12/3/6
f 3/3/5 18/3/9 13/3/5
f 7/3/3 19/3/3 18/3/3
f 20/3/2 17/3/2 14/3/2
f 2/3/1 14/3/1 1/3/1
f 19/3/4 23/3/4 22/3/4
f 28/3/2 30/3/2 29/3/2
f 30/3/10 36/3/10 34/3/10
f 36/3/11 33/3/12 34/3/12
f 48/3/4 25/3/4 47/3/4
f 25/3/13 30/3/13 27/3/13
f 28/3/6 48/3/6 46/3/6
f 26/3/4 32/3/4 25/3/4
f 45/3/5 25/3/5 27/3/5
f 28/3/14 31/3/14 26/3/14
f 28/3/2 45/3/2 27/3/2
f 31/3/4 36/3/4 32/3/4
f 31/3/15 33/3/15 35/3/15
f 29/3/2 34/3/2 33/3/2
f 40/3/2 42/3/2 39/3/2
f 42/3/16 52/3/16 44/3/16
f 52/3/17 49/3/17 51/3/17
f 47/3/4 38/3/4 48/3/4
f 42/3/18 37/3/18 39/3/18
f 48/3/6 40/3/6 46/3/6
f 44/3/4 38/3/4 37/3/4
f 37/3/5 45/3/5 39/3/5
f 43/3/19 40/3/19 38/3/19
f 39/3/2 46/3/2 40/3/2
f 52/3/4 43/3/4 44/3/4
f 51/3/20 41/3/20 43/3/20
f 41/3/2 50/3/2 42/3/2
f 16/3/1 4/3/1 3/3/1
f 4/3/2 8/3/2 7/3/2
f 20/3/3 6/3/3 5/3/3
f 6/3/4 2/3/4 1/3/4
f 17/3/5 5/3/5 1/3/5
f 4/3/2 10/3/2 12/3/2
f 24/3/6 21/3/6 9/3/6
f 8/3/7 12/3/7 23/3/7
f 2/3/8 9/3/8 21/3/8
f 6/3/4 11/3/4 9/3/4
f 4/3/8 16/3/8 22/3/8
f 20/3/7 24/3/7 11/3/7
f 10/3/6 22/3/6 23/3/6
f 3/3/5 7/3/9 18/3/9
f 7/3/3 8/3/3 19/3/3
f 14/3/2 15/3/2 20/3/2
f 15/3/2 21/3/2 20/3/2
f 21/3/2 24/3/2 20/3/2
f 2/3/1 15/3/1 14/3/1
f 22/3/4 16/3/4 19/3/4
f 16/3/4 13/3/4 19/3/4
f 13/3/4 18/3/4 19/3/4
f 28/3/2 27/3/2 30/3/2
f 30/3/10 32/3/10 36/3/10
f 36/3/11 35/3/11 33/3/12
f 48/3/4 26/3/4 25/3/4
f 25/3/13 32/3/13 30/3/13
f 28/3/6 26/3/6 48/3/6
f 26/3/4 31/3/4 32/3/4
f 45/3/5 47/3/5 25/3/5
f 28/3/14 29/3/14 31/3/14
f 28/3/2 46/3/2 45/3/2
f 31/3/4 35/3/4 36/3/4
f 31/3/15 29/3/15 33/3/15
f 29/3/2 30/3/2 34/3/2
f 40/3/2 41/3/2 42/3/2
f 42/3/16 50/3/16 52/3/16
f 52/3/17 50/3/17 49/3/17
f 47/3/4 37/3/4 38/3/4
f 42/3/18 44/3/18 37/3/18
f 48/3/6 38/3/6 40/3/6
f 44/3/4 43/3/4 38/3/4
f 37/3/5 47/3/5 45/3/5
f 43/3/19 41/3/19 40/3/19
f 39/3/2 45/3/2 46/3/2
f 52/3/4 51/3/4 43/3/4
f 51/3/20 49/3/20 41/3/20
f 41/3/2 49/3/2 50/3/2
f 54/3/21 55/3/21 53/3/21
f 56/3/2 59/3/2 55/3/2
f 57/3/4 62/3/4 58/3/4
f 57/3/4 54/3/4 53/3/4
f 59/3/22 53/3/22 55/3/22
f 56/3/23 58/3/23 60/3/23
f 64/3/24 61/3/24 63/3/24
f 59/3/25 61/3/25 57/3/25
f 58/3/26 64/3/26 60/3/26
f 60/3/2 63/3/2 59/3/2
f 68/3/2 75/3/2 76/3/2
f 80/3/2 71/3/2 77/3/2
f 72/3/27 69/3/27 71/3/27
f 65/3/4 94/3/4 101/3/4
f 71/3/28 82/3/28 77/3/28
f 68/3/29 84/3/30 79/3/30
f 74/3/31 75/3/31 73/3/31
f 66/3/4 73/3/4 65/3/4
f 68/3/32 74/3/32 66/3/32
f 65/3/33 75/3/33 67/3/33
f 72/3/30 83/3/30 70/3/30
f 79/3/30 157/3/30 145/3/30
f 78/3/34 65/3/35 67/3/35
f 77/3/28 241/3/28 233/3/28
f 70/3/4 82/3/4 69/3/4
f 112/3/4 108/3/4 89/3/4
f 95/3/2 93/3/2 67/3/2
f 128/3/2 80/3/2 77/3/2
f 109/3/2 87/3/2 86/3/2
f 115/3/2 86/3/2 117/3/2
f 131/3/4 124/3/4 82/3/4
f 89/3/4 114/3/4 116/3/4
f 81/3/34 137/3/28 133/3/28
f 85/3/28 198/3/28 86/3/28
f 83/3/30 238/3/30 222/3/30
f 87/3/30 192/3/30 88/3/30
f 183/3/36 184/3/37 105/3/38
f 101/3/39 102/3/39 104/3/39
f 200/3/31 109/3/31 111/3/31
f 171/3/28 143/3/28 147/3/28
f 127/3/38 130/3/38 128/3/38
f 96/3/40 98/3/40 93/3/40
f 98/3/30 160/3/30 148/3/30
f 207/3/27 116/3/27 114/3/27
f 193/3/41 122/3/40 113/3/40
f 196/3/39 117/3/39 118/3/39
f 124/3/42 132/3/42 125/3/42
f 95/3/27 101/3/27 94/3/27
f 130/3/28 244/3/28 236/3/28
f 131/3/31 128/3/31 132/3/31
f 211/3/30 231/3/30 235/3/30
f 181/3/43 200/3/42 111/3/42
f 219/3/44 217/3/44 215/3/45
f 216/3/44 218/3/44 220/3/46
f 175/3/43 108/3/42 112/3/42
f 247/3/31 249/3/31 245/3/31
f 246/3/31 252/3/31 248/3/31
f 192/3/4 197/3/4 196/3/4
f 182/3/47 172/3/48 170/3/48
f 169/3/48 171/3/49 184/3/50
f 160/3/51 153/3/52 158/3/53
f 157/3/51 155/3/51 159/3/54
f 156/3/27 149/3/27 153/3/27
f 154/3/27 151/3/27 155/3/27
f 126/3/40 123/3/40 205/3/41
f 144/3/55 146/3/55 142/3/55
f 141/3/55 147/3/55 143/3/55
f 202/3/28 89/3/28 186/3/28
f 225/3/56 223/3/56 221/3/56
f 226/3/56 224/3/56 228/3/57
f 173/3/30 165/3/30 134/3/30
f 176/3/58 175/3/59 174/3/60
f 173/3/60 177/3/59 178/3/58
f 239/3/30 223/3/30 124/3/30
f 180/3/28 170/3/28 146/3/28
f 215/3/28 225/3/28 221/3/28
f 172/3/27 166/3/27 170/3/27
f 169/3/27 167/3/27 171/3/27
f 121/3/39 119/3/39 206/3/61
f 231/3/27 225/3/27 229/3/27
f 230/3/27 228/3/27 232/3/27
f 148/3/4 158/3/4 146/3/4
f 145/3/4 159/3/4 147/3/4
f 177/3/62 110/3/38 106/3/38
f 235/3/53 229/3/52 233/3/52
f 234/3/53 232/3/52 236/3/52
f 136/3/30 96/3/30 108/3/30
f 164/3/31 142/3/31 162/3/31
f 161/3/31 143/3/31 163/3/31
f 188/3/31 110/3/31 187/3/31
f 217/3/31 209/3/31 215/3/31
f 216/3/31 212/3/31 218/3/31
f 140/3/2 133/3/2 137/3/2
f 138/3/2 135/3/2 139/3/2
f 187/3/2 185/3/2 208/3/2
f 195/3/27 117/3/27 196/3/27
f 152/3/56 137/3/63 149/3/63
f 150/3/63 139/3/63 151/3/64
f 223/3/2 237/3/2 221/3/2
f 224/3/2 238/3/2 240/3/2
f 224/3/28 129/3/28 121/3/28
f 251/3/55 241/3/55 249/3/55
f 250/3/55 244/3/55 252/3/55
f 213/3/65 193/3/66 189/3/67
f 191/3/67 194/3/68 214/3/69
f 136/3/70 162/3/70 133/3/71
f 134/3/70 163/3/70 135/3/71
f 210/3/30 230/3/30 234/3/30
f 243/3/4 233/3/4 241/3/4
f 242/3/4 236/3/4 244/3/4
f 139/3/28 135/3/28 99/3/28
f 185/3/30 91/3/30 204/3/30
f 239/3/70 245/3/70 237/3/70
f 240/3/70 246/3/70 248/3/70
f 68/3/2 67/3/2 75/3/2
f 80/3/2 72/3/2 71/3/2
f 72/3/27 70/3/27 69/3/27
f 65/3/4 81/3/4 97/3/4
f 65/3/4 97/3/4 94/3/4
f 84/3/4 66/3/4 103/3/4
f 66/3/4 65/3/4 101/3/4
f 101/3/4 103/3/4 66/3/4
f 71/3/28 69/3/28 82/3/28
f 68/3/29 66/3/29 84/3/30
f 74/3/31 76/3/31 75/3/31
f 66/3/4 74/3/4 73/3/4
f 68/3/32 76/3/32 74/3/32
f 65/3/33 73/3/33 75/3/33
f 72/3/30 80/3/30 83/3/30
f 197/3/30 87/3/30 179/3/30
f 87/3/30 79/3/30 145/3/30
f 179/3/30 87/3/30 145/3/30
f 79/3/30 84/3/30 150/3/30
f 79/3/30 150/3/30 154/3/30
f 141/3/30 169/3/30 145/3/30
f 169/3/30 179/3/30 145/3/30
f 79/3/30 154/3/30 157/3/30
f 78/3/34 81/3/34 65/3/35
f 190/3/28 85/3/28 189/3/28
f 85/3/28 77/3/28 233/3/28
f 189/3/28 85/3/28 233/3/28
f 77/3/28 82/3/28 245/3/28
f 77/3/28 245/3/28 249/3/28
f 229/3/28 209/3/28 233/3/28
f 209/3/28 189/3/28 233/3/28
f 77/3/28 249/3/28 241/3/28
f 70/3/4 83/3/4 82/3/4
f 84/3/4 103/3/4 99/3/4
f 84/3/4 99/3/4 106/3/4
f 96/3/4 97/3/4 81/3/4
f 108/3/4 96/3/4 81/3/4
f 92/3/4 84/3/4 106/3/4
f 92/3/4 106/3/4 110/3/4
f 108/3/4 81/3/4 89/3/4
f 92/3/4 110/3/4 89/3/4
f 110/3/4 112/3/4 89/3/4
f 78/3/2 67/3/2 93/3/2
f 67/3/2 68/3/2 102/3/2
f 95/3/2 67/3/2 102/3/2
f 68/3/2 79/3/2 104/3/2
f 68/3/2 104/3/2 102/3/2
f 85/3/2 113/3/2 122/3/2
f 85/3/2 122/3/2 125/3/2
f 120/3/2 118/3/2 88/3/2
f 130/3/2 120/3/2 88/3/2
f 77/3/2 85/3/2 125/3/2
f 77/3/2 125/3/2 132/3/2
f 130/3/2 88/3/2 80/3/2
f 77/3/2 132/3/2 128/3/2
f 128/3/2 130/3/2 80/3/2
f 78/3/2 93/3/2 98/3/2
f 78/3/2 98/3/2 107/3/2
f 100/3/2 104/3/2 79/3/2
f 105/3/2 100/3/2 79/3/2
f 86/3/2 78/3/2 107/3/2
f 86/3/2 107/3/2 111/3/2
f 105/3/2 79/3/2 87/3/2
f 86/3/2 111/3/2 109/3/2
f 109/3/2 105/3/2 87/3/2
f 85/3/2 86/3/2 115/3/2
f 86/3/2 87/3/2 117/3/2
f 85/3/2 115/3/2 113/3/2
f 87/3/2 88/3/2 117/3/2
f 88/3/2 118/3/2 117/3/2
f 91/3/4 119/3/4 121/3/4
f 91/3/4 121/3/4 129/3/4
f 123/3/4 126/3/4 90/3/4
f 124/3/4 123/3/4 90/3/4
f 83/3/4 91/3/4 129/3/4
f 83/3/4 129/3/4 127/3/4
f 124/3/4 90/3/4 82/3/4
f 83/3/4 127/3/4 82/3/4
f 127/3/4 131/3/4 82/3/4
f 89/3/4 90/3/4 114/3/4
f 90/3/4 126/3/4 114/3/4
f 91/3/4 92/3/4 116/3/4
f 92/3/4 89/3/4 116/3/4
f 116/3/4 119/3/4 91/3/4
f 81/3/34 78/3/34 149/3/28
f 78/3/34 153/3/28 149/3/28
f 186/3/28 89/3/28 174/3/28
f 89/3/28 81/3/34 133/3/28
f 174/3/28 89/3/28 133/3/28
f 162/3/28 166/3/28 133/3/28
f 166/3/28 174/3/28 133/3/28
f 81/3/34 149/3/28 137/3/28
f 85/3/28 190/3/28 198/3/28
f 83/3/30 80/3/30 246/3/30
f 80/3/30 250/3/30 246/3/30
f 204/3/30 91/3/30 203/3/30
f 91/3/30 83/3/30 222/3/30
f 203/3/30 91/3/30 222/3/30
f 226/3/30 216/3/30 222/3/30
f 216/3/30 203/3/30 222/3/30
f 83/3/30 246/3/30 238/3/30
f 87/3/30 197/3/30 192/3/30
f 105/3/38 109/3/38 183/3/36
f 109/3/38 199/3/38 183/3/36
f 104/3/39 100/3/39 99/3/39
f 99/3/39 103/3/39 104/3/39
f 103/3/39 101/3/39 104/3/39
f 200/3/31 199/3/31 109/3/31
f 100/3/28 105/3/28 147/3/28
f 105/3/28 184/3/28 171/3/28
f 147/3/28 105/3/28 171/3/28
f 171/3/28 167/3/28 163/3/28
f 159/3/28 155/3/28 100/3/28
f 147/3/28 159/3/28 100/3/28
f 171/3/28 163/3/28 143/3/28
f 127/3/38 129/3/38 130/3/38
f 93/3/40 95/3/40 94/3/40
f 94/3/40 97/3/40 93/3/40
f 97/3/40 96/3/40 93/3/40
f 98/3/30 96/3/30 152/3/30
f 98/3/30 152/3/30 156/3/30
f 182/3/30 107/3/30 172/3/30
f 107/3/30 98/3/30 148/3/30
f 144/3/30 172/3/30 148/3/30
f 148/3/30 172/3/30 107/3/30
f 98/3/30 156/3/30 160/3/30
f 207/3/27 208/3/27 116/3/27
f 113/3/40 115/3/40 195/3/40
f 193/3/41 213/3/72 122/3/40
f 113/3/40 195/3/40 193/3/41
f 118/3/39 120/3/39 194/3/61
f 120/3/39 214/3/73 194/3/61
f 194/3/61 196/3/39 118/3/39
f 124/3/42 131/3/42 132/3/42
f 95/3/27 102/3/27 101/3/27
f 130/3/28 129/3/28 248/3/28
f 130/3/28 248/3/28 252/3/28
f 214/3/28 120/3/28 212/3/28
f 120/3/28 130/3/28 236/3/28
f 232/3/28 212/3/28 236/3/28
f 236/3/28 212/3/28 120/3/28
f 130/3/28 252/3/28 244/3/28
f 131/3/31 127/3/31 128/3/31
f 125/3/30 122/3/30 235/3/30
f 122/3/30 213/3/30 211/3/30
f 235/3/30 122/3/30 211/3/30
f 211/3/30 217/3/30 227/3/30
f 243/3/30 251/3/30 125/3/30
f 235/3/30 243/3/30 125/3/30
f 211/3/30 227/3/30 231/3/30
f 111/3/42 107/3/42 181/3/43
f 107/3/42 182/3/74 181/3/43
f 215/3/45 201/3/45 219/3/44
f 201/3/45 205/3/75 219/3/44
f 220/3/46 206/3/76 203/3/44
f 203/3/44 216/3/44 220/3/46
f 112/3/42 188/3/42 175/3/43
f 175/3/43 176/3/43 108/3/42
f 247/3/31 251/3/31 249/3/31
f 246/3/31 250/3/31 252/3/31
f 190/3/4 189/3/4 193/3/4
f 190/3/4 193/3/4 195/3/4
f 181/3/4 180/3/4 198/3/4
f 198/3/4 190/3/4 195/3/4
f 196/3/4 194/3/4 192/3/4
f 194/3/4 191/3/4 192/3/4
f 198/3/4 195/3/4 200/3/4
f 195/3/4 196/3/4 200/3/4
f 200/3/4 181/3/4 198/3/4
f 179/3/4 183/3/4 197/3/4
f 183/3/4 199/3/4 197/3/4
f 199/3/4 200/3/4 196/3/4
f 199/3/4 196/3/4 197/3/4
f 170/3/48 180/3/48 182/3/47
f 180/3/48 181/3/77 182/3/47
f 184/3/50 183/3/78 179/3/47
f 179/3/47 169/3/48 184/3/50
f 160/3/51 156/3/51 153/3/52
f 157/3/51 154/3/51 155/3/51
f 156/3/27 152/3/27 149/3/27
f 154/3/27 150/3/27 151/3/27
f 123/3/40 219/3/41 205/3/41
f 205/3/41 207/3/40 126/3/40
f 207/3/40 114/3/40 126/3/40
f 144/3/55 148/3/79 146/3/55
f 141/3/55 145/3/80 147/3/55
f 202/3/28 90/3/28 89/3/28
f 225/3/56 227/3/56 223/3/56
f 226/3/56 222/3/56 224/3/56
f 92/3/30 185/3/30 173/3/30
f 165/3/30 169/3/30 141/3/30
f 84/3/30 92/3/30 134/3/30
f 92/3/30 173/3/30 134/3/30
f 165/3/30 141/3/30 161/3/30
f 138/3/30 150/3/30 84/3/30
f 165/3/30 161/3/30 134/3/30
f 134/3/30 138/3/30 84/3/30
f 174/3/60 166/3/60 176/3/58
f 166/3/60 168/3/60 176/3/58
f 178/3/58 167/3/81 165/3/60
f 165/3/60 173/3/60 178/3/58
f 124/3/30 125/3/30 247/3/30
f 125/3/30 251/3/30 247/3/30
f 219/3/30 123/3/30 217/3/30
f 123/3/30 124/3/30 223/3/30
f 227/3/30 217/3/30 223/3/30
f 223/3/30 217/3/30 123/3/30
f 124/3/30 247/3/30 239/3/30
f 86/3/28 198/3/28 180/3/28
f 170/3/28 166/3/28 162/3/28
f 78/3/34 86/3/28 146/3/28
f 86/3/28 180/3/28 146/3/28
f 170/3/28 162/3/28 142/3/28
f 158/3/28 153/3/28 78/3/34
f 170/3/28 142/3/28 146/3/28
f 146/3/28 158/3/28 78/3/34
f 90/3/28 202/3/28 201/3/28
f 215/3/28 209/3/28 229/3/28
f 90/3/28 201/3/28 221/3/28
f 201/3/28 215/3/28 221/3/28
f 237/3/28 245/3/28 82/3/28
f 221/3/28 237/3/28 82/3/28
f 215/3/28 229/3/28 225/3/28
f 221/3/28 82/3/28 90/3/28
f 172/3/27 168/3/27 166/3/27
f 169/3/27 165/3/27 167/3/27
f 116/3/39 208/3/39 119/3/39
f 208/3/39 206/3/61 119/3/39
f 206/3/61 220/3/82 121/3/39
f 231/3/27 227/3/27 225/3/27
f 230/3/27 226/3/27 228/3/27
f 148/3/4 160/3/4 158/3/4
f 145/3/4 157/3/4 159/3/4
f 106/3/38 178/3/37 177/3/62
f 177/3/62 187/3/38 110/3/38
f 235/3/53 231/3/53 229/3/52
f 234/3/53 230/3/54 232/3/52
f 108/3/30 176/3/30 168/3/30
f 168/3/30 172/3/30 144/3/30
f 168/3/30 144/3/30 164/3/30
f 140/3/30 152/3/30 96/3/30
f 168/3/30 164/3/30 136/3/30
f 136/3/30 140/3/30 96/3/30
f 108/3/30 168/3/30 136/3/30
f 164/3/31 144/3/31 142/3/31
f 161/3/31 141/3/31 143/3/31
f 188/3/31 112/3/31 110/3/31
f 217/3/31 211/3/31 209/3/31
f 216/3/31 210/3/31 212/3/31
f 140/3/2 136/3/2 133/3/2
f 138/3/2 134/3/2 135/3/2
f 186/3/2 174/3/2 175/3/2
f 186/3/2 175/3/2 188/3/2
f 201/3/2 202/3/2 205/3/2
f 202/3/2 186/3/2 207/3/2
f 207/3/2 205/3/2 202/3/2
f 203/3/2 206/3/2 204/3/2
f 206/3/2 208/3/2 204/3/2
f 208/3/2 207/3/2 188/3/2
f 207/3/2 186/3/2 188/3/2
f 188/3/2 187/3/2 208/3/2
f 187/3/2 177/3/2 185/3/2
f 177/3/2 173/3/2 185/3/2
f 185/3/2 204/3/2 208/3/2
f 195/3/27 115/3/27 117/3/27
f 152/3/56 140/3/56 137/3/63
f 150/3/63 138/3/63 139/3/63
f 223/3/2 239/3/2 237/3/2
f 224/3/2 222/3/2 238/3/2
f 121/3/28 220/3/28 218/3/28
f 218/3/28 212/3/28 232/3/28
f 218/3/28 232/3/28 228/3/28
f 240/3/28 248/3/28 129/3/28
f 218/3/28 228/3/28 224/3/28
f 224/3/28 240/3/28 129/3/28
f 121/3/28 218/3/28 224/3/28
f 251/3/55 243/3/55 241/3/55
f 250/3/55 242/3/55 244/3/55
f 189/3/67 209/3/65 213/3/65
f 209/3/65 211/3/65 213/3/65
f 214/3/69 212/3/65 210/3/65
f 210/3/65 191/3/67 214/3/69
f 136/3/70 164/3/70 162/3/70
f 134/3/70 161/3/83 163/3/70
f 88/3/30 192/3/30 191/3/30
f 210/3/30 216/3/30 226/3/30
f 88/3/30 191/3/30 234/3/30
f 191/3/30 210/3/30 234/3/30
f 242/3/30 250/3/30 80/3/30
f 234/3/30 242/3/30 80/3/30
f 210/3/30 226/3/30 230/3/30
f 234/3/30 80/3/30 88/3/30
f 243/3/4 235/3/4 233/3/4
f 242/3/4 234/3/4 236/3/4
f 99/3/28 100/3/28 151/3/28
f 100/3/28 155/3/28 151/3/28
f 178/3/28 106/3/28 167/3/28
f 106/3/28 99/3/28 135/3/28
f 163/3/28 167/3/28 135/3/28
f 135/3/28 167/3/28 106/3/28
f 99/3/28 151/3/28 139/3/28
f 185/3/30 92/3/30 91/3/30
f 239/3/70 247/3/70 245/3/70
f 240/3/70 238/3/70 246/3/70
f 254/3/84 255/3/84 253/3/84
f 255/3/2 260/3/2 259/3/2
f 257/3/4 262/3/4 258/3/4
f 258/3/4 253/3/4 257/3/4
f 259/3/85 253/3/85 255/3/85
f 256/3/86 258/3/86 260/3/86
f 263/3/87 262/3/87 261/3/87
f 257/3/88 263/3/88 261/3/88
f 258/3/89 264/3/89 260/3/89
f 260/3/2 263/3/2 259/3/2
f 265/3/90 268/3/90 267/3/90
f 268/3/91 269/3/91 267/3/91
f 270/3/92 271/3/92 269/3/92
f 272/3/93 273/3/93 271/3/93
f 274/3/94 275/3/94 273/3/94
f 276/3/95 277/3/95 275/3/95
f 278/3/96 289/3/96 290/3/96
f 278/3/97 279/3/97 277/3/97
f 280/3/98 265/3/98 279/3/98
f 269/3/99 2974/3/99 303/3/99
f 270/3/96 287/3/96 272/3/96
f 268/3/96 284/3/96 285/3/96
f 280/3/96 284/3/96 266/3/96
f 276/3/96 288/3/96 289/3/96
f 270/3/96 285/3/96 286/3/96
f 278/3/96 291/3/96 280/3/96
f 272/3/96 288/3/96 274/3/96
f 277/3/99 283/3/99 275/3/99
f 271/3/99 282/3/99 2974/3/99
f 277/3/99 2975/3/99 304/3/99
f 269/3/99 2973/3/99 267/3/99
f 275/3/99 282/3/99 273/3/99
f 279/3/99 281/3/99 2975/3/99
f 267/3/99 281/3/99 265/3/99
f 288/3/90 297/3/90 289/3/90
f 291/3/92 298/3/100 299/3/92
f 285/3/95 294/3/95 286/3/95
f 288/3/98 295/3/98 296/3/98
f 289/3/91 298/3/101 290/3/101
f 291/3/93 292/3/93 284/3/93
f 284/3/94 293/3/94 285/3/94
f 286/3/97 295/3/97 287/3/97
f 294/3/96 301/3/96 302/3/96
f 295/3/96 306/3/96 296/3/96
f 298/3/96 2920/3/96 2936/3/96
f 299/3/96 300/3/96 292/3/96
f 293/3/96 300/3/96 301/3/96
f 294/3/96 305/3/96 295/3/96
f 297/3/96 306/3/96 2920/3/96
f 298/3/96 2921/3/96 299/3/96
f 308/3/102 309/3/102 307/3/102
f 310/3/103 311/3/103 309/3/103
f 312/3/104 313/3/104 311/3/104
f 314/3/105 315/3/105 313/3/105
f 314/3/4 312/3/4 308/3/4
f 316/3/106 317/3/106 315/3/106
f 318/3/107 307/3/107 317/3/107
f 313/3/2 315/3/2 317/3/2
f 320/3/108 321/3/108 319/3/108
f 322/3/103 323/3/103 321/3/103
f 324/3/104 325/3/104 323/3/104
f 325/3/109 328/3/109 327/3/109
f 326/3/4 324/3/4 320/3/4
f 328/3/106 329/3/106 327/3/106
f 330/3/107 319/3/110 329/3/110
f 325/3/2 327/3/2 329/3/2
f 54/3/21 56/3/21 55/3/21
f 56/3/2 60/3/2 59/3/2
f 57/3/4 61/3/4 62/3/4
f 57/3/4 58/3/4 54/3/4
f 59/3/22 57/3/22 53/3/22
f 56/3/23 54/3/23 58/3/23
f 64/3/24 62/3/24 61/3/24
f 59/3/25 63/3/25 61/3/25
f 58/3/26 62/3/26 64/3/26
f 60/3/2 64/3/2 63/3/2
f 254/3/84 256/3/84 255/3/84
f 255/3/2 256/3/2 260/3/2
f 257/3/4 261/3/4 262/3/4
f 258/3/4 254/3/4 253/3/4
f 259/3/85 257/3/85 253/3/85
f 256/3/86 254/3/86 258/3/86
f 263/3/87 264/3/87 262/3/87
f 257/3/88 259/3/88 263/3/88
f 258/3/89 262/3/89 264/3/89
f 260/3/2 264/3/2 263/3/2
f 265/3/90 266/3/90 268/3/90
f 268/3/91 270/3/91 269/3/91
f 270/3/92 272/3/92 271/3/92
f 272/3/93 274/3/93 273/3/93
f 274/3/94 276/3/94 275/3/94
f 276/3/95 278/3/95 277/3/95
f 278/3/96 276/3/96 289/3/96
f 278/3/97 280/3/97 279/3/97
f 280/3/98 266/3/98 265/3/98
f 269/3/99 271/3/99 2974/3/99
f 270/3/96 286/3/96 287/3/96
f 268/3/96 266/3/96 284/3/96
f 280/3/96 291/3/96 284/3/96
f 276/3/96 274/3/96 288/3/96
f 270/3/96 268/3/96 285/3/96
f 278/3/96 290/3/96 291/3/96
f 272/3/96 287/3/96 288/3/96
f 277/3/99 304/3/99 283/3/99
f 271/3/99 273/3/99 282/3/99
f 277/3/99 279/3/99 2975/3/99
f 269/3/99 303/3/99 2973/3/99
f 275/3/99 283/3/99 282/3/99
f 279/3/99 265/3/99 281/3/99
f 267/3/99 2973/3/99 281/3/99
f 288/3/90 296/3/90 297/3/90
f 291/3/92 290/3/100 298/3/100
f 285/3/95 293/3/95 294/3/95
f 288/3/98 287/3/98 295/3/98
f 289/3/91 297/3/91 298/3/101
f 291/3/93 299/3/93 292/3/93
f 284/3/94 292/3/94 293/3/94
f 286/3/97 294/3/97 295/3/97
f 294/3/96 293/3/96 301/3/96
f 295/3/96 305/3/96 306/3/96
f 298/3/96 297/3/96 2920/3/96
f 299/3/96 2921/3/96 300/3/96
f 293/3/96 292/3/96 300/3/96
f 294/3/96 302/3/96 305/3/96
f 297/3/96 296/3/96 306/3/96
f 298/3/96 2936/3/96 2921/3/96
f 308/3/102 310/3/102 309/3/102
f 310/3/103 312/3/103 311/3/103
f 312/3/104 314/3/104 313/3/104
f 314/3/105 316/3/105 315/3/105
f 312/3/4 310/3/4 308/3/4
f 308/3/4 318/3/4 316/3/4
f 316/3/4 314/3/4 308/3/4
f 316/3/106 318/3/106 317/3/106
f 318/3/107 308/3/107 307/3/107
f 317/3/2 307/3/2 313/3/2
f 307/3/2 309/3/2 313/3/2
f 309/3/2 311/3/2 313/3/2
f 320/3/108 322/3/108 321/3/108
f 322/3/103 324/3/103 323/3/103
f 324/3/104 326/3/104 325/3/104
f 325/3/109 326/3/109 328/3/109
f 324/3/4 322/3/4 320/3/4
f 320/3/4 330/3/4 328/3/4
f 328/3/4 326/3/4 320/3/4
f 328/3/106 330/3/106 329/3/106
f 330/3/107 320/3/107 319/3/110
f 329/3/2 319/3/2 325/3/2
f 319/3/2 321/3/2 325/3/2
f 321/3/2 323/3/2 325/3/2
f 348/3/111 333/3/111 352/3/111
f 355/3/4 332/3/4 331/3/4
f 352/3/112 347/3/112 340/3/112
f 350/3/113 422/3/113 421/3/113
f 332/3/113 350/3/113 353/3/113
f 356/3/4 337/3/4 358/3/4
f 358/3/4 341/3/4 339/3/4
f 335/3/113 344/3/113 350/3/113
f 342/3/114 343/3/114 365/3/114
f 365/3/115 339/3/115 342/3/115
f 382/3/116 426/3/116 451/3/116
f 355/3/117 345/3/117 360/3/117
f 374/3/4 363/3/4 375/3/4
f 379/3/4 362/3/4 381/3/4
f 379/3/113 361/3/113 349/3/113
f 380/3/111 338/3/111 382/3/111
f 367/3/118 429/3/118 426/3/118
f 381/3/4 351/3/4 380/3/4
f 357/3/116 349/3/116 361/3/116
f 333/3/117 360/3/117 347/3/117
f 332/3/4 358/3/4 335/3/4
f 333/3/4 356/3/4 355/3/4
f 336/3/116 366/3/116 354/3/116
f 373/3/119 363/3/119 336/3/119
f 348/3/120 337/3/120 334/3/120
f 346/3/111 341/3/111 337/3/111
f 444/3/116 377/3/116 376/3/116
f 359/3/113 345/3/113 331/3/113
f 332/3/113 359/3/113 331/3/113
f 427/3/116 361/3/116 425/3/116
f 376/3/121 366/3/121 374/3/121
f 419/3/113 364/3/113 359/3/113
f 452/3/113 361/3/113 378/3/113
f 353/3/113 421/3/113 420/3/113
f 353/3/113 419/3/113 359/3/113
f 352/3/122 368/3/122 372/3/122
f 352/3/2 371/3/2 348/3/2
f 424/3/115 368/3/115 340/3/115
f 346/3/2 369/3/2 343/3/2
f 346/3/2 371/3/2 370/3/2
f 370/3/111 435/3/111 369/3/111
f 371/3/123 436/3/123 370/3/123
f 372/3/111 437/3/111 371/3/111
f 368/3/112 438/3/112 372/3/112
f 362/3/121 376/3/121 374/3/121
f 427/3/121 376/3/121 357/3/121
f 351/3/119 373/3/119 338/3/119
f 362/3/4 375/3/4 351/3/4
f 382/3/124 338/3/125 373/3/126
f 340/3/111 451/3/111 424/3/111
f 423/3/113 378/3/113 364/3/113
f 360/3/4 380/3/4 347/3/4
f 347/3/111 382/3/111 340/3/111
f 345/3/113 378/3/113 379/3/113
f 345/3/4 381/3/4 360/3/4
f 385/3/111 400/3/111 404/3/111
f 383/3/2 408/3/2 407/3/2
f 404/3/112 399/3/112 385/3/112
f 422/3/113 402/3/113 421/3/113
f 402/3/113 384/3/113 405/3/113
f 408/3/2 389/3/2 386/3/2
f 391/3/2 393/3/2 410/3/2
f 396/3/113 387/3/113 402/3/113
f 395/3/114 394/3/114 417/3/114
f 417/3/115 391/3/115 396/3/115
f 426/3/116 450/3/116 451/3/116
f 407/3/127 397/3/127 383/3/127
f 415/3/2 441/3/2 442/3/2
f 414/3/2 447/3/2 449/3/2
f 447/3/113 413/3/113 446/3/113
f 390/3/111 448/3/111 450/3/111
f 428/3/118 429/3/118 445/3/118
f 403/3/2 449/3/2 448/3/2
f 401/3/116 409/3/116 413/3/116
f 385/3/127 412/3/127 407/3/127
f 384/3/2 410/3/2 408/3/2
f 407/3/2 386/3/2 385/3/2
f 418/3/116 388/3/116 406/3/116
f 388/3/119 442/3/119 440/3/119
f 389/3/120 400/3/120 386/3/120
f 393/3/111 398/3/111 389/3/111
f 445/3/116 444/3/116 443/3/116
f 397/3/113 411/3/113 383/3/113
f 411/3/113 384/3/113 383/3/113
f 413/3/116 427/3/116 425/3/116
f 441/3/121 406/3/121 443/3/121
f 416/3/113 419/3/113 411/3/113
f 413/3/113 452/3/113 446/3/113
f 421/3/113 405/3/113 420/3/113
f 419/3/113 405/3/113 411/3/113
f 404/3/128 430/3/128 392/3/128
f 433/3/4 404/3/4 400/3/4
f 430/3/115 424/3/115 392/3/115
f 431/3/4 398/3/4 395/3/4
f 398/3/4 433/3/4 400/3/4
f 435/3/111 432/3/111 431/3/111
f 436/3/123 433/3/123 432/3/123
f 437/3/111 434/3/111 433/3/111
f 438/3/112 430/3/112 434/3/112
f 414/3/121 443/3/121 409/3/121
f 443/3/121 427/3/121 409/3/121
f 440/3/119 403/3/119 390/3/119
f 442/3/2 414/3/2 403/3/2
f 445/3/129 443/3/4 406/3/4
f 451/3/111 392/3/111 424/3/111
f 446/3/113 423/3/113 416/3/113
f 448/3/2 412/3/2 399/3/2
f 450/3/111 399/3/111 392/3/111
f 397/3/113 446/3/113 416/3/113
f 449/3/2 397/3/2 412/3/2
f 466/3/130 462/3/130 464/3/130
f 589/3/116 453/3/116 484/3/116
f 483/3/115 455/3/115 482/3/115
f 612/3/4 458/3/4 457/3/4
f 473/3/131 461/3/131 460/3/131
f 458/3/111 468/3/111 470/3/111
f 453/3/111 470/3/111 465/3/111
f 463/3/132 494/3/132 464/3/132
f 453/3/111 501/3/111 484/3/111
f 459/3/133 460/3/134 461/3/135
f 459/3/113 489/3/113 490/3/113
f 461/3/113 508/3/113 489/3/113
f 462/3/136 463/3/137 464/3/138
f 460/3/134 463/3/137 462/3/136
f 459/3/113 488/3/113 463/3/113
f 454/3/139 471/3/139 472/3/111
f 454/3/139 506/3/139 471/3/139
f 467/3/4 462/3/4 469/3/4
f 465/3/140 502/3/141 501/3/142
f 468/3/143 473/3/144 467/3/145
f 470/3/146 467/3/147 469/3/148
f 465/3/149 469/3/150 466/3/151
f 502/3/116 464/3/116 494/3/116
f 473/3/115 472/3/115 471/3/115
f 496/3/152 491/3/152 499/3/152
f 478/3/153 477/3/153 479/3/153
f 475/3/116 589/3/116 484/3/116
f 477/3/115 483/3/115 482/3/115
f 481/3/2 479/3/2 480/3/2
f 487/3/153 507/3/153 505/3/153
f 481/3/111 498/3/111 478/3/111
f 475/3/111 500/3/111 481/3/111
f 494/3/132 492/3/132 493/3/132
f 501/3/111 475/3/111 484/3/111
f 485/3/154 487/3/155 486/3/156
f 485/3/113 489/3/113 487/3/113
f 487/3/113 508/3/113 507/3/113
f 491/3/157 493/3/158 492/3/159
f 492/3/159 486/3/156 491/3/157
f 488/3/113 485/3/113 492/3/113
f 504/3/111 503/3/139 476/3/139
f 476/3/139 506/3/139 483/3/139
f 499/3/2 486/3/2 497/3/2
f 502/3/141 495/3/140 501/3/142
f 498/3/160 505/3/161 504/3/162
f 500/3/163 497/3/164 498/3/165
f 495/3/166 499/3/167 500/3/168
f 502/3/116 493/3/116 496/3/116
f 506/3/115 503/3/115 505/3/115
f 521/3/169 517/3/169 524/3/169
f 538/3/170 594/3/170 592/3/170
f 511/3/171 537/3/171 536/3/171
f 622/3/172 566/3/173 570/3/174
f 516/3/175 529/3/175 528/3/175
f 513/3/176 523/3/176 512/3/176
f 520/3/177 513/3/177 509/3/177
f 519/3/178 542/3/178 518/3/178
f 555/3/179 509/3/179 538/3/179
f 514/3/180 516/3/180 515/3/180
f 514/3/181 543/3/181 516/3/181
f 516/3/182 562/3/182 529/3/182
f 517/3/183 519/3/183 518/3/183
f 517/3/184 514/3/184 515/3/184
f 518/3/185 544/3/186 514/3/186
f 526/3/187 512/3/187 527/3/187
f 510/3/188 560/3/188 537/3/188
f 524/3/189 515/3/189 522/3/189
f 556/3/190 520/3/191 555/3/190
f 523/3/192 528/3/192 527/3/192
f 525/3/193 522/3/193 523/3/193
f 521/3/194 525/3/194 520/3/194
f 556/3/195 519/3/196 521/3/197
f 526/3/198 527/3/198 529/3/198
f 550/3/199 545/3/199 547/3/199
f 532/3/200 533/3/200 534/3/200
f 538/3/201 591/3/201 530/3/201
f 537/3/202 532/3/202 536/3/202
f 597/3/203 533/3/203 535/3/203
f 561/3/204 541/3/204 540/3/204
f 535/3/205 552/3/205 554/3/205
f 535/3/206 549/3/206 530/3/206
f 547/3/207 542/3/207 548/3/207
f 530/3/208 555/3/208 538/3/208
f 539/3/209 540/3/209 541/3/209
f 539/3/210 543/3/210 544/3/210
f 541/3/211 562/3/211 543/3/211
f 545/3/212 546/3/212 547/3/212
f 545/3/213 539/3/213 546/3/213
f 546/3/214 544/3/210 542/3/214
f 557/3/215 558/3/215 533/3/215
f 531/3/216 560/3/216 557/3/216
f 553/3/217 540/3/217 545/3/217
f 549/3/218 556/3/190 555/3/190
f 552/3/219 559/3/219 551/3/219
f 554/3/220 551/3/220 553/3/220
f 554/3/221 550/3/221 549/3/221
f 556/3/222 547/3/223 548/3/224
f 558/3/225 557/3/225 561/3/225
f 581/3/226 574/3/226 582/3/226
f 573/3/227 576/3/227 574/3/227
f 610/3/131 606/3/131 454/3/131
f 581/3/227 580/3/227 579/3/227
f 564/3/228 624/3/229 618/3/230
f 578/3/231 571/3/231 577/3/231
f 566/3/232 569/3/233 570/3/233
f 563/3/234 576/3/234 575/3/234
f 564/3/111 563/3/111 567/3/111
f 584/3/235 577/3/235 583/3/235
f 570/3/235 571/3/235 572/3/235
f 599/3/111 600/3/111 457/3/111
f 586/3/236 509/3/236 513/3/236
f 590/3/237 597/3/237 535/3/237
f 458/3/238 453/3/238 585/3/238
f 481/3/239 480/3/239 587/3/239
f 596/3/111 595/3/111 480/3/111
f 585/3/111 594/3/111 586/3/111
f 587/3/111 591/3/111 588/3/111
f 592/3/111 594/3/111 589/3/111
f 596/3/4 598/3/4 597/3/4
f 601/3/2 602/3/2 600/3/2
f 611/3/240 609/3/240 608/3/240
f 619/3/113 625/3/113 624/3/113
f 627/3/113 626/3/113 628/3/113
f 624/3/241 617/3/241 618/3/241
f 613/3/242 621/3/242 622/3/242
f 611/3/111 606/3/111 610/3/111
f 617/3/243 616/3/243 618/3/243
f 626/3/113 620/3/113 619/3/113
f 603/3/244 609/3/244 605/3/244
f 604/3/111 605/3/111 614/3/111
f 615/3/243 607/3/243 616/3/243
f 629/3/111 635/3/111 630/3/111
f 633/3/115 635/3/115 634/3/115
f 632/3/245 634/3/245 629/3/245
f 631/3/246 635/3/246 636/3/246
f 631/3/113 633/3/113 632/3/113
f 629/3/111 634/3/111 635/3/111
f 633/3/115 636/3/115 635/3/115
f 632/3/247 633/3/247 634/3/247
f 631/3/246 630/3/248 635/3/246
f 631/3/113 636/3/113 633/3/113
f 637/3/111 643/3/111 638/3/111
f 641/3/115 643/3/115 642/3/115
f 640/3/247 642/3/247 637/3/247
f 639/3/246 643/3/246 644/3/246
f 639/3/113 641/3/113 640/3/113
f 637/3/111 642/3/111 643/3/111
f 641/3/115 644/3/115 643/3/115
f 640/3/245 641/3/245 642/3/245
f 639/3/246 638/3/246 643/3/246
f 639/3/113 644/3/113 641/3/113
f 645/3/111 651/3/111 646/3/111
f 649/3/115 651/3/115 650/3/115
f 648/3/245 650/3/245 645/3/245
f 647/3/246 651/3/248 652/3/246
f 647/3/113 649/3/113 648/3/113
f 645/3/111 650/3/111 651/3/111
f 649/3/115 652/3/115 651/3/115
f 648/3/247 649/3/247 650/3/247
f 647/3/246 646/3/248 651/3/248
f 647/3/113 652/3/113 649/3/113
f 653/3/111 659/3/111 654/3/111
f 657/3/115 659/3/115 658/3/115
f 656/3/247 658/3/247 653/3/247
f 655/3/246 659/3/246 660/3/246
f 655/3/113 657/3/113 656/3/113
f 653/3/111 658/3/111 659/3/111
f 657/3/115 660/3/115 659/3/115
f 656/3/247 657/3/247 658/3/247
f 655/3/246 654/3/246 659/3/246
f 655/3/113 660/3/113 657/3/113
f 661/3/111 667/3/111 662/3/111
f 665/3/115 667/3/115 666/3/115
f 664/3/245 666/3/245 661/3/245
f 663/3/248 667/3/248 668/3/248
f 663/3/113 665/3/113 664/3/113
f 661/3/111 666/3/111 667/3/111
f 665/3/115 668/3/115 667/3/115
f 664/3/245 665/3/245 666/3/245
f 663/3/248 662/3/248 667/3/248
f 663/3/113 668/3/113 665/3/113
f 669/3/111 675/3/111 670/3/111
f 673/3/115 675/3/115 674/3/115
f 672/3/247 674/3/247 669/3/247
f 671/3/246 675/3/246 676/3/246
f 671/3/113 673/3/113 672/3/113
f 669/3/111 674/3/111 675/3/111
f 673/3/115 676/3/115 675/3/115
f 672/3/247 673/3/247 674/3/247
f 671/3/246 670/3/246 675/3/246
f 671/3/113 676/3/113 673/3/113
f 677/3/111 683/3/111 678/3/111
f 681/3/115 683/3/115 682/3/115
f 680/3/247 682/3/247 677/3/247
f 679/3/248 683/3/246 684/3/248
f 679/3/113 681/3/113 680/3/113
f 677/3/111 682/3/111 683/3/111
f 681/3/115 684/3/115 683/3/115
f 680/3/245 681/3/245 682/3/245
f 679/3/248 678/3/246 683/3/246
f 679/3/113 684/3/113 681/3/113
f 685/3/111 691/3/111 686/3/111
f 689/3/115 691/3/115 690/3/115
f 688/3/245 690/3/245 685/3/245
f 687/3/248 691/3/248 692/3/246
f 687/3/113 689/3/113 688/3/113
f 685/3/111 690/3/111 691/3/111
f 689/3/115 692/3/115 691/3/115
f 688/3/247 689/3/247 690/3/247
f 687/3/248 686/3/248 691/3/248
f 687/3/113 692/3/113 689/3/113
f 693/3/111 699/3/111 694/3/111
f 697/3/115 699/3/115 698/3/115
f 696/3/247 698/3/247 693/3/247
f 695/3/246 699/3/246 700/3/246
f 695/3/113 697/3/113 696/3/113
f 693/3/111 698/3/111 699/3/111
f 697/3/115 700/3/115 699/3/115
f 696/3/247 697/3/247 698/3/247
f 695/3/246 694/3/246 699/3/246
f 695/3/113 700/3/113 697/3/113
f 701/3/111 707/3/111 702/3/111
f 705/3/115 707/3/115 706/3/115
f 704/3/245 706/3/245 701/3/245
f 703/3/248 707/3/248 708/3/248
f 703/3/113 705/3/113 704/3/113
f 701/3/111 706/3/111 707/3/111
f 705/3/115 708/3/115 707/3/115
f 704/3/245 705/3/245 706/3/245
f 703/3/248 702/3/248 707/3/248
f 703/3/113 708/3/113 705/3/113
f 709/3/111 715/3/111 710/3/111
f 713/3/115 715/3/115 714/3/115
f 712/3/245 714/3/245 709/3/245
f 711/3/246 715/3/246 716/3/246
f 711/3/113 713/3/113 712/3/113
f 709/3/111 714/3/111 715/3/111
f 713/3/115 716/3/115 715/3/115
f 712/3/247 713/3/247 714/3/247
f 711/3/246 710/3/248 715/3/246
f 711/3/113 716/3/113 713/3/113
f 717/3/111 723/3/111 718/3/111
f 721/3/115 723/3/115 722/3/115
f 720/3/247 722/3/247 717/3/247
f 719/3/246 723/3/246 724/3/246
f 719/3/113 721/3/113 720/3/113
f 717/3/111 722/3/111 723/3/111
f 721/3/115 724/3/115 723/3/115
f 720/3/245 721/3/245 722/3/245
f 719/3/246 718/3/246 723/3/246
f 719/3/113 724/3/113 721/3/113
f 725/3/111 731/3/111 726/3/111
f 729/3/115 731/3/115 730/3/115
f 728/3/245 730/3/245 725/3/245
f 727/3/248 731/3/248 732/3/246
f 727/3/113 729/3/113 728/3/113
f 725/3/111 730/3/111 731/3/111
f 729/3/115 732/3/115 731/3/115
f 728/3/245 729/3/245 730/3/245
f 727/3/248 726/3/248 731/3/248
f 727/3/113 732/3/113 729/3/113
f 733/3/111 739/3/111 734/3/111
f 737/3/115 739/3/115 738/3/115
f 736/3/245 738/3/245 733/3/245
f 735/3/246 739/3/246 740/3/246
f 735/3/113 737/3/113 736/3/113
f 733/3/111 738/3/111 739/3/111
f 737/3/115 740/3/115 739/3/115
f 736/3/247 737/3/247 738/3/247
f 735/3/246 734/3/248 739/3/246
f 735/3/113 740/3/113 737/3/113
f 741/3/111 747/3/111 742/3/111
f 745/3/115 747/3/115 746/3/115
f 744/3/245 746/3/245 741/3/245
f 743/3/246 747/3/246 748/3/246
f 743/3/113 745/3/113 744/3/113
f 741/3/111 746/3/111 747/3/111
f 745/3/115 748/3/115 747/3/115
f 744/3/247 745/3/247 746/3/247
f 743/3/246 742/3/248 747/3/246
f 743/3/113 748/3/113 745/3/113
f 749/3/111 755/3/111 750/3/111
f 753/3/115 755/3/115 754/3/115
f 752/3/245 754/3/245 749/3/245
f 751/3/246 755/3/248 756/3/246
f 751/3/113 753/3/113 752/3/113
f 749/3/111 754/3/111 755/3/111
f 753/3/115 756/3/115 755/3/115
f 752/3/247 753/3/247 754/3/247
f 751/3/246 750/3/248 755/3/248
f 751/3/113 756/3/113 753/3/113
f 757/3/111 763/3/111 758/3/111
f 761/3/115 763/3/115 762/3/115
f 760/3/245 762/3/245 757/3/245
f 759/3/246 763/3/248 764/3/246
f 759/3/113 761/3/113 760/3/113
f 757/3/111 762/3/111 763/3/111
f 761/3/115 764/3/115 763/3/115
f 760/3/247 761/3/247 762/3/247
f 759/3/246 758/3/248 763/3/248
f 759/3/113 764/3/113 761/3/113
f 765/3/111 771/3/111 766/3/111
f 769/3/115 771/3/115 770/3/115
f 768/3/245 770/3/245 765/3/245
f 767/3/248 771/3/248 772/3/246
f 767/3/113 769/3/113 768/3/113
f 765/3/111 770/3/111 771/3/111
f 769/3/115 772/3/115 771/3/115
f 768/3/247 769/3/247 770/3/247
f 767/3/248 766/3/248 771/3/248
f 767/3/113 772/3/113 769/3/113
f 773/3/111 779/3/111 774/3/111
f 777/3/115 779/3/115 778/3/115
f 776/3/247 778/3/247 773/3/247
f 775/3/246 779/3/246 780/3/246
f 775/3/113 777/3/113 776/3/113
f 773/3/111 778/3/111 779/3/111
f 777/3/115 780/3/115 779/3/115
f 776/3/247 777/3/247 778/3/247
f 775/3/246 774/3/246 779/3/246
f 775/3/113 780/3/113 777/3/113
f 781/3/111 787/3/111 782/3/111
f 785/3/115 787/3/115 786/3/115
f 784/3/245 786/3/245 781/3/245
f 783/3/246 787/3/248 788/3/246
f 783/3/113 785/3/113 784/3/113
f 781/3/111 786/3/111 787/3/111
f 785/3/115 788/3/115 787/3/115
f 784/3/247 785/3/247 786/3/247
f 783/3/246 782/3/248 787/3/248
f 783/3/113 788/3/113 785/3/113
f 789/3/111 795/3/111 790/3/111
f 793/3/115 795/3/115 794/3/115
f 792/3/247 794/3/247 789/3/247
f 791/3/246 795/3/246 796/3/246
f 791/3/113 793/3/113 792/3/113
f 789/3/111 794/3/111 795/3/111
f 793/3/115 796/3/115 795/3/115
f 792/3/247 793/3/247 794/3/247
f 791/3/246 790/3/246 795/3/246
f 791/3/113 796/3/113 793/3/113
f 797/3/111 803/3/111 798/3/111
f 801/3/115 803/3/115 802/3/115
f 800/3/245 802/3/245 797/3/245
f 799/3/248 803/3/248 804/3/248
f 799/3/113 801/3/113 800/3/113
f 797/3/111 802/3/111 803/3/111
f 801/3/115 804/3/115 803/3/115
f 800/3/245 801/3/245 802/3/245
f 799/3/248 798/3/248 803/3/248
f 799/3/113 804/3/113 801/3/113
f 805/3/111 811/3/111 806/3/111
f 809/3/115 811/3/115 810/3/115
f 808/3/245 810/3/245 805/3/245
f 807/3/246 811/3/246 812/3/246
f 807/3/113 809/3/113 808/3/113
f 805/3/111 810/3/111 811/3/111
f 809/3/115 812/3/115 811/3/115
f 808/3/247 809/3/247 810/3/247
f 807/3/246 806/3/246 811/3/246
f 807/3/113 812/3/113 809/3/113
f 813/3/111 819/3/111 814/3/111
f 817/3/115 819/3/115 818/3/115
f 816/3/245 818/3/245 813/3/245
f 815/3/248 819/3/248 820/3/248
f 815/3/113 817/3/113 816/3/113
f 813/3/111 818/3/111 819/3/111
f 817/3/115 820/3/115 819/3/115
f 816/3/245 817/3/245 818/3/245
f 815/3/248 814/3/248 819/3/248
f 815/3/113 820/3/113 817/3/113
f 821/3/111 827/3/111 822/3/111
f 825/3/115 827/3/115 826/3/115
f 824/3/245 826/3/245 821/3/245
f 823/3/248 827/3/248 828/3/246
f 823/3/113 825/3/113 824/3/113
f 821/3/111 826/3/111 827/3/111
f 825/3/115 828/3/115 827/3/115
f 824/3/247 825/3/247 826/3/247
f 823/3/248 822/3/248 827/3/248
f 823/3/113 828/3/113 825/3/113
f 829/3/111 833/3/111 830/3/111
f 831/3/115 833/3/115 832/3/115
f 845/3/247 832/3/247 829/3/247
f 846/3/248 833/3/248 834/3/248
f 846/3/249 831/3/249 845/3/249
f 829/3/111 832/3/111 833/3/111
f 831/3/115 834/3/115 833/3/115
f 845/3/245 831/3/245 832/3/245
f 846/3/248 830/3/246 833/3/248
f 846/3/249 834/3/249 831/3/249
f 835/3/250 841/3/85 836/3/251
f 839/3/115 841/3/115 840/3/115
f 838/3/245 840/3/245 835/3/245
f 836/3/248 842/3/248 837/3/248
f 837/3/113 839/3/113 838/3/113
f 844/3/252 836/3/251 843/3/253
f 835/3/250 840/3/85 841/3/85
f 839/3/115 842/3/115 841/3/115
f 838/3/245 839/3/245 840/3/245
f 836/3/248 841/3/248 842/3/248
f 837/3/113 842/3/113 839/3/113
f 844/3/252 835/3/250 836/3/251
f 835/3/254 848/3/254 845/3/254
f 836/3/255 847/3/255 843/3/255
f 849/3/4 883/3/4 885/3/4
f 838/3/115 846/3/115 837/3/115
f 850/3/116 851/3/116 852/3/116
f 886/3/2 884/3/2 850/3/2
f 850/3/2 854/3/2 856/3/2
f 847/3/256 852/3/257 851/3/257
f 853/3/111 856/3/111 854/3/111
f 850/3/116 855/3/116 849/3/116
f 849/3/4 853/3/4 843/3/4
f 843/3/253 854/3/258 844/3/252
f 847/3/256 845/3/259 848/3/260
f 866/3/261 863/3/261 864/3/261
f 871/3/115 868/3/115 872/3/115
f 890/3/262 887/3/262 888/3/262
f 881/3/263 878/3/263 882/3/263
f 893/3/264 896/3/264 894/3/264
f 891/3/113 890/3/113 892/3/113
f 858/3/116 869/3/116 870/3/116
f 904/3/265 893/3/265 894/3/265
f 868/3/115 865/3/115 866/3/115
f 881/3/4 887/3/4 843/3/4
f 887/3/116 882/3/116 888/3/116
f 901/3/115 900/3/115 902/3/115
f 908/3/266 903/3/266 904/3/266
f 879/3/267 886/3/267 880/3/267
f 898/3/111 895/3/111 897/3/111
f 872/3/268 875/3/268 871/3/268
f 905/3/113 908/3/113 906/3/113
f 880/3/111 877/3/111 879/3/111
f 899/3/269 906/3/269 900/3/269
f 883/3/270 892/3/270 884/3/270
f 862/3/113 859/3/113 860/3/113
f 876/3/271 873/3/271 875/3/271
f 859/3/272 858/3/272 860/3/272
f 886/3/115 883/3/115 884/3/115
f 898/3/273 901/3/273 902/3/273
f 864/3/261 861/3/261 862/3/261
f 844/3/2 888/3/2 882/3/2
f 873/3/274 870/3/274 869/3/274
f 910/3/275 911/3/275 909/3/275
f 911/3/276 914/3/276 913/3/276
f 913/3/277 916/3/277 915/3/277
f 915/3/278 918/3/278 917/3/278
f 917/3/279 920/3/279 919/3/279
f 1078/3/280 922/3/280 921/3/280
f 920/3/111 1090/3/111 1079/3/111
f 1100/3/281 923/3/281 1099/3/281
f 923/3/282 910/3/282 909/3/282
f 917/3/111 928/3/111 915/3/111
f 932/3/281 1102/3/281 1101/3/281
f 1099/3/111 932/3/111 1101/3/111
f 913/3/111 926/3/111 911/3/111
f 919/3/111 929/3/111 917/3/111
f 923/3/111 925/3/111 932/3/111
f 909/3/111 926/3/111 925/3/111
f 913/3/111 928/3/111 927/3/111
f 1078/3/111 931/3/111 1080/3/111
f 936/3/283 945/3/113 944/3/283
f 929/3/279 938/3/279 937/3/279
f 927/3/277 936/3/277 935/3/277
f 926/3/275 933/3/275 925/3/275
f 925/3/282 940/3/282 932/3/282
f 1080/3/280 939/3/280 1081/3/280
f 928/3/278 937/3/278 936/3/278
f 927/3/276 934/3/276 926/3/276
f 941/3/284 956/3/284 948/3/284
f 935/3/113 942/3/285 934/3/285
f 940/3/113 1103/3/113 1102/3/113
f 938/3/113 945/3/113 937/3/113
f 935/3/113 944/3/283 943/3/113
f 934/3/285 941/3/113 933/3/113
f 940/3/113 941/3/113 948/3/113
f 939/3/113 1082/3/113 1081/3/113
f 953/3/279 962/3/279 961/3/279
f 947/3/286 1083/3/286 1082/3/286
f 944/3/287 953/3/287 952/3/287
f 942/3/288 951/3/288 950/3/288
f 948/3/289 1104/3/289 1103/3/289
f 946/3/290 953/3/290 945/3/290
f 943/3/291 952/3/291 951/3/291
f 941/3/292 950/3/292 949/3/292
f 1105/3/293 972/3/293 1106/3/293
f 952/3/277 959/3/277 951/3/277
f 950/3/275 957/3/275 949/3/275
f 956/3/282 957/3/282 964/3/282
f 955/3/280 1084/3/280 1083/3/280
f 952/3/278 961/3/278 960/3/278
f 950/3/276 959/3/276 958/3/276
f 956/3/281 1105/3/281 1104/3/281
f 1085/3/111 979/3/111 1086/3/111
f 962/3/294 969/3/294 961/3/294
f 959/3/295 968/3/295 967/3/295
f 958/3/296 965/3/296 957/3/296
f 964/3/297 965/3/297 972/3/297
f 1084/3/298 971/3/298 1085/3/298
f 960/3/299 969/3/299 968/3/299
f 958/3/300 967/3/300 966/3/300
f 973/3/275 982/3/275 981/3/275
f 968/3/111 977/3/111 976/3/111
f 966/3/111 975/3/301 974/3/111
f 1106/3/111 980/3/111 1107/3/111
f 969/3/111 978/3/111 977/3/111
f 968/3/111 975/3/301 967/3/301
f 966/3/111 973/3/111 965/3/111
f 965/3/111 980/3/111 972/3/111
f 1108/3/111 996/3/111 1109/3/111
f 980/3/282 981/3/282 988/3/282
f 979/3/280 1087/3/280 1086/3/280
f 976/3/278 985/3/278 984/3/278
f 975/3/276 982/3/276 974/3/276
f 1107/3/281 988/3/281 1108/3/281
f 978/3/279 985/3/279 977/3/279
f 975/3/277 984/3/277 983/3/277
f 990/3/276 999/3/276 998/3/276
f 985/3/111 994/3/111 993/3/111
f 983/3/111 992/3/302 991/3/111
f 982/3/111 989/3/111 981/3/111
f 981/3/111 996/3/111 988/3/111
f 1087/3/111 995/3/111 1088/3/111
f 984/3/111 993/3/111 992/3/302
f 983/3/111 990/3/303 982/3/111
f 1002/3/111 1028/3/111 1001/3/111
f 996/3/281 1110/3/281 1109/3/281
f 994/3/279 1001/3/279 993/3/279
f 992/3/277 999/3/277 991/3/277
f 990/3/275 997/3/275 989/3/275
f 989/3/282 1004/3/282 996/3/282
f 995/3/280 1089/3/280 1088/3/280
f 992/3/278 1001/3/278 1000/3/278
f 1120/3/282 1013/3/282 1121/3/282
f 918/3/111 1008/3/111 1009/3/111
f 922/3/111 1111/3/111 1100/3/111
f 912/3/111 1007/3/111 914/3/111
f 920/3/111 1009/3/111 1010/3/111
f 924/3/111 1005/3/111 910/3/111
f 910/3/111 1006/3/111 912/3/111
f 916/3/111 1007/3/111 1008/3/111
f 1016/3/304 1022/3/304 1017/3/304
f 1127/3/280 1017/3/280 1091/3/280
f 1124/3/278 1133/3/278 1135/3/278
f 1126/3/276 1076/3/276 1070/3/276
f 1122/3/279 1016/3/279 1017/3/279
f 1069/3/277 1015/3/277 1124/3/277
f 1121/3/275 1014/3/275 1126/3/275
f 1092/3/305 1067/3/306 1098/3/305
f 1071/3/307 1141/3/307 1142/3/307
f 1014/3/308 1019/3/308 1020/3/308
f 1013/3/309 1023/3/309 1019/3/309
f 1091/3/310 1022/3/310 1092/3/310
f 1146/3/311 1021/3/311 1016/3/311
f 1031/3/277 1115/3/277 1114/3/277
f 1000/3/111 1026/3/111 999/3/111
f 998/3/111 1024/3/111 997/3/111
f 997/3/111 1031/3/111 1004/3/111
f 1089/3/111 1030/3/111 1093/3/111
f 1001/3/111 1027/3/111 1000/3/111
f 998/3/111 1026/3/111 1025/3/111
f 1110/3/111 1031/3/111 1114/3/111
f 1033/3/312 1042/3/312 1041/3/312
f 1029/3/275 1036/3/275 1028/3/275
f 1026/3/281 1035/3/281 1034/3/281
f 1024/3/279 1033/3/279 1032/3/279
f 1024/3/278 1039/3/278 1031/3/278
f 1093/3/276 1038/3/276 1094/3/276
f 1027/3/282 1036/3/282 1035/3/282
f 1026/3/280 1033/3/280 1025/3/280
f 1047/3/278 1048/3/278 1055/3/278
f 1039/3/313 1116/3/313 1115/3/313
f 1037/3/314 1044/3/314 1036/3/314
f 1035/3/315 1042/3/315 1034/3/315
f 1032/3/316 1041/3/316 1040/3/316
f 1039/3/317 1040/3/317 1047/3/317
f 1038/3/318 1095/3/318 1094/3/318
f 1035/3/319 1044/3/319 1043/3/319
f 1051/3/320 1058/3/320 1050/3/320
f 1095/3/276 1054/3/276 1096/3/276
f 1043/3/282 1052/3/282 1051/3/282
f 1041/3/280 1050/3/280 1049/3/280
f 1047/3/277 1117/3/277 1116/3/277
f 1045/3/275 1052/3/275 1044/3/275
f 1042/3/281 1051/3/281 1050/3/281
f 1041/3/279 1048/3/279 1040/3/279
f 1118/3/321 1068/3/321 1119/3/321
f 1048/3/322 1057/3/323 1056/3/322
f 1055/3/324 1056/3/324 1063/3/324
f 1054/3/325 1097/3/325 1096/3/325
f 1052/3/326 1059/3/327 1051/3/327
f 1049/3/328 1058/3/328 1057/3/329
f 1055/3/330 1118/3/330 1117/3/330
f 1052/3/331 1061/3/331 1060/3/331
f 1137/3/332 1136/3/332 1061/3/332
f 1077/3/333 1066/3/333 1129/3/333
f 1056/3/334 1065/3/334 1064/3/334
f 1063/3/335 1064/3/335 1068/3/335
f 1128/3/336 1062/3/336 1118/3/336
f 1059/3/337 1134/3/337 1132/3/337
f 1058/3/338 1066/3/338 1072/3/338
f 1140/3/339 1022/3/340 1139/3/341
f 1021/3/342 1145/3/343 1139/3/341
f 1019/3/344 1065/3/345 1020/3/346
f 1023/3/347 1064/3/348 1019/3/344
f 1097/3/349 1127/3/349 1091/3/350
f 1073/3/351 1020/3/351 1074/3/351
f 1074/3/352 1065/3/352 1072/3/352
f 1097/3/353 1067/3/353 1061/3/353
f 1053/3/325 1097/3/325 1061/3/325
f 1095/3/276 1053/3/276 1045/3/276
f 1037/3/318 1095/3/318 1045/3/318
f 1029/3/276 1094/3/276 1037/3/276
f 1089/3/111 1029/3/111 1002/3/111
f 1119/3/354 1113/3/354 1112/3/354
f 1088/3/280 1002/3/280 994/3/280
f 1087/3/111 994/3/111 986/3/111
f 978/3/280 1087/3/280 986/3/280
f 1084/3/298 970/3/298 962/3/298
f 1085/3/111 978/3/111 970/3/111
f 954/3/280 1084/3/280 962/3/280
f 946/3/286 1083/3/286 954/3/286
f 938/3/113 1082/3/113 946/3/113
f 1080/3/280 938/3/280 930/3/280
f 1078/3/111 930/3/111 919/3/111
f 922/3/111 1090/3/111 1011/3/111
f 920/3/280 1078/3/280 919/3/280
f 1113/3/355 1068/3/356 1023/3/347
f 1054/3/330 1118/3/330 1062/3/330
f 1062/3/357 1127/3/357 1097/3/357
f 1046/3/277 1117/3/277 1054/3/277
f 1038/3/313 1116/3/313 1046/3/313
f 1110/3/111 1030/3/111 1003/3/111
f 1114/3/277 1038/3/277 1030/3/277
f 1112/3/358 1023/3/358 1018/3/358
f 1128/3/281 1018/3/281 1120/3/281
f 924/3/111 1111/3/111 1012/3/111
f 1109/3/281 1003/3/281 995/3/281
f 979/3/281 1108/3/281 987/3/281
f 1108/3/111 995/3/111 987/3/111
f 1106/3/111 979/3/111 971/3/301
f 1104/3/281 963/3/281 955/3/281
f 1105/3/293 971/3/293 963/3/293
f 947/3/289 1104/3/289 955/3/289
f 939/3/113 1103/3/113 947/3/113
f 1099/3/111 931/3/111 921/3/111
f 931/3/281 1102/3/281 939/3/281
f 922/3/281 1099/3/281 921/3/281
f 1012/3/281 1128/3/281 1120/3/281
f 1090/3/280 1123/3/280 1011/3/280
f 1006/3/275 1121/3/275 1126/3/275
f 1009/3/279 1122/3/279 1010/3/279
f 1111/3/281 1123/3/281 1128/3/281
f 1008/3/278 1125/3/278 1009/3/278
f 1010/3/280 1127/3/280 1090/3/280
f 1012/3/282 1121/3/282 1005/3/282
f 1130/3/359 1129/3/359 1131/3/359
f 1134/3/360 1136/3/361 1138/3/360
f 1135/3/113 1132/3/113 1134/3/113
f 1137/3/235 1139/3/235 1146/3/235
f 1142/3/311 1144/3/311 1015/3/311
f 1143/3/362 1071/3/362 1077/3/362
f 1142/3/227 1141/3/227 1143/3/227
f 1148/3/113 1149/3/113 1147/3/113
f 1154/3/4 1148/3/4 1147/3/4
f 1152/3/2 1155/3/2 1156/3/2
f 1149/3/116 1152/3/116 1192/3/116
f 1156/3/111 1151/3/111 1152/3/111
f 1154/3/363 1156/3/363 1155/3/363
f 1148/3/364 1179/3/364 1175/3/364
f 1169/3/2 1161/3/2 1159/3/2
f 1190/3/365 1186/3/365 1170/3/365
f 1165/3/111 1166/3/111 1173/3/111
f 1162/3/113 1163/3/113 1164/3/113
f 1170/3/366 1174/3/366 1172/3/366
f 1158/3/4 1171/3/4 1173/3/4
f 1161/3/367 1160/3/367 1159/3/367
f 1166/3/368 1159/3/368 1160/3/368
f 1171/3/369 1174/3/369 1173/3/369
f 1169/3/370 1167/3/370 1170/3/370
f 1171/3/371 1163/3/371 1172/3/371
f 1161/3/372 1170/3/372 1162/3/372
f 1157/3/115 1158/3/115 1181/3/115
f 1178/3/365 1182/3/365 1163/3/365
f 1190/3/373 1185/3/373 1186/3/373
f 1187/3/373 1184/3/373 1188/3/373
f 1194/3/374 1177/3/374 1178/3/374
f 1191/3/374 1176/3/374 1192/3/374
f 1177/3/375 1182/3/375 1178/3/375
f 1176/3/375 1179/3/375 1180/3/375
f 1197/3/376 1190/3/376 1198/3/376
f 1196/3/376 1187/3/376 1188/3/376
f 1180/3/116 1196/3/116 1151/3/116
f 1187/3/364 1154/3/364 1155/3/364
f 1181/3/2 1198/3/2 1182/3/2
f 1180/3/2 1195/3/2 1196/3/2
f 1193/3/115 1185/3/115 1166/3/115
f 1186/3/4 1193/3/4 1194/3/4
f 1183/3/4 1192/3/4 1184/3/4
f 1233/3/377 1199/3/377 1200/3/377
f 1237/3/4 1229/3/4 1230/3/4
f 1237/3/4 1233/3/4 1200/3/4
f 1201/3/4 1222/3/4 1221/3/4
f 1203/3/4 1211/3/4 1209/3/4
f 1233/3/111 1231/3/111 1286/3/111
f 1286/3/116 1230/3/116 1229/3/116
f 1215/3/4 1207/3/4 1216/3/4
f 1216/3/116 1289/3/116 1298/3/116
f 1290/3/115 1204/3/115 1285/3/115
f 1261/3/378 1263/3/379 1264/3/380
f 1292/3/115 1211/3/115 1294/3/115
f 1218/3/4 1209/3/4 1220/3/4
f 1206/3/113 1293/3/113 1288/3/113
f 1212/3/4 1257/3/4 1215/3/4
f 1219/3/116 1296/3/116 1302/3/116
f 1218/3/4 1213/3/4 1219/3/4
f 1206/3/4 1215/3/4 1249/3/4
f 1213/3/116 1298/3/116 1296/3/116
f 1213/3/4 1215/3/4 1216/3/4
f 1295/3/381 1217/3/381 1214/3/381
f 1303/3/115 1214/3/115 1220/3/115
f 1290/3/111 1211/3/111 1208/3/111
f 1297/3/115 1210/3/115 1217/3/115
f 1206/3/113 1289/3/113 1207/3/113
f 1287/3/113 1363/3/113 1262/3/113
f 1292/3/115 1220/3/115 1209/3/115
f 1203/3/4 1219/3/4 1205/3/4
f 1205/3/382 1302/3/382 1287/3/382
f 1259/3/4 1218/3/4 1220/3/4
f 1208/3/4 1203/3/4 1205/3/4
f 1201/3/116 1238/3/116 1227/3/116
f 1201/3/383 1227/3/383 1224/3/383
f 1204/3/4 1208/3/4 1199/3/4
f 1228/3/111 1200/3/111 1199/3/111
f 1235/3/4 1201/3/4 1221/3/4
f 1226/3/4 1205/3/4 1202/3/4
f 1235/3/4 1237/3/4 1234/3/4
f 1235/3/384 1239/3/384 1238/3/384
f 1239/3/111 1200/3/111 1228/3/111
f 1252/3/4 1217/3/4 1254/3/4
f 1245/3/4 1247/3/4 1210/3/4
f 1250/3/385 1352/3/385 1249/3/385
f 1249/3/115 1345/3/115 1242/3/115
f 1240/3/386 1344/3/386 1241/3/386
f 1259/3/387 1358/3/387 1255/3/387
f 1251/3/388 1351/3/388 1354/3/388
f 1242/3/389 1346/3/389 1243/3/389
f 1255/3/115 1359/3/115 1256/3/115
f 1251/3/113 1353/3/113 1250/3/113
f 1243/3/111 1343/3/111 1240/3/111
f 1256/3/115 1360/3/115 1257/3/115
f 1252/3/116 1356/3/116 1253/3/116
f 1244/3/111 1348/3/111 1245/3/111
f 1258/3/390 1356/3/390 1361/3/390
f 1254/3/116 1355/3/116 1252/3/116
f 1246/3/391 1347/3/391 1244/3/391
f 1258/3/113 1362/3/113 1259/3/113
f 1257/3/115 1349/3/115 1246/3/115
f 1245/3/392 1350/3/392 1247/3/392
f 1247/3/116 1357/3/116 1254/3/116
f 1241/3/116 1351/3/116 1248/3/116
f 1368/3/116 1264/3/116 1263/3/116
f 1226/3/116 1202/3/116 1261/3/116
f 1363/3/393 1265/3/393 1262/3/394
f 1265/3/395 1368/3/395 1263/3/395
f 1262/3/396 1263/3/396 1260/3/396
f 1261/3/397 1371/3/397 1365/3/397
f 1266/3/398 1316/3/398 1267/3/398
f 1312/3/2 1319/3/2 1320/3/2
f 1316/3/2 1314/3/2 1320/3/2
f 1268/3/2 1305/3/2 1306/3/2
f 1270/3/2 1278/3/2 1275/3/2
f 1271/3/111 1285/3/111 1316/3/111
f 1312/3/116 1313/3/116 1286/3/116
f 1274/3/2 1282/3/2 1283/3/2
f 1289/3/116 1283/3/116 1298/3/116
f 1271/3/115 1290/3/115 1285/3/115
f 1366/3/399 1370/3/400 1364/3/401
f 1278/3/115 1292/3/115 1294/3/115
f 1299/3/2 1276/3/2 1270/3/2
f 1293/3/113 1273/3/113 1288/3/113
f 1340/3/2 1279/3/2 1282/3/2
f 1296/3/116 1300/3/116 1302/3/116
f 1280/3/2 1299/3/2 1300/3/2
f 1332/3/2 1333/3/2 1282/3/2
f 1298/3/116 1280/3/116 1296/3/116
f 1280/3/2 1282/3/2 1279/3/2
f 1284/3/381 1295/3/381 1281/3/381
f 1301/3/115 1295/3/115 1303/3/115
f 1278/3/111 1290/3/111 1275/3/111
f 1277/3/115 1297/3/115 1284/3/115
f 1289/3/113 1273/3/113 1274/3/113
f 1367/3/113 1287/3/113 1272/3/113
f 1301/3/115 1292/3/115 1276/3/115
f 1300/3/2 1270/3/2 1272/3/2
f 1302/3/382 1272/3/382 1287/3/382
f 1342/3/2 1341/3/2 1301/3/2
f 1272/3/2 1270/3/2 1275/3/2
f 1321/3/116 1268/3/116 1310/3/116
f 1307/3/383 1310/3/383 1268/3/383
f 1310/3/2 1275/3/2 1311/3/2
f 1311/3/111 1266/3/111 1267/3/111
f 1304/3/2 1268/3/2 1318/3/2
f 1309/3/2 1272/3/2 1308/3/2
f 1320/3/2 1318/3/2 1317/3/2
f 1321/3/384 1317/3/384 1318/3/384
f 1311/3/111 1317/3/111 1322/3/111
f 1284/3/2 1335/3/2 1337/3/2
f 1329/3/2 1331/3/2 1324/3/2
f 1352/3/385 1333/3/385 1332/3/385
f 1345/3/115 1332/3/115 1325/3/115
f 1344/3/386 1323/3/386 1324/3/386
f 1338/3/387 1362/3/387 1342/3/387
f 1334/3/388 1351/3/388 1331/3/388
f 1346/3/389 1325/3/389 1326/3/389
f 1359/3/115 1338/3/115 1339/3/115
f 1353/3/113 1334/3/113 1333/3/113
f 1343/3/111 1326/3/111 1323/3/111
f 1360/3/115 1339/3/115 1340/3/115
f 1356/3/116 1335/3/116 1336/3/116
f 1348/3/111 1327/3/111 1328/3/111
f 1361/3/390 1336/3/390 1341/3/390
f 1355/3/116 1337/3/116 1335/3/116
f 1347/3/391 1329/3/391 1327/3/391
f 1362/3/113 1341/3/113 1342/3/113
f 1349/3/115 1340/3/115 1329/3/115
f 1350/3/392 1328/3/392 1330/3/392
f 1357/3/116 1330/3/116 1337/3/116
f 1331/3/116 1344/3/116 1324/3/116
f 1368/3/116 1372/3/116 1371/3/116
f 1365/3/116 1366/3/116 1306/3/116
f 1373/3/402 1363/3/402 1367/3/403
f 1368/3/395 1373/3/395 1370/3/395
f 1370/3/404 1367/3/404 1364/3/404
f 1371/3/405 1366/3/405 1365/3/405
f 1417/3/113 1409/3/113 1449/3/113
f 1403/3/2 1410/3/2 1413/3/2
f 1421/3/111 1411/3/111 1447/3/111
f 1405/3/4 1408/3/4 1412/3/4
f 1418/3/116 1404/3/116 1445/3/116
f 1416/3/115 1405/3/115 1443/3/115
f 1404/3/4 1382/3/4 1374/3/4
f 1423/3/111 1378/3/111 1418/3/111
f 1407/3/2 1380/3/2 1402/3/2
f 1376/3/2 1389/3/2 1383/3/2
f 1389/3/115 1433/3/115 1429/3/115
f 1374/3/4 1388/3/4 1386/3/4
f 1383/3/406 1429/3/406 1425/3/406
f 1374/3/116 1427/3/116 1415/3/116
f 1392/3/4 1394/3/4 1390/3/4
f 1389/3/2 1391/3/2 1393/3/2
f 1388/3/4 1390/3/4 1386/3/4
f 1386/3/116 1431/3/116 1427/3/116
f 1396/3/4 1398/3/4 1394/3/4
f 1390/3/407 1435/3/407 1431/3/407
f 1433/3/408 1397/3/408 1437/3/408
f 1393/3/2 1395/3/2 1397/3/2
f 1441/3/409 1399/3/409 1438/3/409
f 1394/3/410 1439/3/410 1435/3/410
f 1437/3/411 1401/3/411 1441/3/411
f 1397/3/2 1399/3/2 1401/3/2
f 1383/3/2 1402/3/2 1376/3/2
f 1378/3/4 1406/3/4 1404/3/4
f 1443/3/115 1379/3/115 1421/3/115
f 1445/3/116 1374/3/116 1415/3/116
f 1411/3/4 1405/3/4 1412/3/4
f 1409/3/2 1403/3/2 1413/3/2
f 1383/3/2 1413/3/2 1407/3/2
f 1411/3/4 1406/3/4 1385/3/4
f 1412/3/4 1382/3/4 1406/3/4
f 1447/3/111 1385/3/111 1423/3/111
f 1407/3/2 1410/3/2 1384/3/2
f 1449/3/113 1383/3/113 1425/3/113
f 1408/3/113 1424/3/113 1382/3/113
f 1448/3/113 1425/3/113 1424/3/113
f 1410/3/111 1422/3/111 1384/3/111
f 1423/3/2 1418/3/2 1445/3/2
f 1402/3/116 1414/3/116 1376/3/116
f 1444/3/116 1415/3/116 1414/3/116
f 1403/3/115 1420/3/115 1381/3/115
f 1442/3/115 1421/3/115 1420/3/115
f 1436/3/411 1400/3/411 1396/3/411
f 1437/3/411 1440/3/411 1436/3/411
f 1434/3/410 1399/3/410 1395/3/410
f 1435/3/410 1438/3/410 1434/3/410
f 1400/3/409 1439/3/409 1398/3/409
f 1440/3/409 1438/3/409 1439/3/409
f 1432/3/408 1396/3/408 1392/3/408
f 1433/3/408 1436/3/408 1432/3/408
f 1430/3/407 1395/3/407 1391/3/407
f 1431/3/407 1434/3/407 1430/3/407
f 1426/3/116 1391/3/116 1387/3/116
f 1426/3/116 1431/3/116 1430/3/116
f 1376/3/116 1426/3/116 1387/3/116
f 1415/3/116 1426/3/116 1414/3/116
f 1424/3/406 1388/3/406 1382/3/406
f 1425/3/406 1428/3/406 1424/3/406
f 1428/3/115 1392/3/115 1388/3/115
f 1429/3/115 1432/3/115 1428/3/115
f 1384/3/111 1419/3/111 1380/3/111
f 1445/3/412 1450/3/412 1451/3/412
f 1377/3/115 1442/3/115 1403/3/115
f 1417/3/115 1443/3/115 1442/3/115
f 1402/3/116 1419/3/116 1444/3/116
f 1447/3/413 1450/3/413 1446/3/413
f 1381/3/111 1446/3/111 1410/3/111
f 1420/3/111 1447/3/111 1446/3/111
f 1375/3/113 1448/3/113 1408/3/113
f 1416/3/113 1449/3/113 1448/3/113
f 1444/3/4 1419/3/4 1422/3/4
f 1461/3/4 1452/3/4 1457/3/4
f 1463/3/414 1469/3/414 1460/3/414
f 1455/3/2 1466/3/2 1462/3/2
f 1453/3/2 1462/3/2 1458/3/2
f 1458/3/113 1459/3/113 1457/3/113
f 1455/3/115 1452/3/115 1454/3/115
f 1471/3/115 1464/3/115 1455/3/115
f 1454/3/4 1468/3/4 1470/3/4
f 1464/3/111 1469/3/111 1467/3/111
f 1463/3/415 1458/3/415 1462/3/415
f 1460/3/416 1457/3/417 1456/3/417
f 1464/3/418 1466/3/419 1465/3/418
f 1468/3/420 1471/3/421 1470/3/421
f 1460/3/422 1468/3/423 1461/3/424
f 1466/3/425 1463/3/426 1462/3/427
f 1463/3/116 1456/3/116 1459/3/116
f 1474/3/4 1477/3/4 1472/3/4
f 1511/3/113 1555/3/113 1498/3/113
f 1483/3/428 1480/3/428 1476/3/428
f 1485/3/429 1475/3/429 1483/3/429
f 1497/3/4 1479/3/4 1472/3/4
f 1477/3/4 1497/3/4 1472/3/4
f 1498/3/430 1499/3/430 1477/3/430
f 1484/3/431 1482/3/431 1487/3/431
f 1472/3/115 1553/3/115 1481/3/115
f 1472/3/432 1482/3/432 1474/3/432
f 1480/3/431 1484/3/431 1487/3/431
f 1478/3/433 1483/3/433 1476/3/433
f 1473/3/434 1485/3/434 1478/3/433
f 1475/3/428 1484/3/428 1483/3/428
f 1493/3/431 1548/3/431 1492/3/431
f 1482/3/435 1488/3/435 1489/3/435
f 1552/3/111 1520/3/111 1488/3/111
f 1473/3/436 1520/3/436 1511/3/436
f 1473/3/437 1478/3/438 1488/3/439
f 1489/3/440 1478/3/440 1476/3/440
f 1489/3/441 1476/3/441 1490/3/441
f 1503/3/442 1490/3/442 1476/3/442
f 1539/3/431 1493/3/431 1494/3/431
f 1482/3/113 1495/3/113 1494/3/113
f 1526/3/443 1490/3/443 1524/3/443
f 1495/3/444 1490/3/444 1526/3/444
f 1490/3/445 1482/3/445 1489/3/445
f 1494/3/431 1487/3/431 1482/3/431
f 1487/3/431 1492/3/431 1480/3/431
f 1499/3/446 1496/3/446 1497/3/446
f 1500/3/446 1496/3/446 1501/3/446
f 1556/3/113 1501/3/113 1496/3/113
f 1505/3/2 1508/3/2 1506/3/2
f 1511/3/113 1504/3/113 1533/3/113
f 1515/3/447 1512/3/447 1516/3/447
f 1506/3/448 1517/3/448 1515/3/448
f 1510/3/2 1532/3/2 1502/3/2
f 1532/3/2 1508/3/2 1502/3/2
f 1508/3/449 1534/3/449 1533/3/449
f 1516/3/431 1514/3/431 1505/3/431
f 1514/3/432 1502/3/432 1505/3/432
f 1512/3/431 1519/3/431 1516/3/431
f 1515/3/450 1509/3/450 1507/3/450
f 1517/3/451 1504/3/451 1509/3/450
f 1506/3/447 1516/3/447 1505/3/447
f 1546/3/431 1528/3/431 1527/3/431
f 1514/3/452 1521/3/452 1513/3/452
f 1520/3/111 1549/3/111 1550/3/111
f 1504/3/436 1520/3/436 1521/3/436
f 1504/3/453 1521/3/454 1509/3/455
f 1509/3/456 1522/3/456 1507/3/456
f 1522/3/457 1523/3/457 1507/3/457
f 1503/3/458 1523/3/458 1524/3/458
f 1528/3/431 1542/3/431 1529/3/431
f 1530/3/113 1514/3/113 1529/3/113
f 1526/3/459 1524/3/459 1523/3/459
f 1523/3/444 1530/3/444 1526/3/444
f 1523/3/447 1514/3/447 1525/3/447
f 1519/3/431 1529/3/431 1514/3/431
f 1527/3/431 1519/3/431 1512/3/431
f 1531/3/445 1534/3/445 1532/3/445
f 1535/3/445 1531/3/445 1532/3/445
f 1536/3/113 1561/3/113 1531/3/113
f 1537/3/111 1503/3/111 1480/3/111
f 1545/3/113 1526/3/113 1530/3/113
f 1507/3/111 1503/3/111 1544/3/111
f 1540/3/113 1494/3/113 1495/3/113
f 1544/3/111 1512/3/111 1503/3/111
f 1480/3/111 1492/3/111 1537/3/111
f 1543/3/384 1540/3/116 1547/3/116
f 1538/3/2 1539/3/2 1540/3/2
f 1546/3/4 1544/3/4 1545/3/4
f 1558/3/116 1550/3/116 1549/3/116
f 1553/3/111 1479/3/111 1557/3/111
f 1553/3/2 1557/3/2 1556/3/2
f 1479/3/116 1500/3/116 1501/3/116
f 1560/3/111 1502/3/111 1559/3/111
f 1536/3/116 1535/3/116 1510/3/116
f 1550/3/4 1561/3/4 1559/3/4
f 1564/3/460 1565/3/460 1563/3/460
f 1568/3/4 1576/3/4 1566/3/4
f 1567/3/461 1570/3/461 1569/3/461
f 1569/3/462 1572/3/462 1571/3/462
f 1572/3/4 1570/3/4 1568/3/4
f 1572/3/113 1573/3/113 1571/3/113
f 1574/3/463 1563/3/463 1573/3/463
f 1571/3/2 1573/3/2 1565/3/2
f 1576/3/464 1582/3/464 1580/3/464
f 1565/3/115 1576/3/115 1575/3/115
f 1567/3/116 1578/3/116 1568/3/116
f 1567/3/2 1575/3/2 1577/3/2
f 1580/3/111 1581/3/111 1579/3/111
f 1576/3/465 1579/3/465 1575/3/465
f 1577/3/466 1582/3/466 1578/3/466
f 1575/3/467 1581/3/467 1577/3/467
f 1584/3/113 1593/3/113 1592/3/113
f 1606/3/2 1590/3/2 1595/3/2
f 1590/3/111 1597/3/111 1595/3/111
f 1602/3/4 1592/3/4 1604/3/4
f 1589/3/116 1601/3/116 1599/3/116
f 1586/3/115 1602/3/115 1600/3/115
f 1603/3/4 1583/3/4 1601/3/4
f 1618/3/113 1634/3/113 1630/3/113
f 1596/3/111 1587/3/111 1589/3/111
f 1595/3/111 1613/3/111 1611/3/111
f 1599/3/2 1596/3/2 1589/3/2
f 1615/3/2 1595/3/2 1611/3/2
f 1591/3/113 1585/3/113 1583/3/113
f 1592/3/113 1609/3/113 1608/3/113
f 1609/3/111 1621/3/111 1610/3/111
f 1594/3/2 1599/3/2 1585/3/2
f 1597/3/4 1617/3/4 1613/3/4
f 1598/3/4 1601/3/4 1587/3/4
f 1600/3/115 1588/3/115 1590/3/115
f 1599/3/116 1583/3/116 1585/3/116
f 1588/3/4 1604/3/4 1597/3/4
f 1586/3/2 1606/3/2 1593/3/2
f 1598/3/4 1618/3/4 1603/3/4
f 1614/3/4 1617/3/4 1618/3/4
f 1604/3/468 1634/3/468 1617/3/468
f 1593/3/111 1632/3/111 1609/3/111
f 1607/3/113 1594/3/113 1591/3/113
f 1608/3/113 1610/3/113 1607/3/113
f 1616/3/2 1596/3/2 1605/3/2
f 1615/3/2 1612/3/2 1616/3/2
f 1612/3/111 1598/3/111 1596/3/111
f 1611/3/111 1614/3/111 1612/3/111
f 1616/3/113 1633/3/113 1615/3/113
f 1618/3/469 1623/3/469 1603/3/469
f 1625/3/4 1619/3/4 1634/3/4
f 1632/3/2 1628/3/2 1633/3/2
f 1621/3/2 1626/3/2 1622/3/2
f 1632/3/2 1629/3/2 1621/3/2
f 1623/3/4 1631/3/4 1624/3/4
f 1634/3/4 1631/3/4 1630/3/4
f 1594/3/115 1626/3/115 1605/3/115
f 1603/3/115 1624/3/115 1591/3/115
f 1606/3/116 1627/3/116 1593/3/116
f 1608/3/111 1620/3/111 1592/3/111
f 1592/3/116 1625/3/116 1604/3/116
f 1616/3/469 1626/3/469 1629/3/469
f 1591/3/111 1631/3/111 1607/3/111
f 1610/3/111 1622/3/111 1594/3/111
f 1615/3/468 1628/3/468 1606/3/468
f 1607/3/111 1619/3/111 1608/3/111
f 1635/3/113 1661/3/113 1657/3/113
f 1638/3/470 1647/3/470 1645/3/470
f 1656/3/111 1640/3/111 1649/3/111
f 1640/3/471 1644/3/471 1649/3/471
f 1651/3/472 1639/3/472 1635/3/472
f 1652/3/473 1640/3/473 1654/3/473
f 1639/3/474 1643/3/474 1635/3/474
f 1649/3/4 1643/3/4 1650/3/4
f 1655/3/111 1639/3/111 1653/3/111
f 1656/3/111 1650/3/111 1655/3/111
f 1646/3/475 1641/3/475 1637/3/475
f 1645/3/2 1648/3/2 1646/3/2
f 1652/3/113 1658/3/113 1636/3/113
f 1645/3/113 1664/3/113 1663/3/113
f 1636/3/113 1662/3/113 1644/3/113
f 1651/3/113 1659/3/113 1637/3/113
f 1647/3/111 1655/3/111 1648/3/111
f 1641/3/111 1655/3/111 1653/3/111
f 1638/3/476 1654/3/476 1642/3/476
f 1641/3/477 1651/3/477 1637/3/477
f 1642/3/111 1656/3/111 1647/3/111
f 1638/3/113 1663/3/113 1660/3/113
f 1652/3/113 1660/3/113 1666/3/113
f 1644/3/113 1661/3/113 1643/3/113
f 1637/3/113 1664/3/113 1646/3/113
f 1651/3/113 1657/3/113 1665/3/113
f 1674/3/478 1680/3/478 1671/3/478
f 1688/3/115 1698/3/115 1689/3/115
f 1687/3/4 1679/3/4 1696/3/4
f 1685/3/2 1677/3/2 1694/3/2
f 1687/3/4 1667/3/4 1672/3/4
f 1684/3/4 1676/3/4 1667/3/4
f 1685/3/2 1673/3/2 1670/3/2
f 1686/3/115 1688/3/115 1689/3/115
f 1674/3/116 1668/3/116 1669/3/116
f 1680/3/111 1695/3/111 1679/3/111
f 1678/3/113 1693/3/113 1677/3/113
f 1690/3/2 1682/3/2 1673/3/2
f 1669/3/479 1673/3/480 1674/3/481
f 1668/3/482 1672/3/483 1667/3/484
f 1678/3/485 1670/3/486 1669/3/487
f 1675/3/488 1667/3/489 1676/3/490
f 1681/3/491 1673/3/491 1682/3/492
f 1680/3/493 1672/3/493 1671/3/494
f 1669/3/495 1675/3/495 1678/3/495
f 1686/3/496 1690/3/497 1685/3/498
f 1683/3/499 1687/3/500 1688/3/501
f 1693/3/502 1685/3/503 1694/3/504
f 1692/3/505 1684/3/506 1683/3/507
f 1696/3/508 1688/3/501 1687/3/500
f 1697/3/509 1689/3/510 1698/3/511
f 1686/3/512 1692/3/512 1683/3/512
f 1663/3/513 1704/3/513 1660/3/513
f 1666/3/514 1704/3/514 1710/3/514
f 1662/3/4 1705/3/4 1661/3/4
f 1658/3/515 1706/3/515 1662/3/515
f 1666/3/516 1699/3/516 1658/3/516
f 1661/3/517 1700/3/517 1657/3/517
f 1703/3/303 1718/3/111 1712/3/111
f 1708/3/111 1712/3/111 1717/3/111
f 1707/3/111 1713/3/111 1704/3/111
f 1704/3/111 1719/3/111 1710/3/111
f 1706/3/111 1714/3/111 1705/3/111
f 1706/3/111 1702/3/111 1715/3/111
f 1664/3/518 1703/3/518 1708/3/518
f 1659/3/519 1709/3/520 1703/3/519
f 1665/3/521 1700/3/522 1709/3/521
f 1663/3/2 1708/3/2 1707/3/2
f 1718/3/523 1711/3/523 1722/3/523
f 1718/3/524 1720/3/524 1712/3/524
f 1712/3/525 1854/3/525 1717/3/525
f 1716/3/526 1851/3/526 1713/3/526
f 1713/3/527 1855/3/527 1719/3/527
f 1715/3/4 1852/3/4 1714/3/4
f 1700/3/111 1718/3/111 1709/3/111
f 1708/3/111 1716/3/111 1707/3/111
f 1705/3/111 1701/3/111 1700/3/111
f 1699/3/111 1719/3/111 1702/3/111
f 1717/3/2 1721/3/2 1716/3/2
f 1714/3/528 1711/3/528 1701/3/528
f 1702/3/529 1855/3/529 1848/3/529
f 1702/3/530 1853/3/530 1715/3/530
f 1635/3/113 1643/3/113 1661/3/113
f 1638/3/470 1642/3/470 1647/3/470
f 1656/3/111 1654/3/111 1640/3/111
f 1640/3/471 1636/3/471 1644/3/471
f 1651/3/472 1653/3/472 1639/3/472
f 1652/3/473 1636/3/473 1640/3/473
f 1639/3/474 1650/3/474 1643/3/474
f 1649/3/4 1644/3/4 1643/3/4
f 1655/3/111 1650/3/111 1639/3/111
f 1656/3/111 1649/3/111 1650/3/111
f 1646/3/475 1648/3/475 1641/3/475
f 1645/3/2 1647/3/2 1648/3/2
f 1652/3/113 1666/3/113 1658/3/113
f 1645/3/113 1646/3/113 1664/3/113
f 1636/3/113 1658/3/113 1662/3/113
f 1651/3/113 1665/3/113 1659/3/113
f 1647/3/111 1656/3/111 1655/3/111
f 1641/3/111 1648/3/111 1655/3/111
f 1638/3/476 1652/3/476 1654/3/476
f 1641/3/477 1653/3/477 1651/3/477
f 1642/3/111 1654/3/111 1656/3/111
f 1638/3/113 1645/3/113 1663/3/113
f 1652/3/113 1638/3/113 1660/3/113
f 1644/3/113 1662/3/113 1661/3/113
f 1637/3/113 1659/3/113 1664/3/113
f 1651/3/113 1635/3/113 1657/3/113
f 1674/3/478 1681/3/478 1680/3/478
f 1688/3/115 1695/3/115 1698/3/115
f 1687/3/4 1672/3/4 1679/3/4
f 1685/3/2 1670/3/2 1677/3/2
f 1687/3/4 1684/3/4 1667/3/4
f 1684/3/4 1691/3/4 1676/3/4
f 1685/3/2 1690/3/2 1673/3/2
f 1686/3/115 1683/3/115 1688/3/115
f 1674/3/116 1671/3/116 1668/3/116
f 1680/3/111 1681/3/111 1698/3/111
f 1681/3/111 1682/3/111 1698/3/111
f 1682/3/111 1697/3/111 1698/3/111
f 1698/3/111 1695/3/111 1680/3/111
f 1695/3/111 1696/3/111 1679/3/111
f 1678/3/113 1675/3/113 1692/3/113
f 1675/3/113 1676/3/113 1692/3/113
f 1676/3/113 1691/3/531 1692/3/113
f 1692/3/113 1693/3/113 1678/3/113
f 1693/3/113 1694/3/531 1677/3/113
f 1690/3/2 1697/3/2 1682/3/2
f 1669/3/479 1670/3/532 1673/3/480
f 1668/3/482 1671/3/533 1672/3/483
f 1678/3/485 1677/3/534 1670/3/486
f 1675/3/488 1668/3/535 1667/3/489
f 1681/3/491 1674/3/536 1673/3/491
f 1680/3/493 1679/3/537 1672/3/493
f 1669/3/495 1668/3/495 1675/3/495
f 1686/3/496 1689/3/510 1690/3/497
f 1683/3/499 1684/3/538 1687/3/500
f 1693/3/502 1686/3/539 1685/3/503
f 1692/3/505 1691/3/540 1684/3/506
f 1696/3/508 1695/3/541 1688/3/501
f 1697/3/509 1690/3/497 1689/3/510
f 1686/3/512 1693/3/512 1692/3/512
f 1663/3/513 1707/3/513 1704/3/513
f 1666/3/514 1660/3/514 1704/3/514
f 1662/3/4 1706/3/4 1705/3/4
f 1658/3/515 1699/3/515 1706/3/515
f 1666/3/516 1710/3/516 1699/3/516
f 1661/3/517 1705/3/517 1700/3/517
f 1703/3/303 1709/3/111 1718/3/111
f 1708/3/111 1703/3/303 1712/3/111
f 1707/3/111 1716/3/111 1713/3/111
f 1704/3/111 1713/3/111 1719/3/111
f 1706/3/111 1715/3/111 1714/3/111
f 1706/3/111 1699/3/111 1702/3/111
f 1664/3/518 1659/3/518 1703/3/518
f 1659/3/519 1665/3/542 1709/3/520
f 1665/3/521 1657/3/522 1700/3/522
f 1663/3/2 1664/3/2 1708/3/2
f 1718/3/523 1701/3/523 1711/3/523
f 1718/3/524 1722/3/524 1720/3/524
f 1712/3/525 1720/3/525 1854/3/525
f 1716/3/526 1721/3/526 1851/3/526
f 1713/3/527 1851/3/527 1855/3/527
f 1715/3/4 1853/3/4 1852/3/4
f 1700/3/111 1701/3/111 1718/3/111
f 1708/3/111 1717/3/111 1716/3/111
f 1705/3/111 1714/3/111 1701/3/111
f 1699/3/111 1710/3/111 1719/3/111
f 1717/3/2 1854/3/2 1721/3/2
f 1714/3/528 1852/3/528 1711/3/528
f 1702/3/529 1719/3/529 1855/3/529
f 1702/3/530 1848/3/530 1853/3/530
f 2391/3/113 2384/3/113 2390/3/113
f 2385/3/2 2388/3/2 2384/3/2
f 2393/3/111 2386/3/111 2392/3/111
f 2386/3/4 2383/3/4 2382/3/4
f 2416/3/2 2430/3/2 2384/3/2
f 2391/3/1038 2387/3/1038 2393/3/1038
f 2385/3/1039 2393/3/1039 2389/3/1039
f 2386/3/4 2382/3/4 2415/3/4
f 2388/3/111 2393/3/111 2392/3/111
f 2382/3/113 2391/3/113 2390/3/113
f 2395/3/113 2404/3/113 2398/3/113
f 2413/3/2 2421/3/2 2401/3/2
f 2390/3/1040 2394/3/1040 2382/3/1040
f 2392/3/1041 2397/3/1041 2388/3/1041
f 2386/3/1041 2399/3/1041 2392/3/1041
f 2384/3/1040 2398/3/1040 2390/3/1040
f 2405/3/111 2408/3/111 2411/3/111
f 2404/3/113 2406/3/113 2400/3/113
f 2399/3/111 2403/3/111 2397/3/111
f 2398/3/113 2400/3/113 2394/3/113
f 2396/3/111 2405/3/111 2399/3/111
f 2420/3/4 2412/3/4 2402/3/4
f 2411/3/116 2406/3/116 2410/3/116
f 2409/3/116 2410/3/116 2407/3/116
f 2400/3/1042 2408/3/1042 2402/3/1042
f 2403/3/1043 2407/3/1043 2401/3/1043
f 2404/3/113 2407/3/113 2410/3/113
f 2405/3/111 2409/3/111 2403/3/111
f 2435/3/1044 2432/3/1044 2434/3/1044
f 2417/3/1045 2430/3/1045 2416/3/1045
f 2432/3/113 2425/3/113 2424/3/113
f 2415/3/116 2416/3/116 2414/3/116
f 2426/3/1046 2423/3/1046 2427/3/1046
f 2413/3/1047 2418/3/1047 2412/3/1047
f 2412/3/115 2421/3/115 2413/3/115
f 2422/3/111 2431/3/111 2423/3/111
f 2420/3/1048 2429/3/1048 2421/3/1048
f 2414/3/1049 2425/3/1049 2415/3/1049
f 2518/3/275 2525/3/275 2529/3/275
f 2533/3/276 2514/3/276 2440/3/276
f 2496/3/1050 2503/3/1051 2439/3/277
f 2460/3/279 2469/3/279 2480/3/279
f 2504/3/280 2497/3/280 2500/3/280
f 2447/3/111 2448/3/111 2459/3/111
f 2541/3/281 2517/3/281 2524/3/281
f 2559/3/282 2536/3/1052 2521/3/1053
f 2439/3/111 2453/3/111 2451/3/111
f 2515/3/280 2519/3/280 2526/3/280
f 2495/3/281 2471/3/281 2464/3/281
f 2438/3/111 2448/3/111 2436/3/111
f 2445/3/111 2456/3/111 2444/3/111
f 2441/3/111 2454/3/111 2453/3/111
f 2439/3/111 2449/3/111 2438/3/111
f 2445/3/111 2459/3/111 2457/3/111
f 2444/3/111 2454/3/111 2442/3/111
f 2563/3/279 2565/3/279 2530/3/279
f 2556/3/278 2520/3/278 2535/3/278
f 2540/3/277 2538/3/277 2523/3/277
f 2494/3/276 2501/3/276 2499/3/276
f 2461/3/275 2479/3/275 2481/3/275
f 2467/3/282 2465/3/282 2474/3/282
f 2565/3/1054 2529/3/1054 2530/3/1054
f 2476/3/1055 2483/3/1055 2482/3/1055
f 2482/3/1056 2487/3/1056 2486/3/1056
f 2474/3/111 2473/3/111 2472/3/111
f 2536/3/1057 2558/3/1057 2535/3/1057
f 2506/3/1058 2513/3/1059 2507/3/1060
f 2547/3/1061 2540/3/1061 2546/3/1061
f 2549/3/1062 2567/3/1062 2550/3/1062
f 2503/3/1063 2508/3/1063 2510/3/1063
f 2488/3/1064 2485/3/1064 2489/3/1064
f 2552/3/1065 2547/3/1066 2546/3/1067
f 2553/3/113 2552/3/987 2551/3/987
f 2534/3/1068 2542/3/1068 2543/3/1068
f 2533/3/1069 2526/3/1069 2525/3/1069
f 2484/3/1070 2479/3/1071 2485/3/1070
f 2560/3/1072 2555/3/1072 2554/3/1072
f 2544/3/1073 2550/3/1074 2548/3/1075
f 2475/3/1076 2476/3/1076 2474/3/1076
f 2489/3/113 2512/3/113 2511/3/113
f 2567/3/1077 2564/3/1077 2565/3/1077
f 2503/3/1078 2495/3/1078 2502/3/1078
f 2499/3/1079 2504/3/1080 2505/3/1081
f 2541/3/1082 2538/3/1082 2540/3/1082
f 2558/3/1083 2561/3/1084 2560/3/1084
f 2510/3/113 2508/3/1016 2509/3/1016
f 2481/3/111 2480/3/111 2497/3/111
f 2479/3/1085 2480/3/1085 2481/3/1085
f 2505/3/1086 2506/3/1086 2507/3/1086
f 2530/3/1087 2529/3/1088 2525/3/1089
f 2549/3/275 2544/3/275 2438/3/275
f 2549/3/275 2438/3/275 2436/3/275
f 2566/3/275 2549/3/275 2436/3/275
f 2436/3/275 2437/3/275 2564/3/275
f 2437/3/275 2562/3/275 2564/3/275
f 2564/3/275 2566/3/275 2436/3/275
f 2564/3/275 2562/3/275 2529/3/275
f 2562/3/275 2531/3/275 2529/3/275
f 2529/3/275 2531/3/275 2518/3/275
f 2439/3/276 2438/3/276 2542/3/276
f 2438/3/276 2544/3/276 2542/3/276
f 2440/3/276 2439/3/276 2533/3/276
f 2439/3/276 2542/3/276 2533/3/276
f 2533/3/276 2525/3/276 2514/3/276
f 2525/3/276 2518/3/276 2514/3/276
f 2510/3/1090 2441/3/1091 2503/3/1051
f 2441/3/1091 2439/3/277 2503/3/1051
f 2439/3/277 2440/3/277 2496/3/1050
f 2491/3/1092 2466/3/1093 2496/3/1050
f 2466/3/1094 2472/3/1094 2496/3/1094
f 2440/3/277 2491/3/1092 2496/3/1050
f 2441/3/278 2510/3/278 2487/3/278
f 2442/3/278 2441/3/278 2487/3/278
f 2442/3/278 2487/3/278 2483/3/278
f 2443/3/278 2442/3/278 2477/3/278
f 2442/3/278 2483/3/278 2477/3/278
f 2463/3/278 2443/3/278 2477/3/278
f 2463/3/278 2477/3/278 2468/3/278
f 2477/3/278 2475/3/278 2468/3/278
f 2468/3/278 2475/3/278 2466/3/278
f 2475/3/278 2472/3/278 2466/3/278
f 2511/3/279 2444/3/279 2488/3/279
f 2444/3/279 2442/3/279 2488/3/279
f 2484/3/279 2488/3/279 2442/3/279
f 2478/3/279 2484/3/279 2442/3/279
f 2442/3/279 2443/3/279 2478/3/279
f 2443/3/279 2460/3/279 2478/3/279
f 2469/3/279 2500/3/279 2497/3/279
f 2469/3/279 2497/3/279 2480/3/279
f 2480/3/279 2478/3/279 2460/3/279
f 2445/3/280 2444/3/280 2506/3/280
f 2444/3/280 2511/3/280 2506/3/280
f 2445/3/280 2506/3/280 2504/3/280
f 2446/3/280 2445/3/280 2504/3/280
f 2492/3/280 2446/3/280 2504/3/280
f 2500/3/280 2492/3/280 2504/3/280
f 2447/3/111 2436/3/111 2448/3/111
f 2447/3/281 2445/3/281 2547/3/281
f 2553/3/281 2447/3/281 2547/3/281
f 2541/3/281 2547/3/281 2445/3/281
f 2445/3/281 2446/3/281 2541/3/281
f 2446/3/281 2517/3/281 2541/3/281
f 2539/3/281 2541/3/281 2524/3/281
f 2436/3/282 2447/3/282 2555/3/282
f 2447/3/282 2553/3/282 2555/3/282
f 2436/3/282 2555/3/282 2561/3/282
f 2436/3/282 2561/3/282 2559/3/282
f 2437/3/282 2436/3/282 2559/3/282
f 2536/3/1052 2539/3/1095 2521/3/1053
f 2539/3/1095 2524/3/1096 2521/3/1053
f 2557/3/282 2437/3/282 2559/3/282
f 2521/3/1053 2557/3/282 2559/3/282
f 2439/3/111 2441/3/111 2453/3/111
f 2548/3/1097 2449/3/280 2545/3/280
f 2449/3/280 2451/3/280 2543/3/280
f 2545/3/280 2449/3/280 2543/3/280
f 2543/3/280 2451/3/280 2534/3/280
f 2451/3/280 2452/3/280 2534/3/280
f 2534/3/280 2452/3/280 2515/3/280
f 2528/3/280 2527/3/280 2526/3/280
f 2526/3/280 2534/3/280 2515/3/280
f 2519/3/280 2528/3/280 2526/3/280
f 2451/3/281 2453/3/281 2502/3/281
f 2453/3/281 2509/3/1098 2508/3/281
f 2453/3/281 2508/3/281 2502/3/281
f 2451/3/281 2502/3/281 2495/3/281
f 2452/3/281 2451/3/281 2495/3/281
f 2471/3/281 2473/3/281 2464/3/281
f 2473/3/281 2465/3/281 2464/3/281
f 2490/3/281 2452/3/281 2495/3/281
f 2464/3/281 2490/3/281 2495/3/281
f 2438/3/111 2449/3/111 2448/3/111
f 2445/3/111 2457/3/111 2456/3/111
f 2441/3/111 2442/3/111 2454/3/111
f 2439/3/111 2451/3/111 2449/3/111
f 2445/3/111 2447/3/111 2459/3/111
f 2444/3/111 2456/3/111 2454/3/111
f 2448/3/279 2449/3/279 2550/3/279
f 2449/3/279 2548/3/279 2550/3/279
f 2448/3/279 2550/3/279 2567/3/279
f 2448/3/279 2567/3/279 2565/3/279
f 2450/3/279 2448/3/279 2565/3/279
f 2530/3/279 2527/3/279 2528/3/279
f 2563/3/279 2450/3/279 2565/3/279
f 2530/3/279 2528/3/279 2532/3/279
f 2532/3/279 2563/3/279 2530/3/279
f 2551/3/278 2459/3/278 2554/3/278
f 2459/3/278 2448/3/278 2554/3/278
f 2560/3/278 2554/3/278 2448/3/278
f 2560/3/278 2448/3/278 2558/3/278
f 2448/3/278 2450/3/278 2558/3/278
f 2558/3/278 2450/3/278 2556/3/278
f 2522/3/278 2537/3/278 2535/3/278
f 2535/3/278 2558/3/278 2556/3/278
f 2520/3/278 2522/3/278 2535/3/278
f 2457/3/277 2459/3/277 2546/3/277
f 2459/3/277 2551/3/277 2552/3/277
f 2459/3/277 2552/3/277 2546/3/277
f 2457/3/277 2546/3/277 2540/3/277
f 2458/3/277 2457/3/277 2540/3/277
f 2538/3/277 2537/3/277 2522/3/277
f 2516/3/277 2458/3/277 2540/3/277
f 2538/3/277 2522/3/277 2523/3/277
f 2523/3/277 2516/3/277 2540/3/277
f 2512/3/276 2456/3/276 2513/3/276
f 2456/3/276 2457/3/276 2507/3/276
f 2513/3/276 2456/3/276 2507/3/276
f 2507/3/276 2457/3/276 2505/3/276
f 2457/3/276 2458/3/276 2505/3/276
f 2505/3/276 2458/3/276 2493/3/276
f 2501/3/276 2498/3/276 2499/3/276
f 2499/3/276 2505/3/276 2494/3/276
f 2505/3/276 2493/3/276 2494/3/276
f 2454/3/275 2456/3/275 2489/3/275
f 2456/3/275 2512/3/275 2489/3/275
f 2454/3/275 2489/3/275 2485/3/275
f 2454/3/275 2485/3/275 2479/3/275
f 2455/3/275 2454/3/275 2479/3/275
f 2481/3/275 2498/3/275 2501/3/275
f 2461/3/275 2455/3/275 2479/3/275
f 2481/3/275 2501/3/275 2470/3/275
f 2470/3/275 2461/3/275 2481/3/275
f 2509/3/282 2453/3/282 2486/3/282
f 2453/3/282 2454/3/282 2486/3/282
f 2482/3/282 2486/3/282 2454/3/282
f 2482/3/282 2454/3/282 2476/3/282
f 2454/3/282 2455/3/282 2476/3/282
f 2476/3/282 2455/3/282 2462/3/282
f 2465/3/282 2473/3/282 2474/3/282
f 2474/3/282 2476/3/282 2467/3/282
f 2476/3/282 2462/3/282 2467/3/282
f 2565/3/1054 2564/3/1054 2529/3/1054
f 2476/3/1055 2477/3/1055 2483/3/1055
f 2482/3/1056 2483/3/1099 2487/3/1056
f 2472/3/111 2475/3/111 2474/3/111
f 2473/3/111 2471/3/111 2472/3/111
f 2536/3/1057 2559/3/1057 2558/3/1057
f 2506/3/1058 2511/3/1100 2513/3/1059
f 2547/3/1061 2541/3/1061 2540/3/1061
f 2539/3/111 2536/3/111 2535/3/111
f 2537/3/111 2538/3/301 2539/3/111
f 2539/3/111 2535/3/111 2537/3/111
f 2549/3/1062 2566/3/1101 2567/3/1062
f 2502/3/1063 2508/3/1063 2503/3/1063
f 2488/3/1064 2484/3/1064 2485/3/1064
f 2552/3/1065 2553/3/1102 2547/3/1066
f 2551/3/987 2554/3/113 2553/3/113
f 2554/3/113 2555/3/113 2553/3/113
f 2534/3/1068 2533/3/1068 2542/3/1068
f 2534/3/1069 2526/3/1069 2533/3/1069
f 2484/3/1070 2478/3/1071 2479/3/1071
f 2560/3/1072 2561/3/1072 2555/3/1072
f 2548/3/1075 2545/3/1103 2544/3/1073
f 2544/3/1073 2549/3/1104 2550/3/1074
f 2475/3/1076 2477/3/1076 2476/3/1076
f 2512/3/113 2513/3/113 2511/3/113
f 2511/3/113 2488/3/113 2489/3/113
f 2567/3/1077 2566/3/1105 2564/3/1077
f 2503/3/1078 2496/3/1078 2495/3/1078
f 2499/3/1079 2497/3/1106 2504/3/1080
f 2471/3/1107 2495/3/1107 2496/3/1107
f 2496/3/1107 2472/3/1107 2471/3/1107
f 2541/3/1082 2539/3/1082 2538/3/1082
f 2558/3/1083 2559/3/1083 2561/3/1084
f 2509/3/1016 2486/3/113 2510/3/113
f 2486/3/113 2487/3/113 2510/3/113
f 2497/3/111 2499/3/1108 2498/3/111
f 2498/3/111 2481/3/111 2497/3/111
f 2479/3/1085 2478/3/1085 2480/3/1085
f 2505/3/1086 2504/3/1086 2506/3/1086
f 2545/3/1109 2543/3/1109 2542/3/1109
f 2542/3/1109 2544/3/1109 2545/3/1109
f 2525/3/1089 2526/3/1110 2527/3/1111
f 2527/3/1111 2530/3/1087 2525/3/1089
f 2569/3/1112 2570/3/1112 2568/3/1112
f 2571/3/2 2574/3/2 2570/3/2
f 2575/3/1113 2572/3/1113 2574/3/1113
f 2572/3/4 2569/3/4 2568/3/4
f 2574/3/116 2568/3/116 2570/3/116
f 2571/3/115 2573/3/115 2575/3/115
f 348/3/111 334/3/111 333/3/111
f 355/3/4 356/3/4 332/3/4
f 352/3/112 333/3/112 347/3/112
f 350/3/113 344/3/113 422/3/113
f 332/3/113 335/3/113 350/3/113
f 356/3/4 334/3/4 337/3/4
f 339/3/4 335/3/4 358/3/4
f 358/3/4 337/3/4 341/3/4
f 341/3/4 342/3/4 339/3/4
f 335/3/113 339/3/113 344/3/113
f 342/3/114 341/3/114 343/3/114
f 365/3/115 344/3/115 339/3/115
f 382/3/116 367/3/116 426/3/116
f 355/3/117 331/3/117 345/3/117
f 374/3/4 366/3/4 363/3/4
f 379/3/4 349/3/4 362/3/4
f 379/3/113 378/3/113 361/3/113
f 380/3/111 351/3/111 338/3/111
f 367/3/118 377/3/118 429/3/118
f 381/3/4 362/3/4 351/3/4
f 357/3/116 362/3/116 349/3/116
f 333/3/117 355/3/117 360/3/117
f 332/3/4 356/3/4 358/3/4
f 333/3/4 334/3/4 356/3/4
f 336/3/116 363/3/116 366/3/116
f 373/3/119 375/3/119 363/3/119
f 348/3/120 346/3/120 337/3/120
f 346/3/111 343/3/111 341/3/111
f 444/3/116 429/3/116 377/3/116
f 359/3/113 364/3/113 345/3/113
f 332/3/113 353/3/113 359/3/113
f 427/3/116 357/3/116 361/3/116
f 376/3/121 354/3/121 366/3/121
f 419/3/113 423/3/113 364/3/113
f 452/3/113 425/3/113 361/3/113
f 353/3/113 350/3/113 421/3/113
f 353/3/113 420/3/113 419/3/113
f 352/3/122 340/3/122 368/3/122
f 352/3/2 372/3/2 371/3/2
f 424/3/115 439/3/115 368/3/115
f 346/3/2 370/3/2 369/3/2
f 346/3/2 348/3/2 371/3/2
f 370/3/111 436/3/111 435/3/111
f 371/3/123 437/3/123 436/3/123
f 372/3/111 438/3/111 437/3/111
f 368/3/112 439/3/112 438/3/112
f 362/3/121 357/3/121 376/3/121
f 427/3/121 444/3/121 376/3/121
f 351/3/119 375/3/119 373/3/119
f 362/3/4 374/3/4 375/3/4
f 373/3/126 336/3/2 377/3/1348
f 336/3/2 354/3/2 377/3/1348
f 354/3/2 376/3/2 377/3/1348
f 377/3/1348 367/3/1349 373/3/126
f 367/3/1349 382/3/124 373/3/126
f 340/3/111 382/3/111 451/3/111
f 423/3/113 452/3/113 378/3/113
f 360/3/4 381/3/4 380/3/4
f 347/3/111 380/3/111 382/3/111
f 345/3/113 364/3/113 378/3/113
f 345/3/4 379/3/4 381/3/4
f 385/3/111 386/3/111 400/3/111
f 383/3/2 384/3/2 408/3/2
f 404/3/112 392/3/112 399/3/112
f 422/3/113 396/3/113 402/3/113
f 402/3/113 387/3/113 384/3/113
f 408/3/2 410/3/2 389/3/2
f 410/3/2 387/3/2 391/3/2
f 391/3/2 394/3/2 393/3/2
f 393/3/2 389/3/2 410/3/2
f 396/3/113 391/3/113 387/3/113
f 395/3/114 393/3/114 394/3/114
f 417/3/115 394/3/115 391/3/115
f 426/3/116 428/3/116 450/3/116
f 407/3/127 412/3/127 397/3/127
f 415/3/2 418/3/2 441/3/2
f 414/3/2 401/3/2 447/3/2
f 447/3/113 401/3/113 413/3/113
f 390/3/111 403/3/111 448/3/111
f 428/3/118 426/3/118 429/3/118
f 403/3/2 414/3/2 449/3/2
f 401/3/116 414/3/116 409/3/116
f 385/3/127 399/3/127 412/3/127
f 384/3/2 387/3/2 410/3/2
f 407/3/2 408/3/2 386/3/2
f 418/3/116 415/3/116 388/3/116
f 388/3/119 415/3/119 442/3/119
f 389/3/120 398/3/120 400/3/120
f 393/3/111 395/3/111 398/3/111
f 445/3/116 429/3/116 444/3/116
f 397/3/113 416/3/113 411/3/113
f 411/3/113 405/3/113 384/3/113
f 413/3/116 409/3/116 427/3/116
f 441/3/121 418/3/121 406/3/121
f 416/3/113 423/3/113 419/3/113
f 413/3/113 425/3/113 452/3/113
f 421/3/113 402/3/113 405/3/113
f 419/3/113 420/3/113 405/3/113
f 404/3/128 434/3/128 430/3/128
f 433/3/4 434/3/4 404/3/4
f 430/3/115 439/3/115 424/3/115
f 431/3/4 432/3/4 398/3/4
f 398/3/4 432/3/4 433/3/4
f 435/3/111 436/3/111 432/3/111
f 436/3/123 437/3/123 433/3/123
f 437/3/111 438/3/111 434/3/111
f 438/3/112 439/3/112 430/3/112
f 414/3/121 441/3/121 443/3/121
f 443/3/121 444/3/121 427/3/121
f 440/3/119 442/3/119 403/3/119
f 442/3/2 441/3/2 414/3/2
f 406/3/4 388/3/4 445/3/129
f 388/3/4 440/3/1350 445/3/129
f 440/3/1350 390/3/1351 450/3/1352
f 450/3/1352 428/3/1353 440/3/1350
f 428/3/1353 445/3/129 440/3/1350
f 451/3/111 450/3/111 392/3/111
f 446/3/113 452/3/113 423/3/113
f 448/3/2 449/3/2 412/3/2
f 450/3/111 448/3/111 399/3/111
f 397/3/113 447/3/113 446/3/113
f 449/3/2 447/3/2 397/3/2
f 466/3/1354 469/3/1354 462/3/1354
f 589/3/116 593/3/116 453/3/116
f 483/3/115 454/3/115 455/3/115
f 457/3/4 583/3/4 577/3/4
f 457/3/4 577/3/4 571/3/4
f 614/3/4 456/3/4 612/3/4
f 456/3/4 458/3/4 612/3/4
f 457/3/4 571/3/4 621/3/4
f 571/3/4 569/3/4 621/3/4
f 565/3/4 567/3/4 623/3/4
f 569/3/4 565/3/4 621/3/4
f 565/3/4 623/3/4 621/3/4
f 621/3/4 612/3/4 457/3/4
f 460/3/131 467/3/131 473/3/131
f 473/3/131 474/3/131 461/3/131
f 458/3/111 456/3/111 468/3/111
f 453/3/111 458/3/111 470/3/111
f 463/3/132 488/3/132 494/3/132
f 453/3/111 465/3/111 501/3/111
f 459/3/113 461/3/113 489/3/113
f 461/3/113 474/3/113 508/3/113
f 460/3/134 459/3/133 463/3/137
f 459/3/113 490/3/113 488/3/113
f 468/3/111 456/3/111 472/3/111
f 456/3/111 454/3/139 472/3/111
f 454/3/139 483/3/139 506/3/139
f 467/3/4 460/3/4 462/3/4
f 465/3/140 466/3/1355 502/3/141
f 468/3/143 472/3/1356 473/3/144
f 470/3/146 468/3/1357 467/3/147
f 465/3/149 470/3/1358 469/3/150
f 502/3/116 466/3/116 464/3/116
f 471/3/115 506/3/115 473/3/115
f 506/3/115 508/3/115 473/3/115
f 508/3/115 474/3/115 473/3/115
f 496/3/1359 493/3/1359 491/3/1359
f 478/3/153 476/3/153 477/3/153
f 475/3/116 588/3/116 589/3/116
f 477/3/115 476/3/115 483/3/115
f 481/3/2 478/3/2 479/3/2
f 505/3/153 497/3/153 486/3/153
f 486/3/153 487/3/153 505/3/153
f 481/3/111 500/3/111 498/3/111
f 475/3/111 495/3/111 500/3/111
f 494/3/132 488/3/132 492/3/132
f 501/3/111 495/3/111 475/3/111
f 485/3/113 490/3/113 489/3/113
f 487/3/113 489/3/113 508/3/113
f 492/3/159 485/3/154 486/3/156
f 488/3/113 490/3/113 485/3/113
f 476/3/139 478/3/111 504/3/111
f 478/3/111 498/3/111 504/3/111
f 476/3/139 503/3/139 506/3/139
f 499/3/2 491/3/2 486/3/2
f 502/3/141 496/3/1355 495/3/140
f 498/3/160 497/3/1360 505/3/161
f 500/3/163 499/3/1361 497/3/164
f 495/3/166 496/3/1362 499/3/167
f 502/3/116 494/3/116 493/3/116
f 503/3/115 504/3/115 505/3/115
f 505/3/115 507/3/115 508/3/115
f 508/3/115 506/3/115 505/3/115
f 521/3/1363 519/3/1363 517/3/1363
f 538/3/1364 509/3/1364 594/3/1364
f 511/3/1365 510/3/1365 537/3/1365
f 513/3/1366 512/3/1366 613/3/1366
f 512/3/1367 604/3/1367 613/3/1367
f 578/3/1368 584/3/1369 602/3/1370
f 572/3/1371 578/3/1368 602/3/1370
f 602/3/1372 513/3/1372 613/3/1372
f 622/3/172 628/3/1373 566/3/173
f 628/3/1373 568/3/1374 566/3/173
f 602/3/1372 613/3/1372 622/3/172
f 570/3/1375 572/3/1375 602/3/1375
f 570/3/174 602/3/1372 622/3/172
f 528/3/1376 522/3/1376 515/3/1376
f 528/3/1377 515/3/1377 516/3/1377
f 513/3/1378 525/3/1378 523/3/1378
f 520/3/1379 525/3/1379 513/3/1379
f 519/3/1380 548/3/1380 542/3/1380
f 555/3/1381 520/3/1381 509/3/1381
f 514/3/186 544/3/186 543/3/186
f 516/3/1382 543/3/1382 562/3/1382
f 517/3/1383 518/3/1383 514/3/1383
f 518/3/185 542/3/185 544/3/186
f 510/3/1384 512/3/1384 526/3/1384
f 512/3/1385 523/3/1385 527/3/1385
f 510/3/216 526/3/216 560/3/216
f 524/3/1386 517/3/1386 515/3/1386
f 556/3/1387 521/3/1387 520/3/1387
f 523/3/1388 522/3/1388 528/3/1388
f 525/3/1389 524/3/1389 522/3/1389
f 521/3/1390 524/3/1390 525/3/1390
f 556/3/195 548/3/1391 519/3/196
f 527/3/1392 528/3/1392 529/3/1392
f 529/3/1393 562/3/1393 526/3/1393
f 562/3/116 560/3/116 526/3/116
f 550/3/1394 553/3/1394 545/3/1394
f 532/3/1395 531/3/1395 533/3/1395
f 538/3/1396 592/3/1396 591/3/1396
f 537/3/1397 531/3/1397 532/3/1397
f 597/3/1398 534/3/1398 533/3/1398
f 540/3/1399 551/3/1399 559/3/1399
f 540/3/1400 559/3/1400 561/3/1400
f 535/3/1401 533/3/1401 552/3/1401
f 535/3/1402 554/3/1402 549/3/1402
f 547/3/1403 546/3/1403 542/3/1403
f 530/3/1404 549/3/1404 555/3/1404
f 539/3/1405 541/3/1405 543/3/1405
f 541/3/1406 561/3/1406 562/3/1406
f 545/3/1407 540/3/1407 539/3/1407
f 546/3/214 539/3/210 544/3/210
f 552/3/1408 533/3/1408 558/3/1408
f 533/3/1409 531/3/1409 557/3/1409
f 531/3/1410 537/3/1410 560/3/1410
f 553/3/1411 551/3/1411 540/3/1411
f 549/3/1412 550/3/1412 556/3/1412
f 552/3/1413 558/3/1413 559/3/1413
f 554/3/1414 552/3/1414 551/3/1414
f 554/3/1415 553/3/1415 550/3/1415
f 556/3/222 550/3/1416 547/3/223
f 557/3/116 560/3/116 562/3/116
f 562/3/1417 561/3/1417 557/3/1417
f 561/3/1418 559/3/1418 558/3/1418
f 581/3/226 573/3/226 574/3/226
f 573/3/227 575/3/227 576/3/227
f 623/3/131 567/3/131 627/3/131
f 567/3/131 563/3/131 620/3/131
f 627/3/131 567/3/131 620/3/131
f 625/3/131 620/3/131 563/3/131
f 625/3/131 563/3/131 617/3/131
f 563/3/131 575/3/131 617/3/131
f 573/3/131 581/3/131 455/3/131
f 581/3/131 579/3/131 455/3/131
f 615/3/131 617/3/131 575/3/131
f 606/3/131 615/3/131 454/3/131
f 615/3/131 575/3/131 454/3/131
f 575/3/131 573/3/131 455/3/131
f 456/3/131 614/3/131 609/3/131
f 614/3/131 605/3/131 609/3/131
f 609/3/131 610/3/131 456/3/131
f 575/3/131 455/3/131 454/3/131
f 456/3/131 610/3/131 454/3/131
f 581/3/227 582/3/227 580/3/227
f 511/3/1419 580/3/1420 582/3/1421
f 511/3/1419 582/3/1421 574/3/1422
f 603/3/1423 604/3/1424 608/3/1425
f 604/3/1426 512/3/1427 611/3/1428
f 611/3/1429 608/3/1425 604/3/1424
f 618/3/230 616/3/1430 576/3/1430
f 616/3/1430 607/3/1430 510/3/1430
f 607/3/1430 611/3/1428 510/3/1430
f 611/3/1428 512/3/1427 510/3/1430
f 510/3/1430 511/3/1430 576/3/1430
f 511/3/1430 574/3/1431 576/3/1430
f 616/3/1430 510/3/1430 576/3/1430
f 576/3/1430 564/3/228 618/3/230
f 564/3/1423 568/3/1423 619/3/1423
f 568/3/1423 628/3/1423 626/3/1423
f 626/3/1423 619/3/1423 568/3/1423
f 619/3/1423 624/3/1423 564/3/1423
f 578/3/231 572/3/231 571/3/231
f 566/3/232 565/3/232 569/3/233
f 563/3/234 564/3/1432 576/3/234
f 567/3/111 565/3/111 568/3/111
f 565/3/111 566/3/111 568/3/111
f 568/3/111 564/3/111 567/3/111
f 584/3/235 578/3/235 577/3/235
f 570/3/235 569/3/235 571/3/235
f 602/3/2 601/3/2 586/3/2
f 586/3/1433 594/3/1433 509/3/1433
f 513/3/1434 602/3/1434 586/3/1434
f 530/3/1435 591/3/1435 590/3/1435
f 535/3/1436 530/3/1436 590/3/1436
f 453/3/238 593/3/238 585/3/238
f 585/3/238 599/3/238 457/3/238
f 457/3/238 458/3/238 585/3/238
f 480/3/239 595/3/239 587/3/239
f 587/3/239 588/3/239 475/3/239
f 475/3/239 481/3/239 587/3/239
f 585/3/111 593/3/111 594/3/111
f 587/3/111 590/3/111 591/3/111
f 593/3/111 589/3/111 594/3/111
f 589/3/111 588/3/111 591/3/111
f 592/3/111 589/3/111 591/3/111
f 590/3/4 587/3/4 597/3/4
f 587/3/4 595/3/4 597/3/4
f 595/3/4 596/3/4 597/3/4
f 600/3/2 599/3/2 601/3/2
f 599/3/2 585/3/2 601/3/2
f 585/3/2 586/3/2 601/3/2
f 611/3/240 610/3/240 609/3/240
f 619/3/113 620/3/113 625/3/113
f 628/3/113 622/3/113 623/3/113
f 622/3/113 621/3/113 623/3/113
f 623/3/113 627/3/113 628/3/113
f 624/3/241 625/3/241 617/3/241
f 613/3/242 612/3/242 621/3/242
f 611/3/111 607/3/111 606/3/111
f 617/3/243 615/3/243 616/3/243
f 626/3/113 627/3/113 620/3/113
f 603/3/244 608/3/244 609/3/244
f 614/3/111 612/3/111 613/3/111
f 604/3/111 603/3/111 605/3/111
f 614/3/111 613/3/111 604/3/111
f 615/3/243 606/3/243 607/3/243
f 835/3/254 844/3/254 848/3/254
f 836/3/255 846/3/255 847/3/255
f 849/3/4 843/3/4 905/3/4
f 843/3/4 907/3/4 905/3/4
f 873/3/4 847/3/4 875/3/4
f 847/3/4 851/3/4 875/3/4
f 849/3/4 905/3/4 899/3/4
f 901/3/4 897/3/4 883/3/4
f 897/3/4 891/3/4 883/3/4
f 849/3/4 899/3/4 901/3/4
f 871/3/4 875/3/4 851/3/4
f 865/3/4 867/3/4 851/3/4
f 867/3/4 871/3/4 851/3/4
f 851/3/4 849/3/4 885/3/4
f 865/3/4 851/3/4 885/3/4
f 879/3/4 861/3/4 863/3/4
f 849/3/4 901/3/4 883/3/4
f 885/3/4 879/3/4 865/3/4
f 879/3/4 863/3/4 865/3/4
f 838/3/115 845/3/115 846/3/115
f 850/3/116 849/3/116 851/3/116
f 852/3/2 848/3/2 876/3/2
f 848/3/2 874/3/2 876/3/2
f 900/3/2 906/3/2 850/3/2
f 892/3/2 898/3/2 884/3/2
f 898/3/2 902/3/2 884/3/2
f 902/3/2 900/3/2 850/3/2
f 852/3/2 876/3/2 872/3/2
f 872/3/2 868/3/2 852/3/2
f 868/3/2 866/3/2 852/3/2
f 850/3/2 852/3/2 886/3/2
f 852/3/2 866/3/2 886/3/2
f 864/3/2 862/3/2 880/3/2
f 884/3/2 902/3/2 850/3/2
f 864/3/2 880/3/2 866/3/2
f 880/3/2 886/3/2 866/3/2
f 850/3/2 844/3/2 854/3/2
f 847/3/256 848/3/260 852/3/257
f 853/3/111 855/3/111 856/3/111
f 850/3/116 856/3/116 855/3/116
f 849/3/4 855/3/4 853/3/4
f 843/3/253 853/3/258 854/3/258
f 847/3/259 846/3/259 845/3/259
f 866/3/261 865/3/261 863/3/261
f 871/3/115 867/3/115 868/3/115
f 890/3/262 889/3/262 887/3/262
f 881/3/263 877/3/263 878/3/263
f 893/3/264 895/3/264 896/3/264
f 891/3/113 889/3/113 890/3/113
f 858/3/116 857/3/116 869/3/116
f 904/3/265 903/3/265 893/3/265
f 868/3/115 867/3/115 865/3/115
f 847/3/4 873/3/4 869/3/4
f 847/3/4 869/3/4 857/3/4
f 903/3/4 907/3/4 843/3/4
f 893/3/4 903/3/4 843/3/4
f 843/3/4 847/3/4 881/3/4
f 847/3/4 857/3/4 881/3/4
f 859/3/4 861/3/4 879/3/4
f 891/3/4 897/3/4 895/3/4
f 889/3/4 891/3/4 895/3/4
f 889/3/4 895/3/4 887/3/4
f 895/3/4 893/3/4 887/3/4
f 857/3/4 859/3/4 877/3/4
f 859/3/4 879/3/4 877/3/4
f 887/3/4 893/3/4 843/3/4
f 857/3/4 877/3/4 881/3/4
f 887/3/116 881/3/116 882/3/116
f 901/3/115 899/3/115 900/3/115
f 908/3/266 907/3/266 903/3/266
f 879/3/267 885/3/267 886/3/267
f 898/3/111 896/3/111 895/3/111
f 872/3/268 876/3/268 875/3/268
f 905/3/113 907/3/113 908/3/113
f 880/3/111 878/3/111 877/3/111
f 899/3/269 905/3/269 906/3/269
f 883/3/270 891/3/270 892/3/270
f 862/3/113 861/3/113 859/3/113
f 876/3/271 874/3/271 873/3/271
f 859/3/272 857/3/272 858/3/272
f 886/3/115 885/3/115 883/3/115
f 898/3/273 897/3/273 901/3/273
f 864/3/261 863/3/261 861/3/261
f 844/3/2 850/3/2 906/3/2
f 844/3/2 906/3/2 908/3/2
f 870/3/2 874/3/2 848/3/2
f 858/3/2 870/3/2 848/3/2
f 844/3/2 908/3/2 904/3/2
f 844/3/2 904/3/2 894/3/2
f 858/3/2 848/3/2 882/3/2
f 848/3/2 844/3/2 882/3/2
f 880/3/2 862/3/2 860/3/2
f 896/3/2 898/3/2 892/3/2
f 896/3/2 892/3/2 890/3/2
f 894/3/2 896/3/2 888/3/2
f 896/3/2 890/3/2 888/3/2
f 880/3/2 860/3/2 878/3/2
f 860/3/2 858/3/2 878/3/2
f 844/3/2 894/3/2 888/3/2
f 882/3/2 878/3/2 858/3/2
f 873/3/274 874/3/274 870/3/274
f 910/3/275 912/3/275 911/3/275
f 911/3/276 912/3/276 914/3/276
f 913/3/277 914/3/277 916/3/277
f 915/3/278 916/3/278 918/3/278
f 917/3/279 918/3/279 920/3/279
f 1078/3/280 1079/3/280 922/3/280
f 920/3/111 1010/3/111 1090/3/111
f 1100/3/281 924/3/281 923/3/281
f 923/3/282 924/3/282 910/3/282
f 917/3/111 929/3/111 928/3/111
f 932/3/281 940/3/281 1102/3/281
f 1099/3/111 923/3/111 932/3/111
f 913/3/111 927/3/111 926/3/111
f 919/3/111 930/3/111 929/3/111
f 923/3/111 909/3/111 925/3/111
f 909/3/111 911/3/111 926/3/111
f 913/3/111 915/3/111 928/3/111
f 1078/3/111 921/3/111 931/3/111
f 936/3/283 937/3/113 945/3/113
f 929/3/279 930/3/279 938/3/279
f 927/3/277 928/3/277 936/3/277
f 926/3/275 934/3/275 933/3/275
f 925/3/282 933/3/282 940/3/282
f 1080/3/280 931/3/280 939/3/280
f 928/3/278 929/3/278 937/3/278
f 927/3/276 935/3/276 934/3/276
f 941/3/284 949/3/284 956/3/284
f 935/3/113 943/3/113 942/3/285
f 940/3/113 948/3/113 1103/3/113
f 938/3/113 946/3/113 945/3/113
f 935/3/113 936/3/283 944/3/283
f 934/3/285 942/3/285 941/3/113
f 940/3/113 933/3/113 941/3/113
f 939/3/113 947/3/113 1082/3/113
f 953/3/279 954/3/279 962/3/279
f 947/3/286 955/3/286 1083/3/286
f 944/3/287 945/3/287 953/3/287
f 942/3/288 943/3/288 951/3/288
f 948/3/289 956/3/289 1104/3/289
f 946/3/290 954/3/290 953/3/290
f 943/3/291 944/3/291 952/3/291
f 941/3/292 942/3/292 950/3/292
f 1105/3/293 964/3/293 972/3/293
f 952/3/277 960/3/277 959/3/277
f 950/3/275 958/3/275 957/3/275
f 956/3/282 949/3/282 957/3/282
f 955/3/280 963/3/280 1084/3/280
f 952/3/278 953/3/278 961/3/278
f 950/3/276 951/3/276 959/3/276
f 956/3/281 964/3/281 1105/3/281
f 1085/3/111 971/3/301 979/3/111
f 962/3/294 970/3/294 969/3/294
f 959/3/295 960/3/295 968/3/295
f 958/3/296 966/3/296 965/3/296
f 964/3/297 957/3/297 965/3/297
f 1084/3/298 963/3/298 971/3/298
f 960/3/299 961/3/299 969/3/299
f 958/3/300 959/3/300 967/3/300
f 973/3/275 974/3/275 982/3/275
f 968/3/111 969/3/111 977/3/111
f 966/3/111 967/3/301 975/3/301
f 1106/3/111 972/3/111 980/3/111
f 969/3/111 970/3/111 978/3/111
f 968/3/111 976/3/111 975/3/301
f 966/3/111 974/3/111 973/3/111
f 965/3/111 973/3/111 980/3/111
f 1108/3/111 988/3/111 996/3/111
f 980/3/282 973/3/282 981/3/282
f 979/3/280 987/3/280 1087/3/280
f 976/3/278 977/3/278 985/3/278
f 975/3/276 983/3/276 982/3/276
f 1107/3/281 980/3/281 988/3/281
f 978/3/279 986/3/279 985/3/279
f 975/3/277 976/3/277 984/3/277
f 990/3/276 991/3/276 999/3/276
f 985/3/111 986/3/111 994/3/111
f 983/3/111 984/3/111 992/3/302
f 982/3/111 990/3/303 989/3/111
f 981/3/111 989/3/111 996/3/111
f 1087/3/111 987/3/111 995/3/111
f 984/3/111 985/3/111 993/3/111
f 983/3/111 991/3/111 990/3/303
f 1002/3/111 1029/3/111 1028/3/111
f 996/3/281 1004/3/281 1110/3/281
f 994/3/279 1002/3/279 1001/3/279
f 992/3/277 1000/3/277 999/3/277
f 990/3/275 998/3/275 997/3/275
f 989/3/282 997/3/282 1004/3/282
f 995/3/280 1003/3/280 1089/3/280
f 992/3/278 993/3/278 1001/3/278
f 1120/3/282 1018/3/282 1013/3/282
f 918/3/111 916/3/111 1008/3/111
f 922/3/111 1011/3/111 1111/3/111
f 912/3/111 1006/3/111 1007/3/111
f 920/3/111 918/3/111 1009/3/111
f 924/3/111 1012/3/111 1005/3/111
f 910/3/111 1005/3/111 1006/3/111
f 916/3/111 914/3/111 1007/3/111
f 1016/3/304 1021/3/304 1022/3/304
f 1127/3/280 1122/3/280 1017/3/280
f 1016/3/278 1125/3/278 1138/3/278
f 1125/3/278 1124/3/278 1135/3/278
f 1138/3/278 1125/3/278 1135/3/278
f 1124/3/278 1015/3/278 1130/3/278
f 1015/3/278 1144/3/278 1130/3/278
f 1138/3/278 1146/3/278 1016/3/278
f 1124/3/278 1130/3/278 1133/3/278
f 1070/3/276 1007/3/276 1006/3/276
f 1126/3/276 1014/3/276 1073/3/276
f 1070/3/276 1006/3/276 1126/3/276
f 1126/3/276 1073/3/276 1076/3/276
f 1122/3/279 1125/3/279 1016/3/279
f 1124/3/277 1008/3/277 1075/3/277
f 1008/3/277 1007/3/277 1070/3/277
f 1075/3/277 1008/3/277 1070/3/277
f 1075/3/277 1069/3/277 1124/3/277
f 1121/3/275 1013/3/275 1014/3/275
f 1092/3/305 1022/3/340 1067/3/306
f 1142/3/307 1015/3/307 1071/3/307
f 1015/3/307 1069/3/307 1071/3/307
f 1014/3/308 1013/3/308 1019/3/308
f 1013/3/309 1018/3/309 1023/3/309
f 1091/3/310 1017/3/310 1022/3/310
f 1146/3/311 1145/3/311 1021/3/311
f 1031/3/277 1039/3/277 1115/3/277
f 1000/3/111 1027/3/111 1026/3/111
f 998/3/111 1025/3/111 1024/3/111
f 997/3/111 1024/3/111 1031/3/111
f 1089/3/111 1003/3/111 1030/3/111
f 1001/3/111 1028/3/111 1027/3/111
f 998/3/111 999/3/111 1026/3/111
f 1110/3/111 1004/3/111 1031/3/111
f 1033/3/312 1034/3/312 1042/3/312
f 1029/3/275 1037/3/275 1036/3/275
f 1026/3/281 1027/3/281 1035/3/281
f 1024/3/279 1025/3/279 1033/3/279
f 1024/3/278 1032/3/278 1039/3/278
f 1093/3/276 1030/3/276 1038/3/276
f 1027/3/282 1028/3/282 1036/3/282
f 1026/3/280 1034/3/280 1033/3/280
f 1047/3/278 1040/3/278 1048/3/278
f 1039/3/313 1047/3/313 1116/3/313
f 1037/3/314 1045/3/314 1044/3/314
f 1035/3/315 1043/3/315 1042/3/315
f 1032/3/316 1033/3/316 1041/3/316
f 1039/3/317 1032/3/317 1040/3/317
f 1038/3/318 1046/3/318 1095/3/318
f 1035/3/319 1036/3/319 1044/3/319
f 1051/3/320 1059/3/320 1058/3/320
f 1095/3/276 1046/3/276 1054/3/276
f 1043/3/282 1044/3/282 1052/3/282
f 1041/3/280 1042/3/280 1050/3/280
f 1047/3/277 1055/3/277 1117/3/277
f 1045/3/275 1053/3/275 1052/3/275
f 1042/3/281 1043/3/281 1051/3/281
f 1041/3/279 1049/3/279 1048/3/279
f 1118/3/321 1063/3/321 1068/3/321
f 1048/3/322 1049/3/323 1057/3/323
f 1055/3/324 1048/3/324 1056/3/324
f 1054/3/325 1062/3/325 1097/3/325
f 1052/3/326 1060/3/326 1059/3/327
f 1049/3/328 1050/3/328 1058/3/328
f 1055/3/330 1063/3/330 1118/3/330
f 1052/3/331 1053/3/331 1061/3/331
f 1136/3/332 1060/3/332 1061/3/332
f 1061/3/332 1067/3/332 1137/3/332
f 1067/3/332 1140/3/332 1137/3/332
f 1066/3/1437 1058/3/1437 1129/3/1437
f 1058/3/1438 1059/3/1438 1131/3/1438
f 1129/3/1438 1058/3/1438 1131/3/1438
f 1129/3/1438 1143/3/1438 1077/3/1438
f 1056/3/334 1057/3/334 1065/3/334
f 1063/3/1439 1056/3/1439 1064/3/1439
f 1128/3/336 1123/3/336 1062/3/336
f 1059/3/337 1060/3/337 1134/3/337
f 1060/3/337 1136/3/337 1134/3/337
f 1132/3/337 1131/3/337 1059/3/337
f 1065/3/1440 1057/3/1440 1072/3/1440
f 1057/3/1440 1058/3/1440 1072/3/1440
f 1067/3/306 1022/3/340 1140/3/339
f 1022/3/340 1021/3/342 1139/3/341
f 1019/3/344 1064/3/348 1065/3/345
f 1023/3/347 1068/3/356 1064/3/348
f 1092/3/1441 1098/3/350 1091/3/350
f 1098/3/350 1097/3/349 1091/3/350
f 1073/3/351 1014/3/351 1020/3/351
f 1074/3/352 1020/3/346 1065/3/345
f 1097/3/353 1098/3/353 1067/3/353
f 1053/3/325 1096/3/325 1097/3/325
f 1095/3/276 1096/3/276 1053/3/276
f 1037/3/318 1094/3/318 1095/3/318
f 1029/3/276 1093/3/276 1094/3/276
f 1089/3/111 1093/3/111 1029/3/111
f 1128/3/1442 1118/3/1442 1112/3/1442
f 1118/3/1443 1119/3/1443 1112/3/1443
f 1088/3/280 1089/3/280 1002/3/280
f 1087/3/111 1088/3/111 994/3/111
f 978/3/280 1086/3/280 1087/3/280
f 1084/3/298 1085/3/298 970/3/298
f 1085/3/111 1086/3/111 978/3/111
f 954/3/280 1083/3/280 1084/3/280
f 946/3/286 1082/3/286 1083/3/286
f 938/3/113 1081/3/113 1082/3/113
f 1080/3/280 1081/3/280 938/3/280
f 1078/3/111 1080/3/111 930/3/111
f 922/3/111 1079/3/111 1090/3/111
f 920/3/280 1079/3/280 1078/3/280
f 1113/3/355 1119/3/355 1068/3/356
f 1054/3/330 1117/3/330 1118/3/330
f 1062/3/357 1123/3/357 1127/3/357
f 1046/3/277 1116/3/277 1117/3/277
f 1038/3/313 1115/3/313 1116/3/313
f 1110/3/111 1114/3/111 1030/3/111
f 1114/3/277 1115/3/277 1038/3/277
f 1112/3/358 1113/3/358 1023/3/358
f 1128/3/281 1112/3/281 1018/3/281
f 924/3/111 1100/3/111 1111/3/111
f 1109/3/281 1110/3/281 1003/3/281
f 979/3/281 1107/3/281 1108/3/281
f 1108/3/111 1109/3/111 995/3/111
f 1106/3/111 1107/3/111 979/3/111
f 1104/3/281 1105/3/281 963/3/281
f 1105/3/293 1106/3/293 971/3/293
f 947/3/289 1103/3/289 1104/3/289
f 939/3/113 1102/3/113 1103/3/113
f 1099/3/111 1101/3/111 931/3/111
f 931/3/281 1101/3/281 1102/3/281
f 922/3/281 1100/3/281 1099/3/281
f 1012/3/281 1111/3/281 1128/3/281
f 1090/3/280 1127/3/280 1123/3/280
f 1006/3/275 1005/3/275 1121/3/275
f 1009/3/279 1125/3/279 1122/3/279
f 1111/3/281 1011/3/281 1123/3/281
f 1008/3/278 1124/3/278 1125/3/278
f 1010/3/280 1122/3/280 1127/3/280
f 1012/3/282 1120/3/282 1121/3/282
f 1131/3/359 1132/3/359 1133/3/359
f 1133/3/359 1130/3/359 1131/3/359
f 1138/3/360 1135/3/360 1134/3/360
f 1136/3/361 1137/3/361 1138/3/360
f 1135/3/113 1133/3/113 1132/3/113
f 1146/3/235 1138/3/235 1137/3/235
f 1137/3/235 1140/3/235 1139/3/235
f 1139/3/235 1145/3/235 1146/3/235
f 1143/3/362 1141/3/362 1071/3/362
f 1143/3/227 1129/3/227 1144/3/227
f 1129/3/227 1130/3/227 1144/3/227
f 1143/3/227 1144/3/227 1142/3/227
f 1148/3/113 1150/3/113 1149/3/113
f 1147/3/4 1151/3/4 1154/3/4
f 1151/3/4 1153/3/4 1154/3/4
f 1152/3/2 1149/3/2 1155/3/2
f 1149/3/2 1150/3/2 1155/3/2
f 1152/3/116 1151/3/116 1188/3/116
f 1152/3/116 1188/3/116 1184/3/116
f 1176/3/116 1147/3/116 1149/3/116
f 1152/3/116 1184/3/116 1192/3/116
f 1192/3/116 1176/3/116 1149/3/116
f 1156/3/111 1153/3/111 1151/3/111
f 1154/3/363 1153/3/363 1156/3/363
f 1191/3/364 1155/3/364 1150/3/364
f 1148/3/364 1154/3/364 1179/3/364
f 1154/3/364 1195/3/364 1179/3/364
f 1191/3/364 1150/3/364 1175/3/364
f 1150/3/364 1148/3/364 1175/3/364
f 1159/3/2 1165/3/2 1169/3/2
f 1165/3/2 1168/3/2 1169/3/2
f 1172/3/365 1198/3/365 1190/3/365
f 1186/3/365 1194/3/365 1170/3/365
f 1170/3/365 1172/3/365 1190/3/365
f 1166/3/111 1158/3/111 1173/3/111
f 1173/3/111 1174/3/111 1167/3/111
f 1167/3/111 1168/3/111 1173/3/111
f 1168/3/111 1165/3/111 1173/3/111
f 1157/3/113 1160/3/113 1164/3/113
f 1160/3/113 1162/3/113 1164/3/113
f 1170/3/366 1167/3/366 1174/3/366
f 1158/3/4 1157/3/4 1171/3/4
f 1157/3/4 1164/3/4 1171/3/4
f 1161/3/367 1162/3/1444 1160/3/367
f 1166/3/368 1165/3/368 1159/3/368
f 1171/3/369 1172/3/369 1174/3/369
f 1169/3/370 1168/3/370 1167/3/370
f 1171/3/371 1164/3/371 1163/3/371
f 1161/3/372 1169/3/372 1170/3/372
f 1158/3/115 1166/3/115 1189/3/115
f 1158/3/115 1189/3/115 1197/3/115
f 1177/3/115 1160/3/115 1157/3/115
f 1158/3/115 1197/3/115 1181/3/115
f 1181/3/115 1177/3/115 1157/3/115
f 1162/3/365 1170/3/365 1194/3/365
f 1162/3/365 1194/3/365 1178/3/365
f 1198/3/365 1172/3/365 1182/3/365
f 1172/3/365 1163/3/365 1182/3/365
f 1162/3/365 1178/3/365 1163/3/365
f 1190/3/373 1189/3/373 1185/3/373
f 1187/3/373 1183/3/373 1184/3/373
f 1194/3/374 1193/3/374 1177/3/374
f 1191/3/374 1175/3/374 1176/3/374
f 1177/3/375 1181/3/375 1182/3/375
f 1176/3/375 1175/3/375 1179/3/375
f 1197/3/376 1189/3/376 1190/3/376
f 1196/3/376 1195/3/376 1187/3/376
f 1147/3/116 1176/3/116 1180/3/116
f 1196/3/116 1188/3/116 1151/3/116
f 1147/3/116 1180/3/116 1151/3/116
f 1155/3/364 1191/3/364 1183/3/364
f 1187/3/364 1195/3/364 1154/3/364
f 1155/3/364 1183/3/364 1187/3/364
f 1181/3/2 1197/3/2 1198/3/2
f 1180/3/2 1179/3/2 1195/3/2
f 1160/3/115 1177/3/115 1193/3/115
f 1185/3/115 1189/3/115 1166/3/115
f 1160/3/115 1193/3/115 1166/3/115
f 1186/3/4 1185/3/4 1193/3/4
f 1183/3/4 1191/3/4 1192/3/4
f 1233/3/377 1232/3/377 1199/3/377
f 1230/3/4 1231/3/4 1237/3/4
f 1237/3/4 1236/3/4 1229/3/4
f 1200/3/4 1234/3/4 1237/3/4
f 1237/3/4 1231/3/4 1233/3/4
f 1201/3/4 1223/3/4 1222/3/4
f 1203/3/4 1208/3/4 1211/3/4
f 1230/3/111 1286/3/111 1231/3/111
f 1286/3/111 1285/3/111 1233/3/111
f 1285/3/111 1204/3/111 1233/3/111
f 1204/3/111 1232/3/111 1233/3/111
f 1222/3/116 1291/3/116 1221/3/116
f 1291/3/116 1286/3/116 1229/3/116
f 1221/3/116 1291/3/116 1229/3/116
f 1215/3/4 1206/3/4 1207/3/4
f 1216/3/116 1207/3/116 1289/3/116
f 1290/3/115 1208/3/115 1204/3/115
f 1261/3/378 1260/3/1445 1263/3/379
f 1292/3/115 1209/3/115 1211/3/115
f 1218/3/4 1203/3/4 1209/3/4
f 1206/3/113 1210/3/113 1293/3/113
f 1212/3/4 1256/3/4 1257/3/4
f 1219/3/116 1213/3/116 1296/3/116
f 1218/3/4 1212/3/4 1213/3/4
f 1215/3/4 1257/3/4 1250/3/4
f 1257/3/4 1251/3/4 1250/3/4
f 1242/3/4 1243/3/4 1206/3/4
f 1215/3/4 1250/3/4 1249/3/4
f 1249/3/4 1242/3/4 1206/3/4
f 1213/3/116 1216/3/116 1298/3/116
f 1213/3/4 1212/3/4 1215/3/4
f 1295/3/381 1297/3/381 1217/3/381
f 1303/3/115 1295/3/115 1214/3/115
f 1290/3/111 1294/3/111 1211/3/111
f 1297/3/115 1293/3/115 1210/3/115
f 1206/3/113 1288/3/113 1289/3/113
f 1260/3/113 1202/3/113 1262/3/113
f 1202/3/113 1205/3/113 1262/3/113
f 1205/3/113 1287/3/113 1262/3/113
f 1292/3/115 1303/3/115 1220/3/115
f 1203/3/4 1218/3/4 1219/3/4
f 1205/3/382 1219/3/382 1302/3/382
f 1256/3/4 1212/3/4 1255/3/4
f 1212/3/4 1218/3/4 1255/3/4
f 1220/3/4 1214/3/4 1253/3/4
f 1214/3/4 1252/3/4 1253/3/4
f 1259/3/4 1255/3/4 1218/3/4
f 1220/3/4 1253/3/4 1258/3/4
f 1258/3/4 1259/3/4 1220/3/4
f 1205/3/4 1225/3/4 1208/3/4
f 1225/3/4 1224/3/4 1208/3/4
f 1201/3/116 1235/3/116 1238/3/116
f 1226/3/383 1223/3/383 1225/3/383
f 1223/3/383 1201/3/383 1224/3/383
f 1225/3/383 1223/3/383 1224/3/383
f 1208/3/4 1224/3/4 1227/3/4
f 1227/3/4 1238/3/4 1239/3/4
f 1239/3/4 1228/3/4 1227/3/4
f 1228/3/4 1199/3/4 1208/3/4
f 1208/3/4 1227/3/4 1228/3/4
f 1232/3/4 1204/3/4 1199/3/4
f 1229/3/4 1236/3/4 1221/3/4
f 1236/3/4 1235/3/4 1221/3/4
f 1226/3/4 1225/3/4 1205/3/4
f 1235/3/4 1236/3/4 1237/3/4
f 1235/3/384 1234/3/384 1239/3/384
f 1239/3/111 1234/3/111 1200/3/111
f 1252/3/4 1214/3/4 1217/3/4
f 1248/3/4 1251/3/4 1257/3/4
f 1248/3/4 1257/3/4 1246/3/4
f 1241/3/4 1248/3/4 1246/3/4
f 1241/3/4 1246/3/4 1244/3/4
f 1206/3/4 1243/3/4 1240/3/4
f 1241/3/4 1244/3/4 1245/3/4
f 1206/3/4 1240/3/4 1210/3/4
f 1240/3/4 1241/3/4 1210/3/4
f 1254/3/4 1217/3/4 1247/3/4
f 1217/3/4 1210/3/4 1247/3/4
f 1241/3/4 1245/3/4 1210/3/4
f 1250/3/385 1353/3/385 1352/3/385
f 1249/3/115 1352/3/115 1345/3/115
f 1240/3/386 1343/3/386 1344/3/386
f 1259/3/387 1362/3/387 1358/3/387
f 1251/3/388 1248/3/388 1351/3/388
f 1242/3/389 1345/3/389 1346/3/389
f 1255/3/115 1358/3/115 1359/3/115
f 1251/3/113 1354/3/113 1353/3/113
f 1243/3/111 1346/3/111 1343/3/111
f 1256/3/115 1359/3/115 1360/3/115
f 1252/3/116 1355/3/116 1356/3/116
f 1244/3/111 1347/3/111 1348/3/111
f 1258/3/390 1253/3/390 1356/3/390
f 1254/3/116 1357/3/116 1355/3/116
f 1246/3/391 1349/3/391 1347/3/391
f 1258/3/113 1361/3/113 1362/3/113
f 1257/3/115 1360/3/115 1349/3/115
f 1245/3/392 1348/3/392 1350/3/392
f 1247/3/116 1350/3/116 1357/3/116
f 1241/3/116 1344/3/116 1351/3/116
f 1368/3/116 1371/3/116 1264/3/116
f 1202/3/116 1260/3/116 1261/3/116
f 1261/3/116 1365/3/116 1223/3/116
f 1365/3/116 1291/3/116 1223/3/116
f 1291/3/116 1222/3/116 1223/3/116
f 1223/3/116 1226/3/116 1261/3/116
f 1363/3/393 1369/3/1446 1265/3/393
f 1265/3/1447 1369/3/1447 1368/3/1447
f 1262/3/1448 1265/3/1448 1263/3/1448
f 1261/3/1449 1264/3/1449 1371/3/1449
f 1266/3/398 1315/3/398 1316/3/398
f 1320/3/2 1314/3/2 1313/3/2
f 1313/3/2 1312/3/2 1320/3/2
f 1320/3/2 1317/3/2 1267/3/2
f 1267/3/2 1316/3/2 1320/3/2
f 1268/3/2 1304/3/2 1305/3/2
f 1270/3/2 1276/3/2 1278/3/2
f 1285/3/111 1286/3/111 1316/3/111
f 1286/3/111 1313/3/111 1314/3/111
f 1314/3/111 1316/3/111 1286/3/111
f 1315/3/111 1271/3/111 1316/3/111
f 1286/3/116 1291/3/116 1312/3/116
f 1291/3/116 1305/3/116 1304/3/116
f 1304/3/116 1312/3/116 1291/3/116
f 1274/3/2 1273/3/2 1282/3/2
f 1289/3/116 1274/3/116 1283/3/116
f 1271/3/115 1275/3/115 1290/3/115
f 1366/3/399 1372/3/1450 1370/3/400
f 1278/3/115 1276/3/115 1292/3/115
f 1299/3/2 1301/3/2 1276/3/2
f 1293/3/113 1277/3/113 1273/3/113
f 1340/3/2 1339/3/2 1279/3/2
f 1296/3/116 1280/3/116 1300/3/116
f 1280/3/2 1279/3/2 1299/3/2
f 1273/3/2 1326/3/2 1325/3/2
f 1273/3/2 1325/3/2 1332/3/2
f 1334/3/2 1340/3/2 1333/3/2
f 1340/3/2 1282/3/2 1333/3/2
f 1282/3/2 1273/3/2 1332/3/2
f 1298/3/116 1283/3/116 1280/3/116
f 1280/3/2 1283/3/2 1282/3/2
f 1284/3/381 1297/3/381 1295/3/381
f 1301/3/115 1281/3/115 1295/3/115
f 1278/3/111 1294/3/111 1290/3/111
f 1277/3/115 1293/3/115 1297/3/115
f 1289/3/113 1288/3/113 1273/3/113
f 1272/3/113 1269/3/113 1367/3/113
f 1269/3/113 1364/3/113 1367/3/113
f 1367/3/113 1363/3/113 1287/3/113
f 1301/3/115 1303/3/115 1292/3/115
f 1300/3/2 1299/3/2 1270/3/2
f 1302/3/382 1300/3/382 1272/3/382
f 1299/3/2 1279/3/2 1338/3/2
f 1279/3/2 1339/3/2 1338/3/2
f 1335/3/2 1281/3/2 1336/3/2
f 1281/3/2 1301/3/2 1336/3/2
f 1299/3/2 1338/3/2 1342/3/2
f 1341/3/2 1336/3/2 1301/3/2
f 1299/3/2 1342/3/2 1301/3/2
f 1307/3/2 1308/3/2 1275/3/2
f 1308/3/2 1272/3/2 1275/3/2
f 1321/3/116 1318/3/116 1268/3/116
f 1268/3/383 1306/3/383 1307/3/383
f 1306/3/383 1309/3/1451 1308/3/383
f 1307/3/383 1306/3/383 1308/3/383
f 1310/3/2 1307/3/2 1275/3/2
f 1275/3/2 1271/3/2 1266/3/2
f 1271/3/2 1315/3/2 1266/3/2
f 1266/3/2 1311/3/2 1275/3/2
f 1311/3/2 1322/3/2 1310/3/2
f 1310/3/2 1322/3/2 1321/3/2
f 1318/3/2 1319/3/2 1304/3/2
f 1319/3/2 1312/3/2 1304/3/2
f 1309/3/2 1269/3/2 1272/3/2
f 1320/3/2 1319/3/2 1318/3/2
f 1321/3/384 1322/3/384 1317/3/384
f 1311/3/111 1267/3/111 1317/3/111
f 1284/3/2 1281/3/2 1335/3/2
f 1323/3/2 1326/3/2 1273/3/2
f 1277/3/2 1284/3/2 1330/3/2
f 1284/3/2 1337/3/2 1330/3/2
f 1323/3/2 1273/3/2 1277/3/2
f 1324/3/2 1323/3/2 1277/3/2
f 1277/3/2 1330/3/2 1328/3/2
f 1277/3/2 1328/3/2 1324/3/2
f 1328/3/2 1327/3/2 1324/3/2
f 1340/3/2 1334/3/2 1331/3/2
f 1327/3/2 1329/3/2 1324/3/2
f 1329/3/2 1340/3/2 1331/3/2
f 1352/3/385 1353/3/385 1333/3/385
f 1345/3/115 1352/3/115 1332/3/115
f 1344/3/386 1343/3/386 1323/3/386
f 1338/3/387 1358/3/387 1362/3/387
f 1334/3/388 1354/3/388 1351/3/388
f 1346/3/389 1345/3/389 1325/3/389
f 1359/3/115 1358/3/115 1338/3/115
f 1353/3/113 1354/3/113 1334/3/113
f 1343/3/111 1346/3/111 1326/3/111
f 1360/3/115 1359/3/115 1339/3/115
f 1356/3/116 1355/3/116 1335/3/116
f 1348/3/111 1347/3/111 1327/3/111
f 1361/3/390 1356/3/390 1336/3/390
f 1355/3/116 1357/3/116 1337/3/116
f 1347/3/391 1349/3/391 1329/3/391
f 1362/3/113 1361/3/113 1341/3/113
f 1349/3/115 1360/3/115 1340/3/115
f 1350/3/392 1348/3/392 1328/3/392
f 1357/3/116 1350/3/116 1330/3/116
f 1331/3/116 1351/3/116 1344/3/116
f 1368/3/116 1370/3/116 1372/3/116
f 1366/3/116 1364/3/116 1269/3/116
f 1269/3/116 1309/3/116 1366/3/116
f 1309/3/116 1306/3/116 1366/3/116
f 1306/3/116 1305/3/116 1291/3/116
f 1291/3/116 1365/3/116 1306/3/116
f 1373/3/402 1369/3/1452 1363/3/402
f 1368/3/1453 1369/3/1453 1373/3/1453
f 1370/3/1454 1373/3/1454 1367/3/1454
f 1371/3/1455 1372/3/1455 1366/3/1455
f 1417/3/113 1377/3/113 1409/3/113
f 1403/3/2 1381/3/2 1410/3/2
f 1421/3/111 1379/3/111 1411/3/111
f 1405/3/4 1375/3/4 1408/3/4
f 1418/3/116 1378/3/116 1404/3/116
f 1416/3/115 1375/3/115 1405/3/115
f 1404/3/4 1406/3/4 1382/3/4
f 1423/3/111 1385/3/111 1378/3/111
f 1407/3/2 1384/3/2 1380/3/2
f 1376/3/2 1387/3/2 1389/3/2
f 1389/3/115 1393/3/115 1433/3/115
f 1374/3/4 1382/3/4 1388/3/4
f 1383/3/406 1389/3/406 1429/3/406
f 1374/3/116 1386/3/116 1427/3/116
f 1392/3/4 1396/3/4 1394/3/4
f 1389/3/2 1387/3/2 1391/3/2
f 1388/3/4 1392/3/4 1390/3/4
f 1386/3/116 1390/3/116 1431/3/116
f 1396/3/4 1400/3/4 1398/3/4
f 1390/3/407 1394/3/407 1435/3/407
f 1433/3/408 1393/3/408 1397/3/408
f 1393/3/2 1391/3/2 1395/3/2
f 1441/3/409 1401/3/409 1399/3/409
f 1394/3/410 1398/3/410 1439/3/410
f 1437/3/411 1397/3/411 1401/3/411
f 1397/3/2 1395/3/2 1399/3/2
f 1383/3/2 1407/3/2 1402/3/2
f 1378/3/4 1385/3/4 1406/3/4
f 1443/3/115 1405/3/115 1379/3/115
f 1445/3/116 1404/3/116 1374/3/116
f 1411/3/4 1379/3/4 1405/3/4
f 1409/3/2 1377/3/2 1403/3/2
f 1383/3/2 1409/3/2 1413/3/2
f 1411/3/4 1412/3/4 1406/3/4
f 1412/3/4 1408/3/4 1382/3/4
f 1447/3/111 1411/3/111 1385/3/111
f 1407/3/2 1413/3/2 1410/3/2
f 1449/3/113 1409/3/113 1383/3/113
f 1408/3/113 1448/3/113 1424/3/113
f 1448/3/113 1449/3/113 1425/3/113
f 1410/3/111 1446/3/111 1422/3/111
f 1445/3/2 1451/3/2 1423/3/2
f 1451/3/2 1447/3/2 1423/3/2
f 1402/3/116 1444/3/116 1414/3/116
f 1444/3/116 1445/3/116 1415/3/116
f 1403/3/115 1442/3/115 1420/3/115
f 1442/3/115 1443/3/115 1421/3/115
f 1436/3/411 1440/3/411 1400/3/411
f 1437/3/411 1441/3/411 1440/3/411
f 1434/3/410 1438/3/410 1399/3/410
f 1435/3/410 1439/3/410 1438/3/410
f 1400/3/409 1440/3/409 1439/3/409
f 1440/3/409 1441/3/409 1438/3/409
f 1432/3/408 1436/3/408 1396/3/408
f 1433/3/408 1437/3/408 1436/3/408
f 1430/3/407 1434/3/407 1395/3/407
f 1431/3/407 1435/3/407 1434/3/407
f 1426/3/116 1430/3/116 1391/3/116
f 1426/3/116 1427/3/116 1431/3/116
f 1376/3/116 1414/3/116 1426/3/116
f 1415/3/116 1427/3/116 1426/3/116
f 1424/3/406 1428/3/406 1388/3/406
f 1425/3/406 1429/3/406 1428/3/406
f 1428/3/115 1432/3/115 1392/3/115
f 1429/3/115 1433/3/115 1432/3/115
f 1384/3/111 1422/3/111 1419/3/111
f 1445/3/412 1444/3/412 1450/3/412
f 1377/3/115 1417/3/115 1442/3/115
f 1417/3/115 1416/3/115 1443/3/115
f 1402/3/116 1380/3/116 1419/3/116
f 1447/3/413 1451/3/413 1450/3/413
f 1381/3/111 1420/3/111 1446/3/111
f 1420/3/111 1421/3/111 1447/3/111
f 1375/3/113 1416/3/113 1448/3/113
f 1416/3/113 1417/3/113 1449/3/113
f 1422/3/4 1446/3/4 1450/3/4
f 1450/3/4 1444/3/4 1422/3/4
f 1461/3/4 1454/3/4 1452/3/4
f 1463/3/414 1467/3/414 1469/3/414
f 1455/3/2 1465/3/2 1466/3/2
f 1453/3/2 1455/3/2 1462/3/2
f 1459/3/113 1456/3/113 1457/3/113
f 1457/3/113 1452/3/113 1453/3/113
f 1453/3/113 1458/3/113 1457/3/113
f 1455/3/115 1453/3/115 1452/3/115
f 1465/3/115 1455/3/115 1464/3/115
f 1455/3/115 1454/3/115 1471/3/115
f 1454/3/115 1470/3/115 1471/3/115
f 1454/3/4 1461/3/4 1468/3/4
f 1464/3/111 1471/3/111 1469/3/111
f 1463/3/415 1459/3/1456 1458/3/415
f 1460/3/416 1461/3/416 1457/3/417
f 1464/3/418 1467/3/419 1466/3/419
f 1468/3/420 1469/3/420 1471/3/421
f 1460/3/422 1469/3/1457 1468/3/423
f 1466/3/425 1467/3/1458 1463/3/426
f 1463/3/116 1460/3/116 1456/3/116
f 1474/3/4 1475/3/4 1477/3/4
f 1556/3/113 1496/3/113 1555/3/113
f 1496/3/113 1498/3/113 1555/3/113
f 1498/3/113 1486/3/113 1473/3/113
f 1473/3/113 1511/3/113 1498/3/113
f 1511/3/113 1558/3/113 1555/3/113
f 1483/3/428 1484/3/428 1480/3/428
f 1485/3/429 1477/3/429 1475/3/429
f 1497/3/4 1500/3/4 1479/3/4
f 1477/3/4 1499/3/4 1497/3/4
f 1477/3/1459 1485/3/1459 1498/3/1459
f 1485/3/1460 1486/3/1460 1498/3/1460
f 1484/3/431 1474/3/431 1482/3/431
f 1472/3/432 1481/3/432 1482/3/432
f 1478/3/433 1485/3/434 1483/3/433
f 1473/3/434 1486/3/434 1485/3/434
f 1475/3/428 1474/3/428 1484/3/428
f 1493/3/431 1538/3/431 1548/3/431
f 1482/3/1461 1481/3/1461 1488/3/1461
f 1488/3/111 1481/3/111 1552/3/111
f 1481/3/111 1553/3/111 1552/3/111
f 1552/3/111 1549/3/111 1520/3/111
f 1473/3/436 1488/3/436 1520/3/436
f 1489/3/1462 1488/3/439 1478/3/438
f 1503/3/1463 1524/3/1463 1490/3/1463
f 1539/3/431 1538/3/431 1493/3/431
f 1482/3/113 1491/3/113 1495/3/113
f 1495/3/444 1491/3/444 1490/3/444
f 1490/3/428 1491/3/428 1482/3/428
f 1494/3/431 1493/3/431 1487/3/431
f 1487/3/431 1493/3/431 1492/3/431
f 1499/3/446 1498/3/446 1496/3/446
f 1500/3/446 1497/3/446 1496/3/446
f 1556/3/113 1554/3/113 1501/3/113
f 1505/3/2 1502/3/2 1508/3/2
f 1533/3/113 1531/3/113 1551/3/113
f 1531/3/113 1561/3/113 1551/3/113
f 1551/3/113 1558/3/113 1511/3/113
f 1504/3/113 1518/3/113 1533/3/113
f 1551/3/113 1511/3/113 1533/3/113
f 1515/3/447 1507/3/447 1512/3/447
f 1506/3/448 1508/3/448 1517/3/448
f 1510/3/2 1535/3/2 1532/3/2
f 1532/3/2 1534/3/2 1508/3/2
f 1518/3/1464 1517/3/1464 1533/3/1464
f 1517/3/1465 1508/3/1465 1533/3/1465
f 1516/3/431 1519/3/431 1514/3/431
f 1514/3/432 1513/3/432 1502/3/432
f 1515/3/450 1517/3/451 1509/3/450
f 1517/3/451 1518/3/451 1504/3/451
f 1506/3/447 1515/3/447 1516/3/447
f 1546/3/431 1541/3/431 1528/3/431
f 1514/3/1466 1522/3/1466 1521/3/1466
f 1559/3/111 1513/3/111 1550/3/111
f 1513/3/111 1521/3/111 1550/3/111
f 1521/3/111 1520/3/111 1550/3/111
f 1504/3/436 1511/3/436 1520/3/436
f 1509/3/455 1521/3/454 1522/3/1467
f 1503/3/1468 1507/3/1468 1523/3/1468
f 1528/3/431 1541/3/431 1542/3/431
f 1530/3/113 1525/3/113 1514/3/113
f 1523/3/444 1525/3/444 1530/3/444
f 1523/3/446 1522/3/446 1514/3/446
f 1519/3/431 1528/3/431 1529/3/431
f 1527/3/431 1528/3/431 1519/3/431
f 1531/3/445 1533/3/445 1534/3/445
f 1535/3/445 1536/3/445 1531/3/445
f 1536/3/113 1562/3/113 1561/3/113
f 1529/3/113 1542/3/113 1545/3/113
f 1545/3/113 1547/3/113 1526/3/113
f 1530/3/113 1529/3/113 1545/3/113
f 1503/3/111 1543/3/384 1544/3/1469
f 1544/3/111 1546/3/111 1527/3/111
f 1527/3/111 1512/3/111 1544/3/111
f 1512/3/111 1507/3/111 1544/3/111
f 1526/3/113 1547/3/113 1540/3/113
f 1540/3/113 1539/3/113 1494/3/113
f 1495/3/113 1526/3/113 1540/3/113
f 1492/3/111 1548/3/111 1537/3/111
f 1537/3/1469 1543/3/384 1503/3/111
f 1503/3/111 1476/3/111 1537/3/111
f 1476/3/111 1480/3/111 1537/3/111
f 1547/3/116 1545/3/116 1544/3/1469
f 1543/3/384 1537/3/1469 1540/3/116
f 1547/3/116 1544/3/1469 1543/3/384
f 1537/3/2 1548/3/2 1540/3/2
f 1548/3/2 1538/3/2 1540/3/2
f 1542/3/4 1541/3/4 1545/3/4
f 1541/3/4 1546/3/4 1545/3/4
f 1549/3/116 1552/3/116 1555/3/116
f 1558/3/116 1551/3/116 1550/3/116
f 1549/3/116 1555/3/116 1558/3/116
f 1553/3/111 1472/3/111 1479/3/111
f 1556/3/2 1555/3/2 1552/3/2
f 1556/3/2 1552/3/2 1553/3/2
f 1557/3/2 1554/3/2 1556/3/2
f 1501/3/116 1554/3/116 1557/3/116
f 1557/3/116 1479/3/116 1501/3/116
f 1560/3/111 1510/3/111 1502/3/111
f 1510/3/116 1560/3/116 1536/3/116
f 1560/3/116 1562/3/116 1536/3/116
f 1550/3/4 1551/3/4 1561/3/4
f 1561/3/4 1562/3/4 1560/3/4
f 1561/3/4 1560/3/4 1559/3/4
f 1564/3/460 1566/3/460 1565/3/460
f 1568/3/4 1578/3/4 1576/3/4
f 1567/3/461 1568/3/461 1570/3/461
f 1569/3/462 1570/3/462 1572/3/462
f 1568/3/4 1566/3/4 1574/3/4
f 1566/3/4 1564/3/4 1574/3/4
f 1574/3/4 1572/3/4 1568/3/4
f 1572/3/113 1574/3/113 1573/3/113
f 1574/3/463 1564/3/463 1563/3/463
f 1573/3/2 1563/3/2 1565/3/2
f 1565/3/2 1567/3/2 1571/3/2
f 1567/3/2 1569/3/2 1571/3/2
f 1576/3/464 1578/3/464 1582/3/464
f 1565/3/115 1566/3/115 1576/3/115
f 1567/3/116 1577/3/116 1578/3/116
f 1567/3/2 1565/3/2 1575/3/2
f 1580/3/111 1582/3/111 1581/3/111
f 1576/3/465 1580/3/465 1579/3/465
f 1577/3/466 1581/3/466 1582/3/466
f 1575/3/467 1579/3/467 1581/3/467
f 1584/3/113 1586/3/113 1593/3/113
f 1606/3/2 1600/3/2 1590/3/2
f 1590/3/111 1588/3/111 1597/3/111
f 1602/3/4 1584/3/4 1592/3/4
f 1589/3/116 1587/3/116 1601/3/116
f 1586/3/115 1584/3/115 1602/3/115
f 1603/3/4 1591/3/4 1583/3/4
f 1618/3/113 1617/3/113 1634/3/113
f 1596/3/111 1598/3/111 1587/3/111
f 1595/3/111 1597/3/111 1613/3/111
f 1599/3/2 1605/3/2 1596/3/2
f 1615/3/2 1606/3/2 1595/3/2
f 1591/3/113 1594/3/113 1585/3/113
f 1592/3/113 1593/3/113 1609/3/113
f 1609/3/111 1632/3/111 1621/3/111
f 1594/3/2 1605/3/2 1599/3/2
f 1597/3/4 1604/3/4 1617/3/4
f 1598/3/4 1603/3/4 1601/3/4
f 1600/3/115 1602/3/115 1588/3/115
f 1599/3/116 1601/3/116 1583/3/116
f 1588/3/4 1602/3/4 1604/3/4
f 1586/3/2 1600/3/2 1606/3/2
f 1598/3/4 1614/3/4 1618/3/4
f 1614/3/4 1613/3/4 1617/3/4
f 1604/3/468 1625/3/468 1634/3/468
f 1593/3/111 1627/3/111 1632/3/111
f 1607/3/113 1610/3/113 1594/3/113
f 1608/3/113 1609/3/113 1610/3/113
f 1616/3/2 1612/3/2 1596/3/2
f 1615/3/2 1611/3/2 1612/3/2
f 1612/3/111 1614/3/111 1598/3/111
f 1611/3/111 1613/3/111 1614/3/111
f 1616/3/113 1629/3/113 1633/3/113
f 1618/3/469 1630/3/469 1623/3/469
f 1625/3/4 1620/3/4 1619/3/4
f 1632/3/2 1627/3/2 1628/3/2
f 1621/3/2 1629/3/2 1626/3/2
f 1632/3/2 1633/3/2 1629/3/2
f 1623/3/4 1630/3/4 1631/3/4
f 1634/3/4 1619/3/4 1631/3/4
f 1594/3/115 1622/3/115 1626/3/115
f 1603/3/115 1623/3/115 1624/3/115
f 1606/3/116 1628/3/116 1627/3/116
f 1608/3/111 1619/3/111 1620/3/111
f 1592/3/116 1620/3/116 1625/3/116
f 1616/3/469 1605/3/469 1626/3/469
f 1591/3/111 1624/3/111 1631/3/111
f 1610/3/111 1621/3/111 1622/3/111
f 1615/3/468 1633/3/468 1628/3/468
f 1607/3/111 1631/3/111 1619/3/111
f 2391/3/113 2385/3/113 2384/3/113
f 2385/3/2 2389/3/2 2388/3/2
f 2393/3/111 2387/3/111 2386/3/111
f 2386/3/4 2387/3/4 2383/3/4
f 2388/3/2 2397/3/2 2432/3/2
f 2397/3/2 2434/3/2 2432/3/2
f 2426/3/2 2395/3/2 2422/3/2
f 2395/3/2 2384/3/2 2422/3/2
f 2388/3/2 2432/3/2 2424/3/2
f 2388/3/2 2424/3/2 2414/3/2
f 2430/3/2 2422/3/2 2384/3/2
f 2388/3/2 2414/3/2 2384/3/2
f 2414/3/2 2416/3/2 2384/3/2
f 2391/3/1038 2383/3/1038 2387/3/1038
f 2385/3/1039 2391/3/1039 2393/3/1039
f 2382/3/4 2394/3/4 2423/3/4
f 2394/3/4 2427/3/4 2423/3/4
f 2435/3/4 2396/3/4 2433/3/4
f 2396/3/4 2386/3/4 2433/3/4
f 2382/3/4 2423/3/4 2431/3/4
f 2382/3/4 2431/3/4 2417/3/4
f 2425/3/4 2433/3/4 2386/3/4
f 2382/3/4 2417/3/4 2415/3/4
f 2415/3/4 2425/3/4 2386/3/4
f 2388/3/111 2389/3/111 2393/3/111
f 2382/3/113 2383/3/113 2391/3/113
f 2395/3/113 2401/3/113 2404/3/113
f 2401/3/2 2395/3/2 2419/3/2
f 2395/3/2 2426/3/2 2419/3/2
f 2397/3/2 2403/3/2 2429/3/2
f 2403/3/2 2401/3/2 2421/3/2
f 2429/3/2 2434/3/2 2397/3/2
f 2421/3/2 2429/3/2 2403/3/2
f 2401/3/2 2419/3/2 2413/3/2
f 2390/3/1040 2398/3/1040 2394/3/1040
f 2392/3/1041 2399/3/1041 2397/3/1041
f 2386/3/1041 2396/3/1041 2399/3/1041
f 2384/3/1040 2395/3/1040 2398/3/1040
f 2405/3/111 2402/3/111 2408/3/111
f 2404/3/113 2410/3/113 2406/3/113
f 2399/3/111 2405/3/111 2403/3/111
f 2398/3/113 2404/3/113 2400/3/113
f 2396/3/111 2402/3/111 2405/3/111
f 2402/3/4 2396/3/4 2428/3/4
f 2396/3/4 2435/3/4 2428/3/4
f 2394/3/4 2400/3/4 2418/3/4
f 2400/3/4 2402/3/4 2412/3/4
f 2418/3/4 2427/3/4 2394/3/4
f 2412/3/4 2418/3/4 2400/3/4
f 2402/3/4 2428/3/4 2420/3/4
f 2411/3/116 2408/3/116 2406/3/116
f 2409/3/116 2411/3/116 2410/3/116
f 2400/3/1042 2406/3/1042 2408/3/1042
f 2403/3/1043 2409/3/1043 2407/3/1043
f 2404/3/113 2401/3/113 2407/3/113
f 2405/3/111 2411/3/111 2409/3/111
f 2434/3/1044 2429/3/1044 2428/3/1044
f 2435/3/1044 2433/3/1044 2432/3/1044
f 2434/3/1044 2428/3/1044 2435/3/1044
f 2417/3/1045 2431/3/1045 2430/3/1045
f 2432/3/113 2433/3/113 2425/3/113
f 2415/3/116 2417/3/116 2416/3/116
f 2427/3/1046 2418/3/1046 2419/3/1046
f 2426/3/1046 2422/3/1046 2423/3/1046
f 2427/3/1046 2419/3/1046 2426/3/1046
f 2413/3/1047 2419/3/1047 2418/3/1047
f 2412/3/115 2420/3/115 2421/3/115
f 2422/3/111 2430/3/111 2431/3/111
f 2420/3/1048 2428/3/1048 2429/3/1048
f 2414/3/1049 2424/3/1049 2425/3/1049
f 2569/3/1112 2571/3/1112 2570/3/1112
f 2571/3/2 2575/3/2 2574/3/2
f 2575/3/1113 2573/3/1113 2572/3/1113
f 2572/3/4 2573/3/4 2569/3/4
f 2574/3/116 2572/3/116 2568/3/116
f 2571/3/115 2569/3/115 2573/3/115
f 1480/3/111 1548/3/111 1537/3/111
f 1503/3/111 1476/3/111 1480/3/111
f 1544/3/111 1546/3/111 1512/3/111
f 1512/3/111 1507/3/111 1503/3/111
f 1775/2/111 1725/2/111 1780/2/111
f 1777/2/115 1727/2/115 1728/2/115
f 1743/2/4 1754/2/4 1753/2/4
f 1749/2/113 1779/2/113 1801/2/113
f 1725/2/4 1729/2/4 1724/2/4
f 1778/2/111 1726/2/111 1802/2/111
f 1730/2/543 1781/2/543 1779/2/543
f 1780/2/111 1724/2/111 1778/2/111
f 1764/2/544 1782/2/544 1794/2/544
f 1765/2/4 1743/2/4 1753/2/4
f 1735/2/545 1795/2/545 1745/2/545
f 1757/2/546 1796/2/546 1786/2/546
f 1737/2/4 1760/2/4 1758/2/4
f 1733/2/4 1756/2/4 1754/2/4
f 1768/2/547 1788/2/547 1796/2/547
f 1760/2/4 1742/2/4 1762/2/4
f 1741/2/548 1797/2/548 1748/2/548
f 1739/2/549 1791/2/549 1741/2/549
f 1766/2/4 1743/2/4 1765/2/4
f 1742/2/4 1771/2/4 1762/2/4
f 1802/2/111 1751/2/111 1776/2/111
f 1771/2/550 1747/2/550 1798/2/550
f 1763/2/551 1798/2/551 1792/2/551
f 1749/2/552 1799/2/552 1744/2/552
f 1755/2/553 1786/2/553 1784/2/553
f 1745/2/545 1787/2/545 1738/2/545
f 1756/2/4 1746/2/4 1769/2/4
f 1767/2/554 1794/2/554 1793/2/554
f 1769/2/4 1737/2/4 1758/2/4
f 1761/2/555 1792/2/555 1790/2/555
f 1759/2/556 1790/2/556 1788/2/556
f 1738/2/557 1789/2/557 1739/2/557
f 1752/2/558 1784/2/558 1782/2/558
f 1734/2/559 1785/2/559 1735/2/560
f 1744/2/561 1783/2/561 1734/2/561
f 1724/2/4 1750/2/4 1726/2/4
f 1723/2/4 1732/2/4 1725/2/4
f 1751/2/562 1793/2/562 1776/2/562
f 1728/2/563 1731/2/564 1732/2/565
f 1729/2/566 1749/2/567 1750/2/568
f 1732/2/569 1730/2/569 1729/2/570
f 1735/2/571 1733/2/572 1734/2/573
f 1736/2/574 1745/2/575 1746/2/575
f 1740/2/576 1738/2/577 1739/2/578
f 1739/2/579 1742/2/580 1740/2/581
f 1746/2/575 1738/2/582 1737/2/583
f 1742/2/584 1748/2/585 1747/2/586
f 1733/2/587 1744/2/588 1734/2/589
f 1744/2/590 1750/2/590 1749/2/590
f 1731/2/591 1777/2/591 1781/2/591
f 1754/2/592 1752/2/593 1753/2/594
f 1757/2/595 1754/2/596 1756/2/597
f 1758/2/598 1768/2/599 1769/2/600
f 1758/2/601 1761/2/601 1759/2/601
f 1761/2/602 1762/2/603 1763/2/604
f 1764/2/605 1753/2/605 1752/2/605
f 1764/2/606 1766/2/606 1765/2/606
f 1756/2/607 1768/2/608 1757/2/609
f 1762/2/610 1770/2/611 1763/2/612
f 1767/2/613 1751/2/613 1766/2/613
f 1750/2/614 1743/2/614 1766/2/614
f 1726/2/615 1750/2/615 1766/2/615
f 1726/2/616 1766/2/616 1751/2/616
f 1774/2/111 1775/2/111 1780/2/111
f 1804/2/115 1803/2/115 1777/2/115
f 1830/2/2 1819/2/2 1829/2/2
f 1825/2/113 1779/2/113 1806/2/113
f 1805/2/2 1774/2/2 1773/2/2
f 1800/2/111 1778/2/111 1802/2/111
f 1806/2/543 1781/2/543 1807/2/543
f 1773/2/111 1780/2/111 1778/2/111
f 1782/2/544 1840/2/544 1794/2/544
f 1841/2/2 1829/2/2 1819/2/2
f 1811/2/545 1795/2/545 1785/2/545
f 1796/2/546 1833/2/546 1786/2/546
f 1836/2/2 1813/2/2 1834/2/2
f 1832/2/2 1809/2/2 1830/2/2
f 1788/2/547 1844/2/547 1796/2/547
f 1836/2/2 1818/2/2 1816/2/2
f 1817/2/548 1797/2/548 1791/2/548
f 1815/2/549 1791/2/549 1789/2/549
f 1842/2/2 1841/2/2 1819/2/2
f 1847/2/2 1818/2/2 1838/2/2
f 1827/2/111 1802/2/111 1776/2/111
f 1847/2/550 1846/2/550 1798/2/550
f 1798/2/551 1839/2/551 1792/2/551
f 1825/2/552 1799/2/552 1801/2/552
f 1786/2/553 1831/2/553 1784/2/553
f 1821/2/545 1787/2/545 1795/2/545
f 1832/2/2 1822/2/2 1812/2/2
f 1794/2/554 1843/2/554 1793/2/554
f 1845/2/2 1813/2/2 1822/2/2
f 1792/2/555 1837/2/555 1790/2/555
f 1790/2/556 1835/2/556 1788/2/556
f 1814/2/557 1789/2/557 1787/2/557
f 1784/2/558 1828/2/558 1782/2/558
f 1810/2/559 1785/2/559 1783/2/559
f 1820/2/561 1783/2/561 1799/2/561
f 1826/2/2 1773/2/2 1800/2/2
f 1808/2/2 1772/2/2 1774/2/2
f 1793/2/562 1827/2/562 1776/2/562
f 1807/2/617 1804/2/618 1808/2/619
f 1825/2/620 1805/2/621 1826/2/622
f 1806/2/623 1808/2/623 1805/2/624
f 1809/2/625 1811/2/626 1810/2/627
f 1821/2/628 1812/2/629 1822/2/628
f 1816/2/630 1814/2/631 1813/2/632
f 1815/2/633 1818/2/634 1817/2/635
f 1814/2/636 1822/2/628 1813/2/637
f 1824/2/638 1818/2/639 1823/2/640
f 1809/2/641 1820/2/642 1819/2/643
f 1826/2/644 1820/2/644 1825/2/644
f 1807/2/591 1777/2/591 1803/2/591
f 1828/2/645 1830/2/646 1829/2/647
f 1833/2/648 1830/2/649 1831/2/650
f 1844/2/651 1834/2/652 1845/2/653
f 1834/2/654 1837/2/654 1836/2/654
f 1838/2/655 1837/2/656 1839/2/657
f 1829/2/658 1840/2/658 1828/2/658
f 1840/2/659 1842/2/659 1843/2/659
f 1832/2/660 1844/2/661 1845/2/662
f 1838/2/663 1846/2/664 1847/2/665
f 1843/2/666 1842/2/666 1827/2/666
f 1826/2/667 1842/2/667 1819/2/667
f 1800/2/668 1842/2/668 1826/2/668
f 1800/2/669 1827/2/669 1842/2/669
f 1775/2/111 1723/2/111 1725/2/111
f 1723/2/115 1775/2/115 1728/2/115
f 1775/2/115 1777/2/115 1728/2/115
f 1743/2/4 1733/2/4 1754/2/4
f 1749/2/113 1730/2/113 1779/2/113
f 1725/2/4 1732/2/4 1729/2/4
f 1778/2/111 1724/2/111 1726/2/111
f 1730/2/543 1731/2/543 1781/2/543
f 1780/2/111 1725/2/111 1724/2/111
f 1764/2/544 1752/2/544 1782/2/544
f 1735/2/545 1785/2/545 1795/2/545
f 1757/2/546 1768/2/546 1796/2/546
f 1737/2/4 1740/2/4 1760/2/4
f 1733/2/4 1736/2/4 1756/2/4
f 1768/2/547 1759/2/547 1788/2/547
f 1760/2/4 1740/2/4 1742/2/4
f 1741/2/548 1791/2/548 1797/2/548
f 1739/2/549 1789/2/549 1791/2/549
f 1742/2/4 1747/2/4 1771/2/4
f 1802/2/111 1726/2/111 1751/2/111
f 1748/2/550 1797/2/550 1747/2/550
f 1797/2/550 1798/2/550 1747/2/550
f 1798/2/550 1770/2/550 1771/2/550
f 1763/2/551 1770/2/551 1798/2/551
f 1749/2/552 1801/2/552 1799/2/552
f 1755/2/553 1757/2/553 1786/2/553
f 1745/2/545 1795/2/545 1787/2/545
f 1756/2/4 1736/2/4 1746/2/4
f 1767/2/554 1764/2/554 1794/2/554
f 1769/2/4 1746/2/4 1737/2/4
f 1761/2/555 1763/2/555 1792/2/555
f 1759/2/556 1761/2/556 1790/2/556
f 1738/2/557 1787/2/557 1789/2/557
f 1752/2/558 1755/2/558 1784/2/558
f 1734/2/559 1783/2/559 1785/2/559
f 1744/2/561 1799/2/561 1783/2/561
f 1724/2/4 1729/2/4 1750/2/4
f 1723/2/4 1728/2/4 1732/2/4
f 1751/2/562 1767/2/562 1793/2/562
f 1728/2/563 1727/2/670 1731/2/564
f 1729/2/566 1730/2/671 1749/2/567
f 1732/2/569 1731/2/672 1730/2/569
f 1735/2/571 1736/2/673 1733/2/572
f 1736/2/574 1735/2/674 1745/2/575
f 1740/2/576 1737/2/675 1738/2/577
f 1739/2/579 1741/2/676 1742/2/580
f 1746/2/575 1745/2/575 1738/2/582
f 1742/2/584 1741/2/677 1748/2/585
f 1733/2/587 1743/2/678 1744/2/588
f 1744/2/679 1743/2/679 1750/2/679
f 1731/2/591 1727/2/591 1777/2/591
f 1754/2/592 1755/2/680 1752/2/593
f 1757/2/595 1755/2/681 1754/2/596
f 1758/2/598 1759/2/682 1768/2/599
f 1758/2/601 1760/2/601 1761/2/601
f 1761/2/602 1760/2/683 1762/2/603
f 1764/2/684 1765/2/684 1753/2/684
f 1764/2/685 1767/2/685 1766/2/685
f 1756/2/607 1769/2/686 1768/2/608
f 1762/2/610 1771/2/687 1770/2/611
f 1774/2/111 1772/2/111 1775/2/111
f 1777/2/115 1775/2/115 1804/2/115
f 1775/2/115 1772/2/115 1804/2/115
f 1830/2/2 1809/2/2 1819/2/2
f 1825/2/113 1801/2/113 1779/2/113
f 1805/2/2 1808/2/2 1774/2/2
f 1800/2/111 1773/2/111 1778/2/111
f 1806/2/543 1779/2/543 1781/2/543
f 1773/2/111 1774/2/111 1780/2/111
f 1782/2/544 1828/2/544 1840/2/544
f 1811/2/545 1821/2/545 1795/2/545
f 1796/2/546 1844/2/546 1833/2/546
f 1836/2/2 1816/2/2 1813/2/2
f 1832/2/2 1812/2/2 1809/2/2
f 1788/2/547 1835/2/547 1844/2/547
f 1836/2/2 1838/2/2 1818/2/2
f 1817/2/548 1824/2/548 1797/2/548
f 1815/2/549 1817/2/549 1791/2/549
f 1847/2/2 1823/2/2 1818/2/2
f 1827/2/111 1800/2/111 1802/2/111
f 1798/2/550 1797/2/550 1823/2/550
f 1797/2/550 1824/2/550 1823/2/550
f 1823/2/550 1847/2/550 1798/2/550
f 1798/2/551 1846/2/551 1839/2/551
f 1825/2/552 1820/2/552 1799/2/552
f 1786/2/553 1833/2/553 1831/2/553
f 1821/2/545 1814/2/545 1787/2/545
f 1832/2/2 1845/2/2 1822/2/2
f 1794/2/554 1840/2/554 1843/2/554
f 1845/2/2 1834/2/2 1813/2/2
f 1792/2/555 1839/2/555 1837/2/555
f 1790/2/556 1837/2/556 1835/2/556
f 1814/2/557 1815/2/557 1789/2/557
f 1784/2/558 1831/2/558 1828/2/558
f 1810/2/559 1811/2/559 1785/2/559
f 1820/2/561 1810/2/561 1783/2/561
f 1826/2/2 1805/2/2 1773/2/2
f 1808/2/2 1804/2/2 1772/2/2
f 1793/2/562 1843/2/562 1827/2/562
f 1807/2/617 1803/2/688 1804/2/618
f 1825/2/620 1806/2/689 1805/2/621
f 1806/2/623 1807/2/690 1808/2/623
f 1809/2/625 1812/2/691 1811/2/626
f 1821/2/628 1811/2/692 1812/2/629
f 1816/2/630 1815/2/693 1814/2/631
f 1815/2/633 1816/2/694 1818/2/634
f 1814/2/636 1821/2/628 1822/2/628
f 1824/2/638 1817/2/695 1818/2/639
f 1809/2/641 1810/2/696 1820/2/642
f 1826/2/697 1819/2/697 1820/2/697
f 1807/2/591 1781/2/591 1777/2/591
f 1828/2/645 1831/2/698 1830/2/646
f 1833/2/648 1832/2/699 1830/2/649
f 1844/2/651 1835/2/700 1834/2/652
f 1834/2/654 1835/2/654 1837/2/654
f 1838/2/655 1836/2/701 1837/2/656
f 1829/2/702 1841/2/702 1840/2/702
f 1840/2/703 1841/2/703 1842/2/703
f 1832/2/660 1833/2/704 1844/2/661
f 1838/2/663 1839/2/705 1846/2/664
f 1854/2/111 1862/2/111 1721/2/111
f 1711/2/111 1864/2/111 1722/2/111
f 1720/2/111 1864/2/111 1858/2/111
f 1720/2/111 1863/2/111 1854/2/111
f 1851/2/111 1862/2/111 1859/2/111
f 1851/2/111 1865/2/111 1855/2/111
f 1860/2/706 1857/2/706 1849/2/706
f 1862/2/707 1873/2/707 1872/2/707
f 1849/2/708 1874/2/708 1864/2/708
f 1858/2/709 1874/2/709 1868/2/709
f 1863/2/710 1868/2/710 1873/2/710
f 1862/2/711 1869/2/711 1859/2/711
f 1711/2/111 1860/2/111 1849/2/111
f 1848/2/111 1865/2/111 1850/2/111
f 1848/2/111 1861/2/111 1853/2/111
f 1852/2/111 1861/2/111 1860/2/111
f 1870/2/712 1866/2/712 1857/2/712
f 1873/2/2 1882/2/2 1872/2/2
f 1874/2/713 1866/2/713 1884/2/713
f 1874/2/714 1878/2/714 1868/2/714
f 1868/2/715 1883/2/715 1873/2/715
f 1872/2/716 1879/2/716 1869/2/716
f 1850/2/717 1875/2/717 1856/2/717
f 1861/2/718 1856/2/718 1871/2/718
f 1861/2/719 1870/2/719 1860/2/719
f 1859/2/720 1875/2/720 1865/2/720
f 1885/2/721 1876/2/722 1867/2/723
f 1866/2/724 1888/2/725 1877/2/726
f 1883/2/727 1890/2/727 1882/2/727
f 1884/2/728 1877/2/729 1892/2/730
f 1884/2/731 1886/2/732 1878/2/733
f 1878/2/734 1891/2/735 1883/2/736
f 1875/2/737 1867/2/737 1856/2/737
f 1871/2/738 1867/2/738 1881/2/738
f 1870/2/4 1881/2/4 1880/2/4
f 1869/2/739 1885/2/739 1875/2/739
f 1895/2/113 1887/2/113 1890/2/113
f 1894/2/113 1886/2/113 1892/2/113
f 1894/2/113 1890/2/113 1891/2/113
f 1889/2/113 1894/2/113 1888/2/113
f 1877/2/113 1894/2/113 1892/2/113
f 1876/2/113 1895/2/113 1889/2/113
f 1867/2/740 1889/2/741 1881/2/742
f 1880/2/743 1889/2/743 1888/2/743
f 1885/2/744 1887/2/745 1893/2/746
f 1879/2/747 1890/2/748 1887/2/749
f 1908/2/750 1917/2/750 1909/2/750
f 1906/2/751 1924/2/751 1923/2/751
f 1913/2/752 1920/2/753 1901/2/754
f 1906/2/755 1911/2/755 1904/2/755
f 1899/2/756 1896/2/756 1897/2/756
f 1916/2/757 1921/2/758 1928/2/759
f 1914/2/111 1915/2/301 1902/2/301
f 1898/2/4 1905/2/4 1896/2/4
f 1909/2/115 1904/2/115 1908/2/115
f 1896/2/760 1901/2/760 1897/2/760
f 1898/2/761 1903/2/761 1902/2/761
f 1898/2/4 1915/2/4 1907/2/4
f 1912/2/113 1913/2/752 1901/2/754
f 1916/2/762 1929/2/763 1917/2/764
f 1904/2/765 1907/2/766 1908/2/766
f 1903/2/767 1919/2/768 1921/2/769
f 1911/2/770 1905/2/771 1904/2/772
f 1914/2/773 1907/2/774 1915/2/775
f 1906/2/776 1926/2/776 1912/2/776
f 1896/2/4 1910/2/4 1900/2/4
f 1918/2/777 1927/2/777 1922/2/777
f 1919/2/777 1928/2/777 1921/2/777
f 1922/2/777 1919/2/777 1918/2/777
f 1923/2/778 1925/2/779 1922/2/780
f 1926/2/781 1922/2/782 1927/2/783
f 1925/2/784 1929/2/785 1928/2/786
f 1897/2/787 1919/2/787 1899/2/787
f 1913/2/788 1926/2/789 1927/2/790
f 1901/2/791 1918/2/791 1897/2/791
f 1909/2/792 1929/2/792 1924/2/792
f 1854/2/111 1863/2/111 1862/2/111
f 1711/2/111 1849/2/111 1864/2/111
f 1720/2/111 1722/2/111 1864/2/111
f 1720/2/111 1858/2/111 1863/2/111
f 1851/2/111 1721/2/111 1862/2/111
f 1851/2/111 1859/2/111 1865/2/111
f 1860/2/793 1870/2/793 1857/2/793
f 1862/2/707 1863/2/707 1873/2/707
f 1849/2/794 1857/2/794 1874/2/794
f 1858/2/795 1864/2/795 1874/2/795
f 1863/2/796 1858/2/796 1868/2/796
f 1862/2/797 1872/2/797 1869/2/797
f 1711/2/111 1852/2/111 1860/2/111
f 1848/2/111 1855/2/111 1865/2/111
f 1848/2/111 1850/2/111 1861/2/111
f 1852/2/111 1853/2/111 1861/2/111
f 1870/2/712 1880/2/712 1866/2/712
f 1873/2/2 1883/2/2 1882/2/2
f 1874/2/713 1857/2/713 1866/2/713
f 1874/2/714 1884/2/714 1878/2/714
f 1868/2/715 1878/2/715 1883/2/715
f 1872/2/716 1882/2/716 1879/2/716
f 1850/2/798 1865/2/798 1875/2/798
f 1861/2/799 1850/2/799 1856/2/799
f 1861/2/719 1871/2/719 1870/2/719
f 1859/2/800 1869/2/800 1875/2/800
f 1885/2/721 1893/2/801 1876/2/722
f 1866/2/724 1880/2/802 1888/2/725
f 1883/2/727 1891/2/727 1890/2/727
f 1884/2/728 1866/2/803 1877/2/729
f 1884/2/731 1892/2/804 1886/2/732
f 1878/2/734 1886/2/805 1891/2/735
f 1875/2/737 1885/2/737 1867/2/737
f 1871/2/738 1856/2/738 1867/2/738
f 1870/2/4 1871/2/4 1881/2/4
f 1869/2/739 1879/2/739 1885/2/739
f 1895/2/113 1893/2/113 1887/2/113
f 1894/2/113 1891/2/113 1886/2/113
f 1894/2/113 1895/2/113 1890/2/113
f 1889/2/113 1895/2/113 1894/2/113
f 1877/2/113 1888/2/113 1894/2/113
f 1876/2/113 1893/2/113 1895/2/113
f 1867/2/740 1876/2/806 1889/2/741
f 1880/2/743 1881/2/743 1889/2/743
f 1885/2/744 1879/2/807 1887/2/745
f 1879/2/747 1882/2/808 1890/2/748
f 1908/2/750 1914/2/750 1917/2/750
f 1906/2/751 1909/2/751 1924/2/751
f 1913/2/752 1927/2/809 1920/2/753
f 1906/2/755 1912/2/755 1911/2/755
f 1899/2/756 1898/2/756 1896/2/756
f 1916/2/757 1903/2/810 1921/2/758
f 1902/2/301 1903/2/810 1914/2/111
f 1903/2/810 1916/2/757 1917/2/111
f 1914/2/111 1903/2/810 1917/2/111
f 1898/2/4 1907/2/4 1905/2/4
f 1909/2/115 1906/2/115 1904/2/115
f 1896/2/760 1900/2/760 1901/2/760
f 1898/2/761 1899/2/761 1903/2/761
f 1898/2/4 1902/2/4 1915/2/4
f 1901/2/754 1900/2/811 1911/2/113
f 1900/2/811 1910/2/812 1911/2/113
f 1911/2/113 1912/2/113 1901/2/754
f 1916/2/762 1928/2/813 1929/2/763
f 1904/2/765 1905/2/814 1907/2/766
f 1903/2/767 1899/2/815 1919/2/768
f 1911/2/770 1910/2/816 1905/2/771
f 1914/2/773 1908/2/817 1907/2/774
f 1906/2/818 1923/2/818 1926/2/818
f 1896/2/4 1905/2/4 1910/2/4
f 1918/2/777 1920/2/777 1927/2/777
f 1919/2/777 1925/2/777 1928/2/777
f 1922/2/777 1925/2/777 1919/2/777
f 1923/2/778 1924/2/819 1925/2/779
f 1926/2/781 1923/2/820 1922/2/782
f 1925/2/784 1924/2/821 1929/2/785
f 1897/2/787 1918/2/787 1919/2/787
f 1913/2/788 1912/2/822 1926/2/789
f 1901/2/823 1920/2/823 1918/2/823
f 1909/2/824 1917/2/824 1929/2/824
f 2002/2/2 1969/2/2 1971/2/2
f 1947/2/116 1950/2/116 1942/2/116
f 1941/2/825 1946/2/825 1939/2/825
f 1933/2/826 1996/2/826 1930/2/826
f 1937/2/827 1943/2/827 1944/2/827
f 1932/2/2 2000/2/2 1994/2/2
f 1945/2/115 1956/2/115 1948/2/115
f 2028/2/2 1939/2/2 2015/2/2
f 1940/2/828 2030/2/828 1936/2/828
f 1935/2/4 2031/2/4 2024/2/4
f 1952/2/829 1958/2/829 1961/2/829
f 1944/2/4 1951/2/4 1952/2/4
f 1949/2/2 1954/2/2 1946/2/2
f 1950/2/830 1962/2/830 1959/2/830
f 1957/2/831 1963/2/831 1954/2/831
f 1958/2/111 1959/2/111 1963/2/111
f 1956/2/832 1960/2/832 1965/2/832
f 1966/2/4 2005/2/4 1967/2/4
f 1969/2/113 2006/2/113 1966/2/113
f 2015/2/2 1973/2/2 2027/2/2
f 2001/2/833 1968/2/833 2004/2/833
f 2024/2/4 1975/2/4 1988/2/4
f 1986/2/115 1974/2/115 1972/2/115
f 2024/2/4 1983/2/4 1977/2/4
f 2015/2/2 2009/2/2 1979/2/2
f 2010/2/834 1976/2/834 1978/2/834
f 2024/2/4 1977/2/4 2012/2/4
f 2015/2/2 1981/2/2 2021/2/2
f 2015/2/2 1979/2/2 1981/2/2
f 1972/2/835 2033/2/835 2026/2/835
f 2024/2/4 2032/2/4 1975/2/4
f 2024/2/4 1988/2/4 2017/2/4
f 2000/2/2 1993/2/2 2008/2/2
f 1998/2/4 1931/2/4 1997/2/4
f 1938/2/836 1942/2/836 1934/2/836
f 1994/2/2 1969/2/2 2002/2/2
f 1992/2/837 2014/2/837 2007/2/837
f 1998/2/4 1990/2/4 1931/2/4
f 2000/2/2 1932/2/2 1993/2/2
f 1933/2/115 1991/2/115 1992/2/115
f 1999/2/838 2006/2/838 1989/2/838
f 1995/2/839 2004/2/839 1996/2/839
f 2000/2/2 2009/2/2 2015/2/2
f 1997/2/4 1966/2/4 1998/2/4
f 1978/2/115 1984/2/115 1980/2/115
f 2015/2/2 2021/2/2 2022/2/2
f 1980/2/840 2019/2/840 2020/2/840
f 1982/2/116 1999/2/116 1989/2/116
f 1998/2/4 2013/2/4 1990/2/4
f 2012/2/4 1998/2/4 2024/2/4
f 2007/2/115 2011/2/115 2010/2/115
f 2023/2/841 1987/2/841 1986/2/841
f 2024/2/4 2017/2/4 2018/2/4
f 2024/2/4 2018/2/4 1983/2/4
f 2015/2/2 2022/2/2 1985/2/2
f 2015/2/2 2027/2/2 2028/2/2
f 2020/2/115 2016/2/115 2023/2/115
f 1938/2/116 2025/2/116 1982/2/116
f 1940/2/842 1945/2/842 1948/2/842
f 2024/2/4 2031/2/4 2032/2/4
f 2015/2/2 1985/2/2 1973/2/2
f 2026/2/115 2030/2/115 2029/2/115
f 2029/2/843 1941/2/843 2028/2/844
f 1934/2/845 2024/2/846 2025/2/847
f 1991/2/848 1931/2/849 1990/2/850
f 1944/2/851 1936/2/852 1937/2/853
f 1949/2/854 1940/2/855 1948/2/856
f 1938/2/857 1946/2/857 1947/2/857
f 1934/2/858 1943/2/858 1935/2/858
f 1950/2/859 1943/2/859 1942/2/859
f 1945/2/860 1952/2/861 1953/2/862
f 1946/2/863 1955/2/863 1947/2/863
f 1957/2/864 1948/2/865 1956/2/866
f 1954/2/867 1962/2/867 1955/2/867
f 1951/2/868 1959/2/868 1958/2/868
f 1952/2/869 1960/2/870 1953/2/871
f 1957/2/872 1965/2/873 1964/2/874
f 2002/2/875 1970/2/876 2001/2/877
f 1931/2/878 1996/2/879 1997/2/880
f 1986/2/881 1973/2/882 1985/2/883
f 2033/2/884 1975/2/884 2032/2/885
f 1984/2/886 1977/2/887 1983/2/888
f 2010/2/889 1979/2/889 2009/2/890
f 1980/2/891 1979/2/892 1978/2/893
f 2019/2/894 1983/2/895 2018/2/896
f 2023/2/897 1985/2/898 2022/2/899
f 1987/2/900 1975/2/901 1974/2/902
f 2014/2/903 1990/2/904 2013/2/905
f 1992/2/906 1932/2/907 1933/2/908
f 1932/2/909 1995/2/910 1933/2/911
f 2005/2/912 1996/2/913 2004/2/914
f 2000/2/915 2006/2/916 1969/2/917
f 2002/2/918 1995/2/919 1994/2/920
f 1998/2/921 2003/2/922 1999/2/923
f 2005/2/924 1968/2/925 1967/2/926
f 2007/2/927 1993/2/928 1992/2/929
f 2010/2/930 2008/2/931 2007/2/932
f 1999/2/933 2024/2/846 1998/2/934
f 1989/2/935 2015/2/936 1982/2/937
f 2011/2/938 1977/2/939 1976/2/940
f 2011/2/941 2013/2/942 2012/2/943
f 2016/2/944 1988/2/945 1987/2/946
f 2016/2/947 2018/2/948 2017/2/949
f 2020/2/950 1981/2/951 1980/2/952
f 2023/2/953 2021/2/954 2020/2/953
f 2026/2/955 1973/2/955 1972/2/956
f 2026/2/957 2028/2/958 2027/2/959
f 1938/2/960 2015/2/936 1939/2/961
f 2030/2/962 1937/2/853 1936/2/852
f 2033/2/963 2031/2/964 2030/2/965
f 1947/2/116 1955/2/116 1950/2/116
f 1941/2/825 1949/2/825 1946/2/825
f 1933/2/826 1995/2/826 1996/2/826
f 1937/2/827 1935/2/827 1943/2/827
f 1945/2/115 1953/2/115 1956/2/115
f 2028/2/2 1941/2/2 1939/2/2
f 1940/2/828 2029/2/828 2030/2/828
f 1935/2/4 1937/2/4 2031/2/4
f 1952/2/829 1951/2/829 1958/2/829
f 1944/2/4 1943/2/4 1951/2/4
f 1949/2/2 1957/2/2 1954/2/2
f 1950/2/830 1955/2/830 1962/2/830
f 1957/2/831 1964/2/831 1963/2/831
f 1959/2/111 1962/2/111 1963/2/111
f 1963/2/111 1964/2/111 1961/2/111
f 1964/2/111 1965/2/111 1961/2/111
f 1965/2/111 1960/2/111 1961/2/111
f 1961/2/111 1958/2/111 1963/2/111
f 1956/2/832 1953/2/832 1960/2/832
f 2006/2/113 2003/2/113 1966/2/113
f 1966/2/113 1967/2/113 1971/2/113
f 1967/2/113 1968/2/113 1971/2/113
f 1968/2/113 1970/2/113 1971/2/113
f 1971/2/113 1969/2/113 1966/2/113
f 2001/2/833 1970/2/833 1968/2/833
f 1986/2/115 1987/2/115 1974/2/115
f 2010/2/834 2011/2/834 1976/2/834
f 1972/2/835 1974/2/835 2033/2/835
f 1938/2/836 1947/2/836 1942/2/836
f 1994/2/2 2000/2/2 1969/2/2
f 1992/2/837 1991/2/837 2014/2/837
f 1933/2/115 1930/2/115 1991/2/115
f 1999/2/838 2003/2/838 2006/2/838
f 1995/2/839 2001/2/839 2004/2/839
f 2000/2/2 2008/2/2 2009/2/2
f 1997/2/4 2005/2/4 1966/2/4
f 1978/2/115 1976/2/115 1984/2/115
f 1980/2/840 1984/2/840 2019/2/840
f 1982/2/116 2025/2/116 1999/2/116
f 2012/2/4 2013/2/4 1998/2/4
f 2007/2/115 2014/2/115 2011/2/115
f 2023/2/841 2016/2/841 1987/2/841
f 2020/2/115 2019/2/115 2016/2/115
f 1938/2/116 1934/2/116 2025/2/116
f 1940/2/842 1936/2/842 1945/2/842
f 2026/2/115 2033/2/115 2030/2/115
f 2029/2/843 1940/2/1470 1941/2/843
f 1934/2/845 1935/2/1471 2024/2/846
f 1991/2/848 1930/2/1472 1931/2/849
f 1944/2/851 1945/2/1473 1936/2/852
f 1949/2/854 1941/2/1474 1940/2/855
f 1938/2/857 1939/2/857 1946/2/857
f 1934/2/858 1942/2/858 1943/2/858
f 1950/2/859 1951/2/859 1943/2/859
f 1945/2/860 1944/2/1475 1952/2/861
f 1946/2/863 1954/2/863 1955/2/863
f 1957/2/864 1949/2/1476 1948/2/865
f 1954/2/867 1963/2/867 1962/2/867
f 1951/2/868 1950/2/868 1959/2/868
f 1952/2/869 1961/2/1477 1960/2/870
f 1957/2/872 1956/2/1478 1965/2/873
f 2002/2/875 1971/2/1479 1970/2/876
f 1931/2/878 1930/2/1480 1996/2/879
f 1986/2/881 1972/2/1481 1973/2/882
f 2033/2/884 1974/2/1482 1975/2/884
f 1984/2/886 1976/2/1483 1977/2/887
f 2010/2/889 1978/2/1484 1979/2/889
f 1980/2/891 1981/2/891 1979/2/892
f 2019/2/894 1984/2/1485 1983/2/895
f 2023/2/897 1986/2/1486 1985/2/898
f 1987/2/900 1988/2/1487 1975/2/901
f 2014/2/903 1991/2/1488 1990/2/904
f 1992/2/906 1993/2/1489 1932/2/907
f 1932/2/909 1994/2/1490 1995/2/910
f 2005/2/912 1997/2/1491 1996/2/913
f 2000/2/915 1989/2/1492 2006/2/916
f 2002/2/918 2001/2/1493 1995/2/919
f 1998/2/921 1966/2/1494 2003/2/922
f 2005/2/924 2004/2/1495 1968/2/925
f 2007/2/927 2008/2/1496 1993/2/928
f 2010/2/930 2009/2/930 2008/2/931
f 1999/2/933 2025/2/847 2024/2/846
f 1989/2/935 2000/2/1497 2015/2/936
f 2011/2/938 2012/2/1498 1977/2/939
f 2011/2/941 2014/2/1499 2013/2/942
f 2016/2/944 2017/2/1500 1988/2/945
f 2016/2/947 2019/2/947 2018/2/948
f 2020/2/950 2021/2/1501 1981/2/951
f 2023/2/953 2022/2/1502 2021/2/954
f 2026/2/955 2027/2/1503 1973/2/955
f 2026/2/957 2029/2/1504 2028/2/958
f 1938/2/960 1982/2/937 2015/2/936
f 2030/2/962 2031/2/1505 1937/2/853
f 2033/2/963 2032/2/1506 2031/2/964
f 2039/4/116 2036/4/116 2038/4/116
f 2044/4/116 2043/4/116 2042/4/116
f 2045/4/373 2046/4/373 2051/4/373
f 2045/4/376 2050/4/376 2044/4/376
f 2043/4/2 2050/4/2 2049/4/2
f 2042/4/375 2049/4/375 2048/4/375
f 2041/4/374 2048/4/374 2047/4/374
f 2041/4/4 2046/4/4 2040/4/4
f 2057/4/376 2034/4/376 2039/4/376
f 2038/4/373 2057/4/373 2039/4/373
f 2055/4/4 2038/4/4 2037/4/4
f 2054/4/374 2037/4/374 2036/4/374
f 2053/4/375 2036/4/375 2035/4/375
f 2034/4/2 2053/4/2 2035/4/2
f 2058/4/4 2363/4/4 2358/4/4
f 2363/4/113 2060/4/113 2357/4/113
f 2061/4/966 2059/4/966 2060/4/966
f 2059/4/115 2354/4/115 2060/4/115
f 2365/4/2 2065/4/2 2062/4/2
f 2373/4/113 2064/4/113 2364/4/113
f 2064/4/967 2062/4/967 2065/4/967
f 2064/4/115 2369/4/115 2063/4/115
f 2066/4/4 2362/4/4 2069/4/4
f 2359/4/113 2068/4/113 2362/4/113
f 2068/4/968 2066/4/968 2069/4/968
f 2068/4/116 2356/4/116 2067/4/116
f 2073/4/2 2366/4/2 2070/4/2
f 2367/4/113 2072/4/113 2375/4/113
f 2073/4/969 2071/4/969 2072/4/969
f 2370/4/116 2072/4/116 2071/4/116
f 2347/4/970 2350/4/971 2089/4/111
f 2321/4/972 2087/4/972 2074/4/972
f 2335/4/113 2334/4/113 2085/4/113
f 2332/4/973 2083/4/973 2078/4/973
f 2081/4/974 2341/4/974 2076/4/974
f 2075/4/975 2332/4/975 2078/4/975
f 2085/4/976 2336/4/976 2081/4/976
f 2089/4/977 2338/4/977 2077/4/977
f 2089/4/978 2076/4/979 2088/4/979
f 2085/4/980 2080/4/980 2084/4/980
f 2075/4/115 2079/4/115 2074/4/115
f 2080/4/116 2076/4/116 2077/4/116
f 2078/4/981 2082/4/982 2079/4/982
f 2082/4/113 2325/4/113 2084/4/113
f 2074/4/983 2086/4/983 2075/4/983
f 2377/4/111 2351/4/111 2088/4/111
f 2309/4/111 2319/4/111 2105/4/111
f 2291/4/972 2103/4/972 2090/4/972
f 2283/4/113 2282/4/113 2101/4/113
f 2303/4/973 2099/4/973 2094/4/973
f 2300/4/974 2092/4/974 2097/4/974
f 2091/4/975 2303/4/975 2094/4/975
f 2101/4/976 2300/4/976 2097/4/976
f 2105/4/984 2290/4/984 2093/4/984
f 2104/4/979 2093/4/979 2092/4/979
f 2101/4/985 2096/4/980 2100/4/980
f 2091/4/115 2095/4/115 2090/4/115
f 2096/4/116 2092/4/116 2093/4/116
f 2094/4/981 2098/4/981 2095/4/981
f 2098/4/113 2275/4/113 2100/4/113
f 2090/4/986 2102/4/986 2091/4/986
f 2298/4/111 2293/4/111 2104/4/111
f 2251/4/111 2256/4/111 2121/4/111
f 2255/4/972 2119/4/972 2106/4/972
f 2246/4/987 2245/4/988 2117/4/113
f 2242/4/973 2115/4/973 2110/4/973
f 2243/4/974 2108/4/974 2113/4/974
f 2107/4/975 2242/4/975 2110/4/975
f 2117/4/989 2243/4/989 2113/4/989
f 2121/4/977 2252/4/977 2109/4/977
f 2121/4/979 2108/4/979 2120/4/979
f 2117/4/980 2112/4/980 2116/4/980
f 2107/4/115 2111/4/115 2106/4/115
f 2112/4/116 2108/4/116 2109/4/116
f 2110/4/981 2114/4/981 2111/4/981
f 2114/4/113 2238/4/113 2116/4/113
f 2106/4/986 2118/4/986 2107/4/986
f 2119/4/111 2121/4/111 2262/4/302
f 2213/4/990 2217/4/139 2137/4/111
f 2190/4/972 2135/4/972 2122/4/972
f 2203/4/113 2201/4/113 2133/4/113
f 2205/4/973 2131/4/973 2126/4/973
f 2200/4/974 2124/4/974 2129/4/974
f 2207/4/975 2126/4/975 2123/4/975
f 2133/4/976 2200/4/976 2129/4/976
f 2137/4/984 2189/4/984 2125/4/984
f 2137/4/978 2124/4/979 2136/4/979
f 2132/4/980 2129/4/980 2128/4/980
f 2123/4/115 2127/4/115 2122/4/115
f 2128/4/116 2124/4/116 2125/4/116
f 2126/4/981 2130/4/981 2127/4/981
f 2130/4/113 2194/4/113 2132/4/113
f 2122/4/986 2134/4/986 2123/4/986
f 2224/4/111 2227/4/111 2136/4/111
f 2142/4/113 2151/4/991 2150/4/113
f 2150/4/278 2354/4/278 2353/4/278
f 2138/4/113 2153/4/811 2145/4/811
f 2138/4/113 2147/4/113 2146/4/113
f 2141/4/811 2148/4/113 2140/4/113
f 2143/4/991 2152/4/113 2151/4/991
f 2142/4/113 2149/4/811 2141/4/811
f 2145/4/811 2152/4/113 2144/4/113
f 2139/4/113 2148/4/113 2147/4/113
f 2154/4/113 2167/4/113 2161/4/113
f 2364/4/276 2365/4/276 2148/4/276
f 2152/4/281 2367/4/281 2160/4/281
f 2150/4/279 2356/4/279 2360/4/279
f 2148/4/277 2363/4/277 2156/4/277
f 2146/4/275 2369/4/275 2372/4/275
f 2146/4/282 2374/4/282 2370/4/282
f 2362/4/280 2361/4/280 2152/4/280
f 2303/4/992 2172/4/992 2247/4/993
f 2160/4/531 2166/4/113 2159/4/113
f 2158/4/113 2164/4/113 2157/4/113
f 2156/4/113 2163/4/113 2155/4/113
f 2160/4/531 2161/4/113 2167/4/113
f 2158/4/113 2166/4/113 2165/4/113
f 2156/4/113 2157/4/113 2164/4/113
f 2154/4/113 2163/4/113 2162/4/113
f 2173/4/111 2181/4/111 2180/4/111
f 2256/4/994 2253/4/994 2288/4/994
f 2258/4/995 2250/4/995 2254/4/995
f 2166/4/116 2173/4/116 2172/4/116
f 2300/4/996 2276/4/996 2170/4/996
f 2164/4/115 2169/4/115 2163/4/115
f 2181/4/278 2194/4/278 2193/4/278
f 2172/4/111 2178/4/111 2171/4/111
f 2170/4/111 2177/4/111 2176/4/111
f 2169/4/111 2174/4/111 2168/4/111
f 2173/4/111 2174/4/111 2181/4/111
f 2172/4/111 2180/4/111 2179/4/111
f 2170/4/111 2178/4/111 2177/4/111
f 2169/4/111 2176/4/111 2175/4/111
f 2179/4/276 2192/4/276 2191/4/276
f 2177/4/282 2197/4/282 2196/4/282
f 2176/4/280 2198/4/280 2175/4/280
f 2181/4/277 2192/4/277 2180/4/277
f 2178/4/275 2191/4/275 2197/4/275
f 2177/4/281 2195/4/281 2176/4/281
f 2174/4/279 2198/4/279 2194/4/279
f 2225/4/277 2236/4/277 2223/4/277
f 2265/4/277 2274/4/277 2273/4/277
f 2299/4/277 2323/4/277 2297/4/277
f 2291/4/997 2095/4/997 2289/4/997
f 2136/4/998 2199/4/998 2239/4/998
f 2309/4/111 2311/4/111 2310/4/111
f 2088/4/998 2341/4/998 2342/4/998
f 2289/4/999 2098/4/999 2258/4/999
f 2112/4/1000 2252/4/1000 2220/4/1000
f 2344/4/111 2345/4/111 2343/4/111
f 2132/4/1001 2185/4/1001 2186/4/1001
f 2128/4/1000 2189/4/1000 2185/4/1000
f 2223/4/276 2235/4/276 2222/4/276
f 2264/4/276 2273/4/276 2272/4/276
f 2297/4/276 2322/4/276 2296/4/276
f 2312/4/113 2314/4/1002 2082/4/113
f 2280/4/111 2278/4/111 2118/4/111
f 2306/4/301 2307/4/111 2308/4/111
f 2096/4/1000 2290/4/1000 2288/4/1000
f 2099/4/113 2270/4/113 2272/4/113
f 2188/4/999 2130/4/999 2187/4/999
f 2278/4/111 2280/4/111 2284/4/111
f 2257/4/113 2259/4/113 2287/4/113
f 2103/4/111 2105/4/111 2294/4/111
f 2318/4/999 2082/4/999 2317/4/999
f 2208/4/1003 2209/4/1004 2210/4/111
f 2203/4/113 2202/4/1005 2206/4/113
f 2209/4/1004 2208/4/1003 2134/4/111
f 2213/4/990 2212/4/1006 2211/4/111
f 2321/4/997 2079/4/997 2318/4/997
f 2345/4/111 2344/4/111 2086/4/111
f 2080/4/1000 2338/4/1000 2315/4/1000
f 2226/4/281 2232/4/281 2231/4/281
f 2260/4/281 2269/4/281 2268/4/281
f 2293/4/281 2326/4/281 2292/4/281
f 2246/4/987 2244/4/113 2248/4/113
f 2224/4/282 2232/4/282 2227/4/282
f 2266/4/282 2269/4/282 2261/4/282
f 2293/4/282 2328/4/282 2327/4/282
f 2104/4/998 2301/4/998 2304/4/998
f 2116/4/1007 2220/4/1007 2218/4/1007
f 2255/4/997 2111/4/997 2230/4/997
f 2087/4/111 2089/4/111 2380/4/111
f 2283/4/113 2281/4/113 2286/4/113
f 2259/4/113 2257/4/113 2098/4/113
f 2307/4/111 2306/4/301 2102/4/111
f 2222/4/275 2233/4/275 2224/4/275
f 2264/4/275 2270/4/275 2266/4/275
f 2296/4/275 2328/4/275 2298/4/275
f 2230/4/999 2114/4/999 2221/4/999
f 2216/4/113 2215/4/1002 2114/4/113
f 2302/4/1008 2102/4/1008 2305/4/1008
f 2247/4/1009 2118/4/1009 2279/4/1009
f 2115/4/113 2233/4/113 2235/4/113
f 2314/4/1002 2312/4/113 2313/4/113
f 2347/4/970 2349/4/111 2348/4/111
f 2335/4/113 2333/4/812 2337/4/113
f 2083/4/113 2328/4/1010 2322/4/113
f 2100/4/1011 2288/4/1011 2253/4/1011
f 2228/4/279 2234/4/279 2238/4/279
f 2263/4/279 2275/4/279 2262/4/279
f 2294/4/279 2329/4/279 2325/4/279
f 2183/4/113 2184/4/113 2182/4/113
f 2330/4/1008 2086/4/1008 2346/4/1008
f 2122/4/997 2188/4/997 2190/4/997
f 2215/4/1002 2216/4/113 2214/4/113
f 2120/4/111 2266/4/111 2261/4/111
f 2084/4/1001 2315/4/1001 2316/4/1001
f 2251/4/111 2250/4/1004 2249/4/111
f 2226/4/280 2234/4/280 2229/4/280
f 2260/4/280 2271/4/280 2263/4/280
f 2292/4/280 2329/4/280 2295/4/280
f 2135/4/111 2137/4/111 2228/4/111
f 2207/4/1008 2134/4/1008 2240/4/1008
f 2120/4/1012 2276/4/1012 2277/4/1012
f 2184/4/113 2183/4/113 2130/4/113
f 2228/4/278 2237/4/278 2225/4/278
f 2262/4/278 2274/4/278 2267/4/278
f 2299/4/278 2325/4/278 2324/4/278
f 2131/4/113 2197/4/113 2191/4/113
f 2059/4/111 2358/4/111 2352/4/111
f 2071/4/111 2366/4/111 2371/4/111
f 2063/4/111 2369/4/111 2368/4/111
f 2067/4/111 2356/4/111 2355/4/111
f 2039/4/116 2034/4/116 2035/4/116
f 2035/4/116 2036/4/116 2039/4/116
f 2036/4/116 2037/4/116 2038/4/116
f 2041/4/116 2040/4/116 2042/4/116
f 2040/4/116 2045/4/116 2042/4/116
f 2045/4/116 2044/4/116 2042/4/116
f 2045/4/373 2040/4/373 2046/4/373
f 2045/4/376 2051/4/376 2050/4/376
f 2043/4/2 2044/4/2 2050/4/2
f 2042/4/375 2043/4/1013 2049/4/375
f 2041/4/374 2042/4/1014 2048/4/374
f 2041/4/4 2047/4/4 2046/4/4
f 2057/4/376 2052/4/376 2034/4/376
f 2038/4/1015 2056/4/1015 2057/4/1015
f 2055/4/4 2056/4/4 2038/4/4
f 2054/4/374 2055/4/374 2037/4/374
f 2053/4/375 2054/4/375 2036/4/375
f 2034/4/2 2052/4/2 2053/4/2
f 2058/4/4 2061/4/4 2363/4/4
f 2061/4/1010 2060/4/113 2363/4/113
f 2060/4/113 2354/4/113 2357/4/113
f 2061/4/966 2058/4/966 2059/4/966
f 2059/4/115 2353/4/115 2354/4/115
f 2365/4/2 2364/4/2 2065/4/2
f 2372/4/113 2064/4/113 2373/4/113
f 2064/4/113 2065/4/1010 2364/4/113
f 2064/4/967 2063/4/967 2062/4/967
f 2064/4/115 2372/4/115 2369/4/115
f 2066/4/4 2361/4/4 2362/4/4
f 2360/4/113 2068/4/113 2359/4/113
f 2068/4/113 2069/4/1016 2362/4/113
f 2068/4/968 2067/4/968 2066/4/968
f 2068/4/116 2360/4/116 2356/4/116
f 2073/4/2 2367/4/2 2366/4/2
f 2073/4/1010 2072/4/113 2367/4/113
f 2072/4/113 2374/4/113 2375/4/113
f 2073/4/969 2070/4/969 2071/4/969
f 2370/4/116 2374/4/116 2072/4/116
f 2089/4/111 2087/4/111 2349/4/111
f 2087/4/111 2339/4/111 2349/4/111
f 2349/4/111 2347/4/970 2089/4/111
f 2321/4/1017 2339/4/1017 2087/4/1017
f 2085/4/113 2083/4/113 2335/4/113
f 2083/4/113 2331/4/1018 2333/4/812
f 2333/4/812 2335/4/113 2083/4/113
f 2332/4/1019 2331/4/1019 2083/4/1019
f 2081/4/974 2336/4/974 2341/4/974
f 2075/4/975 2330/4/975 2332/4/975
f 2085/4/1020 2334/4/1020 2336/4/1020
f 2089/4/1021 2350/4/1021 2338/4/1021
f 2089/4/978 2077/4/978 2076/4/979
f 2085/4/980 2081/4/980 2080/4/980
f 2075/4/115 2078/4/115 2079/4/115
f 2080/4/116 2081/4/116 2076/4/116
f 2078/4/981 2083/4/981 2082/4/982
f 2082/4/113 2083/4/113 2323/4/113
f 2082/4/113 2323/4/113 2324/4/113
f 2326/4/113 2085/4/113 2084/4/113
f 2329/4/113 2326/4/113 2084/4/113
f 2082/4/113 2324/4/113 2325/4/113
f 2325/4/113 2329/4/113 2084/4/113
f 2074/4/983 2087/4/983 2086/4/983
f 2086/4/111 2376/4/111 2340/4/111
f 2086/4/111 2340/4/111 2377/4/111
f 2351/4/111 2379/4/111 2088/4/111
f 2088/4/111 2086/4/111 2377/4/111
f 2105/4/111 2103/4/111 2309/4/111
f 2103/4/111 2320/4/111 2311/4/111
f 2311/4/111 2309/4/111 2103/4/111
f 2291/4/1017 2320/4/1017 2103/4/1017
f 2101/4/113 2099/4/113 2283/4/113
f 2099/4/113 2285/4/1010 2281/4/113
f 2281/4/113 2283/4/113 2099/4/113
f 2303/4/1019 2285/4/1019 2099/4/1019
f 2300/4/974 2301/4/974 2092/4/974
f 2091/4/975 2302/4/975 2303/4/975
f 2101/4/1022 2282/4/1022 2300/4/1022
f 2105/4/1021 2319/4/1021 2290/4/1021
f 2104/4/979 2105/4/979 2093/4/979
f 2101/4/985 2097/4/985 2096/4/980
f 2091/4/115 2094/4/115 2095/4/115
f 2096/4/116 2097/4/116 2092/4/116
f 2094/4/981 2099/4/981 2098/4/981
f 2098/4/113 2099/4/113 2273/4/113
f 2098/4/113 2273/4/113 2274/4/113
f 2268/4/113 2101/4/113 2100/4/113
f 2271/4/113 2268/4/113 2100/4/113
f 2098/4/113 2274/4/113 2275/4/113
f 2275/4/113 2271/4/113 2100/4/113
f 2090/4/986 2103/4/986 2102/4/986
f 2102/4/111 2297/4/111 2296/4/111
f 2102/4/111 2296/4/111 2298/4/111
f 2293/4/111 2292/4/111 2104/4/111
f 2104/4/111 2102/4/111 2298/4/111
f 2121/4/111 2119/4/111 2250/4/1004
f 2119/4/111 2254/4/1023 2250/4/1004
f 2250/4/1004 2251/4/111 2121/4/111
f 2255/4/1024 2254/4/1024 2119/4/1024
f 2117/4/113 2115/4/113 2246/4/987
f 2115/4/113 2241/4/1010 2244/4/113
f 2244/4/113 2246/4/987 2115/4/113
f 2242/4/1019 2241/4/1019 2115/4/1019
f 2243/4/974 2276/4/974 2108/4/974
f 2107/4/975 2247/4/975 2242/4/975
f 2117/4/1025 2245/4/1025 2243/4/1025
f 2121/4/1026 2256/4/1026 2252/4/1026
f 2121/4/979 2109/4/979 2108/4/979
f 2117/4/980 2113/4/980 2112/4/980
f 2107/4/115 2110/4/115 2111/4/115
f 2112/4/116 2113/4/116 2108/4/116
f 2110/4/981 2115/4/981 2114/4/981
f 2114/4/113 2115/4/113 2236/4/113
f 2114/4/113 2236/4/113 2237/4/113
f 2231/4/113 2117/4/113 2116/4/113
f 2234/4/113 2231/4/113 2116/4/113
f 2114/4/113 2237/4/113 2238/4/113
f 2238/4/113 2234/4/113 2116/4/113
f 2106/4/986 2119/4/986 2118/4/986
f 2265/4/111 2118/4/111 2119/4/111
f 2121/4/111 2120/4/111 2260/4/111
f 2121/4/111 2260/4/111 2263/4/111
f 2267/4/111 2265/4/111 2119/4/111
f 2121/4/111 2263/4/111 2262/4/302
f 2262/4/302 2267/4/111 2119/4/111
f 2137/4/111 2135/4/111 2213/4/990
f 2135/4/111 2219/4/1004 2212/4/1006
f 2212/4/1006 2213/4/990 2135/4/111
f 2190/4/1017 2219/4/1017 2135/4/1017
f 2133/4/113 2131/4/113 2203/4/113
f 2131/4/113 2204/4/1027 2202/4/1005
f 2202/4/1005 2203/4/113 2131/4/113
f 2205/4/1019 2204/4/1019 2131/4/1019
f 2200/4/974 2199/4/974 2124/4/974
f 2207/4/975 2205/4/975 2126/4/975
f 2133/4/1020 2201/4/1020 2200/4/1020
f 2137/4/1021 2217/4/1021 2189/4/1021
f 2137/4/978 2125/4/978 2124/4/979
f 2132/4/980 2133/4/980 2129/4/980
f 2123/4/115 2126/4/115 2127/4/115
f 2128/4/116 2129/4/116 2124/4/116
f 2126/4/981 2131/4/981 2130/4/981
f 2130/4/113 2131/4/113 2192/4/113
f 2130/4/113 2192/4/113 2193/4/113
f 2195/4/113 2133/4/113 2132/4/113
f 2198/4/113 2195/4/113 2132/4/113
f 2130/4/113 2193/4/113 2194/4/113
f 2194/4/113 2198/4/113 2132/4/113
f 2122/4/986 2135/4/986 2134/4/986
f 2134/4/111 2223/4/111 2222/4/111
f 2134/4/111 2222/4/111 2224/4/111
f 2227/4/111 2226/4/111 2136/4/111
f 2136/4/111 2134/4/111 2224/4/111
f 2142/4/113 2143/4/991 2151/4/991
f 2352/4/278 2149/4/278 2353/4/278
f 2149/4/278 2150/4/278 2353/4/278
f 2150/4/278 2158/4/278 2354/4/278
f 2158/4/278 2157/4/278 2354/4/278
f 2157/4/278 2357/4/278 2354/4/278
f 2138/4/113 2146/4/113 2153/4/811
f 2138/4/113 2139/4/113 2147/4/113
f 2141/4/811 2149/4/811 2148/4/113
f 2143/4/991 2144/4/113 2152/4/113
f 2142/4/113 2150/4/113 2149/4/811
f 2145/4/811 2153/4/811 2152/4/113
f 2139/4/113 2140/4/113 2148/4/113
f 2154/4/113 2162/4/113 2167/4/113
f 2368/4/276 2147/4/276 2365/4/276
f 2147/4/276 2148/4/276 2365/4/276
f 2156/4/276 2155/4/276 2364/4/276
f 2155/4/276 2373/4/276 2364/4/276
f 2156/4/276 2364/4/276 2148/4/276
f 2152/4/281 2153/4/281 2366/4/281
f 2153/4/281 2371/4/281 2366/4/281
f 2375/4/281 2161/4/281 2367/4/281
f 2161/4/281 2160/4/281 2367/4/281
f 2152/4/281 2366/4/281 2367/4/281
f 2150/4/279 2151/4/279 2356/4/279
f 2151/4/279 2355/4/279 2356/4/279
f 2159/4/279 2158/4/279 2360/4/279
f 2158/4/279 2150/4/279 2360/4/279
f 2360/4/279 2359/4/279 2159/4/279
f 2148/4/277 2149/4/277 2358/4/277
f 2149/4/277 2352/4/277 2358/4/277
f 2357/4/277 2157/4/277 2363/4/277
f 2157/4/277 2156/4/277 2363/4/277
f 2148/4/277 2358/4/277 2363/4/277
f 2146/4/275 2147/4/275 2369/4/275
f 2147/4/275 2368/4/275 2369/4/275
f 2155/4/275 2154/4/275 2372/4/275
f 2154/4/275 2146/4/275 2372/4/275
f 2372/4/275 2373/4/275 2155/4/275
f 2371/4/282 2153/4/282 2370/4/282
f 2153/4/282 2146/4/282 2370/4/282
f 2146/4/282 2154/4/282 2374/4/282
f 2154/4/282 2161/4/282 2374/4/282
f 2161/4/282 2375/4/282 2374/4/282
f 2355/4/280 2151/4/280 2361/4/280
f 2151/4/280 2152/4/280 2361/4/280
f 2160/4/280 2159/4/280 2362/4/280
f 2159/4/280 2359/4/280 2362/4/280
f 2160/4/280 2362/4/280 2152/4/280
f 2343/4/992 2165/4/992 2344/4/993
f 2165/4/992 2166/4/992 2344/4/993
f 2172/4/992 2171/4/992 2202/4/992
f 2171/4/992 2206/4/992 2202/4/992
f 2202/4/992 2204/4/992 2172/4/992
f 2346/4/993 2344/4/993 2166/4/992
f 2172/4/992 2204/4/992 2205/4/992
f 2172/4/992 2205/4/992 2207/4/993
f 2330/4/992 2346/4/993 2166/4/992
f 2332/4/992 2330/4/992 2166/4/992
f 2166/4/992 2172/4/992 2303/4/992
f 2172/4/992 2207/4/993 2242/4/992
f 2240/4/992 2208/4/992 2244/4/992
f 2208/4/992 2210/4/992 2244/4/992
f 2244/4/992 2210/4/992 2248/4/992
f 2308/4/992 2337/4/992 2333/4/992
f 2305/4/992 2306/4/992 2333/4/992
f 2306/4/992 2308/4/992 2333/4/992
f 2305/4/992 2333/4/992 2331/4/992
f 2302/4/993 2305/4/992 2332/4/992
f 2305/4/992 2331/4/992 2332/4/992
f 2303/4/992 2302/4/993 2166/4/992
f 2302/4/993 2332/4/992 2166/4/992
f 2244/4/992 2241/4/992 2240/4/992
f 2207/4/993 2240/4/992 2242/4/992
f 2240/4/992 2241/4/992 2242/4/992
f 2284/4/992 2286/4/992 2281/4/992
f 2279/4/992 2278/4/992 2285/4/992
f 2278/4/992 2284/4/992 2281/4/992
f 2285/4/992 2278/4/992 2281/4/992
f 2247/4/993 2279/4/992 2303/4/992
f 2279/4/992 2285/4/992 2303/4/992
f 2172/4/992 2242/4/992 2247/4/993
f 2160/4/531 2167/4/113 2166/4/113
f 2158/4/113 2165/4/113 2164/4/113
f 2156/4/113 2164/4/113 2163/4/113
f 2158/4/113 2159/4/113 2166/4/113
f 2154/4/113 2155/4/113 2163/4/113
f 2348/4/994 2162/4/994 2347/4/994
f 2162/4/994 2163/4/994 2347/4/994
f 2169/4/994 2168/4/994 2184/4/994
f 2168/4/994 2182/4/994 2184/4/994
f 2350/4/994 2347/4/994 2163/4/994
f 2169/4/994 2184/4/994 2186/4/994
f 2169/4/994 2186/4/994 2185/4/994
f 2338/4/994 2350/4/994 2163/4/994
f 2315/4/994 2338/4/994 2163/4/994
f 2163/4/994 2169/4/994 2288/4/994
f 2169/4/994 2185/4/994 2189/4/994
f 2169/4/994 2189/4/994 2220/4/994
f 2288/4/994 2169/4/994 2252/4/994
f 2315/4/994 2163/4/994 2290/4/994
f 2217/4/994 2213/4/994 2216/4/994
f 2213/4/994 2211/4/994 2214/4/994
f 2310/4/994 2313/4/994 2312/4/1028
f 2319/4/994 2309/4/994 2312/4/1028
f 2309/4/994 2310/4/994 2312/4/1028
f 2319/4/994 2312/4/1028 2316/4/994
f 2290/4/994 2319/4/994 2315/4/994
f 2319/4/994 2316/4/994 2315/4/994
f 2213/4/994 2214/4/994 2216/4/994
f 2288/4/994 2290/4/994 2163/4/994
f 2189/4/994 2217/4/994 2220/4/994
f 2217/4/994 2216/4/994 2218/4/994
f 2217/4/994 2218/4/994 2220/4/994
f 2252/4/994 2169/4/994 2220/4/994
f 2249/4/994 2287/4/994 2259/4/1028
f 2256/4/994 2251/4/994 2259/4/1028
f 2251/4/994 2249/4/994 2259/4/1028
f 2288/4/994 2252/4/994 2256/4/994
f 2256/4/994 2259/4/1028 2253/4/994
f 2167/4/995 2162/4/995 2349/4/995
f 2162/4/995 2348/4/995 2349/4/995
f 2182/4/995 2168/4/995 2183/4/1029
f 2168/4/995 2173/4/995 2183/4/1029
f 2183/4/1029 2173/4/995 2187/4/1029
f 2167/4/995 2349/4/995 2339/4/1029
f 2167/4/995 2339/4/1029 2321/4/995
f 2188/4/995 2187/4/1029 2173/4/995
f 2190/4/1029 2188/4/995 2173/4/995
f 2173/4/995 2167/4/995 2289/4/995
f 2167/4/995 2321/4/995 2318/4/995
f 2167/4/995 2318/4/995 2291/4/995
f 2317/4/995 2314/4/1029 2311/4/1029
f 2314/4/1029 2313/4/1029 2311/4/1029
f 2317/4/995 2311/4/1029 2320/4/1029
f 2313/4/1029 2310/4/1029 2311/4/1029
f 2317/4/995 2320/4/1029 2291/4/995
f 2214/4/995 2211/4/995 2212/4/1029
f 2221/4/995 2215/4/995 2212/4/1029
f 2215/4/995 2214/4/995 2212/4/1029
f 2221/4/995 2212/4/1029 2219/4/1029
f 2230/4/995 2221/4/995 2219/4/1029
f 2230/4/995 2219/4/1029 2190/4/1029
f 2230/4/995 2190/4/1029 2173/4/995
f 2318/4/995 2317/4/995 2291/4/995
f 2167/4/995 2291/4/995 2289/4/995
f 2255/4/995 2230/4/995 2173/4/995
f 2258/4/995 2257/4/995 2250/4/995
f 2257/4/995 2287/4/995 2249/4/995
f 2255/4/995 2173/4/995 2289/4/995
f 2254/4/995 2255/4/995 2258/4/995
f 2255/4/995 2289/4/995 2258/4/995
f 2257/4/995 2249/4/995 2250/4/995
f 2166/4/116 2167/4/116 2173/4/116
f 2164/4/996 2165/4/996 2345/4/996
f 2165/4/996 2343/4/996 2345/4/996
f 2164/4/996 2345/4/996 2342/4/1030
f 2206/4/996 2171/4/996 2203/4/996
f 2171/4/996 2170/4/996 2203/4/996
f 2164/4/996 2342/4/1030 2341/4/996
f 2164/4/996 2341/4/996 2336/4/996
f 2201/4/996 2203/4/996 2170/4/996
f 2200/4/996 2201/4/996 2170/4/996
f 2170/4/996 2164/4/996 2300/4/996
f 2164/4/996 2336/4/996 2301/4/996
f 2334/4/1030 2335/4/1030 2304/4/996
f 2335/4/1030 2337/4/996 2308/4/996
f 2199/4/996 2200/4/996 2170/4/996
f 2210/4/996 2209/4/996 2246/4/1030
f 2209/4/996 2239/4/996 2246/4/1030
f 2210/4/996 2246/4/1030 2248/4/996
f 2246/4/1030 2239/4/996 2245/4/1030
f 2239/4/996 2199/4/996 2245/4/1030
f 2335/4/1030 2308/4/996 2307/4/996
f 2307/4/996 2304/4/996 2335/4/1030
f 2243/4/996 2245/4/1030 2199/4/996
f 2276/4/996 2243/4/996 2170/4/996
f 2243/4/996 2199/4/996 2170/4/996
f 2336/4/996 2334/4/1030 2304/4/996
f 2336/4/996 2304/4/996 2301/4/996
f 2284/4/996 2280/4/996 2286/4/996
f 2280/4/996 2277/4/996 2283/4/1030
f 2286/4/996 2280/4/996 2283/4/1030
f 2283/4/1030 2277/4/996 2282/4/996
f 2277/4/996 2276/4/996 2300/4/996
f 2282/4/996 2277/4/996 2300/4/996
f 2164/4/996 2301/4/996 2300/4/996
f 2164/4/115 2170/4/115 2169/4/115
f 2181/4/278 2174/4/278 2194/4/278
f 2172/4/111 2179/4/111 2178/4/111
f 2169/4/111 2175/4/111 2174/4/111
f 2173/4/111 2168/4/111 2174/4/111
f 2172/4/111 2173/4/111 2180/4/111
f 2170/4/111 2171/4/111 2178/4/111
f 2169/4/111 2170/4/111 2176/4/111
f 2179/4/276 2180/4/276 2192/4/276
f 2177/4/282 2178/4/282 2197/4/282
f 2176/4/280 2195/4/280 2198/4/280
f 2181/4/277 2193/4/277 2192/4/277
f 2178/4/275 2179/4/275 2191/4/275
f 2177/4/281 2196/4/281 2195/4/281
f 2174/4/279 2175/4/279 2198/4/279
f 2225/4/277 2237/4/277 2236/4/277
f 2265/4/277 2267/4/277 2274/4/277
f 2299/4/277 2324/4/277 2323/4/277
f 2291/4/997 2090/4/997 2095/4/997
f 2136/4/1031 2124/4/1031 2199/4/1031
f 2088/4/1031 2076/4/1031 2341/4/1031
f 2289/4/1032 2095/4/1032 2098/4/1032
f 2112/4/1000 2109/4/1000 2252/4/1000
f 2132/4/1033 2128/4/1033 2185/4/1033
f 2128/4/1000 2125/4/1000 2189/4/1000
f 2223/4/276 2236/4/276 2235/4/276
f 2264/4/276 2265/4/276 2273/4/276
f 2297/4/276 2323/4/276 2322/4/276
f 2314/4/1002 2317/4/1034 2082/4/113
f 2082/4/113 2084/4/113 2312/4/113
f 2084/4/113 2316/4/113 2312/4/113
f 2278/4/111 2279/4/111 2118/4/111
f 2118/4/111 2120/4/111 2280/4/111
f 2120/4/111 2277/4/303 2280/4/111
f 2096/4/1000 2093/4/1000 2290/4/1000
f 2101/4/113 2268/4/113 2269/4/113
f 2101/4/113 2269/4/113 2270/4/113
f 2272/4/113 2273/4/113 2099/4/113
f 2099/4/113 2101/4/113 2270/4/113
f 2188/4/1032 2127/4/1032 2130/4/1032
f 2297/4/111 2102/4/111 2103/4/111
f 2105/4/111 2104/4/111 2292/4/111
f 2105/4/111 2292/4/111 2295/4/111
f 2299/4/111 2297/4/111 2103/4/111
f 2105/4/111 2295/4/111 2294/4/111
f 2294/4/111 2299/4/111 2103/4/111
f 2318/4/1032 2079/4/1032 2082/4/1032
f 2208/4/1003 2240/4/1035 2134/4/111
f 2134/4/111 2136/4/111 2209/4/1004
f 2136/4/111 2239/4/1023 2209/4/1004
f 2321/4/997 2074/4/997 2079/4/997
f 2344/4/111 2346/4/111 2086/4/111
f 2086/4/111 2088/4/111 2345/4/111
f 2088/4/111 2342/4/111 2345/4/111
f 2080/4/1000 2077/4/1000 2338/4/1000
f 2226/4/281 2227/4/281 2232/4/281
f 2260/4/281 2261/4/281 2269/4/281
f 2293/4/281 2327/4/281 2326/4/281
f 2224/4/282 2233/4/282 2232/4/282
f 2266/4/282 2270/4/282 2269/4/282
f 2293/4/282 2298/4/282 2328/4/282
f 2104/4/1031 2092/4/1031 2301/4/1031
f 2116/4/1033 2112/4/1033 2220/4/1033
f 2255/4/997 2106/4/997 2111/4/997
f 2376/4/111 2086/4/111 2087/4/111
f 2089/4/111 2088/4/111 2379/4/111
f 2089/4/111 2379/4/111 2381/4/111
f 2378/4/111 2376/4/111 2087/4/111
f 2089/4/111 2381/4/111 2380/4/111
f 2380/4/111 2378/4/111 2087/4/111
f 2257/4/113 2258/4/113 2098/4/113
f 2098/4/113 2100/4/113 2259/4/113
f 2100/4/113 2253/4/113 2259/4/113
f 2306/4/301 2305/4/1036 2102/4/111
f 2102/4/111 2104/4/111 2307/4/111
f 2104/4/111 2304/4/111 2307/4/111
f 2222/4/275 2235/4/275 2233/4/275
f 2264/4/275 2272/4/275 2270/4/275
f 2296/4/275 2322/4/275 2328/4/275
f 2230/4/1032 2111/4/1032 2114/4/1032
f 2215/4/1002 2221/4/1034 2114/4/113
f 2114/4/113 2116/4/113 2216/4/113
f 2116/4/113 2218/4/113 2216/4/113
f 2302/4/1037 2091/4/1037 2102/4/1037
f 2247/4/1037 2107/4/1037 2118/4/1037
f 2117/4/113 2231/4/113 2232/4/113
f 2117/4/113 2232/4/113 2233/4/113
f 2235/4/113 2236/4/113 2115/4/113
f 2115/4/113 2117/4/113 2233/4/113
f 2085/4/113 2326/4/113 2327/4/113
f 2085/4/113 2327/4/113 2328/4/1010
f 2322/4/113 2323/4/113 2083/4/113
f 2083/4/113 2085/4/113 2328/4/1010
f 2100/4/1033 2096/4/1033 2288/4/1033
f 2228/4/279 2229/4/279 2234/4/279
f 2263/4/279 2271/4/279 2275/4/279
f 2294/4/279 2295/4/279 2329/4/279
f 2330/4/1037 2075/4/1037 2086/4/1037
f 2122/4/997 2127/4/997 2188/4/997
f 2118/4/111 2265/4/111 2264/4/111
f 2118/4/111 2264/4/111 2266/4/111
f 2261/4/111 2260/4/111 2120/4/111
f 2120/4/111 2118/4/111 2266/4/111
f 2084/4/1033 2080/4/1033 2315/4/1033
f 2226/4/280 2231/4/280 2234/4/280
f 2260/4/280 2268/4/280 2271/4/280
f 2292/4/280 2326/4/280 2329/4/280
f 2223/4/111 2134/4/111 2135/4/111
f 2137/4/111 2136/4/111 2226/4/111
f 2137/4/111 2226/4/111 2229/4/111
f 2225/4/111 2223/4/111 2135/4/111
f 2137/4/111 2229/4/111 2228/4/111
f 2228/4/111 2225/4/111 2135/4/111
f 2207/4/1037 2123/4/1037 2134/4/1037
f 2120/4/1031 2108/4/1031 2276/4/1031
f 2183/4/113 2187/4/113 2130/4/113
f 2130/4/113 2132/4/113 2184/4/113
f 2132/4/113 2186/4/113 2184/4/113
f 2228/4/278 2238/4/278 2237/4/278
f 2262/4/278 2275/4/278 2274/4/278
f 2299/4/278 2294/4/278 2325/4/278
f 2133/4/113 2195/4/113 2196/4/113
f 2133/4/113 2196/4/113 2197/4/113
f 2191/4/113 2192/4/113 2131/4/113
f 2131/4/113 2133/4/113 2197/4/113
f 2352/4/111 2353/4/111 2059/4/111
f 2059/4/111 2058/4/302 2358/4/111
f 2371/4/111 2370/4/111 2071/4/111
f 2071/4/111 2070/4/302 2366/4/111
f 2368/4/111 2365/4/111 2063/4/111
f 2365/4/111 2062/4/303 2063/4/111
f 2355/4/111 2361/4/111 2067/4/111
f 2361/4/111 2066/4/111 2067/4/111
f 2684/4/1120 2687/4/1120 2686/4/1120
f 2687/4/2 2690/4/2 2686/4/2
f 2691/4/1121 2688/4/1122 2690/4/1122
f 2688/4/4 2685/4/4 2684/4/4
f 2686/4/1123 2692/4/1123 2684/4/1123
f 2691/4/1124 2685/4/1124 2689/4/1124
f 2695/4/1125 2692/4/1125 2693/4/1125
f 2688/4/1122 2695/4/1126 2690/4/1122
f 2688/4/4 2692/4/4 2694/4/4
f 2690/4/2 2693/4/2 2686/4/2
f 2697/4/1127 2723/4/1127 2720/4/1127
f 2710/4/1128 2711/4/1128 2700/4/1128
f 2704/4/4 2720/4/4 2725/4/4
f 2696/4/4 2711/4/4 2702/4/4
f 2723/4/2 2709/4/2 2721/4/2
f 2698/4/2 2712/4/2 2701/4/2
f 2698/4/132 2700/4/132 2696/4/132
f 2708/4/1122 2722/4/1122 2724/4/1122
f 2704/4/1129 2705/4/1129 2709/4/1129
f 2716/4/1130 2707/4/1131 2717/4/1132
f 2702/4/1133 2719/4/1134 2718/4/1135
f 2713/4/1136 2707/4/1137 2706/4/1138
f 2702/4/1139 2710/4/1140 2703/4/1141
f 2703/4/1142 2713/4/1142 2706/4/1142
f 2718/4/1143 2736/4/1144 2731/4/1144
f 2729/4/1145 2717/4/1146 2734/4/1145
f 2716/4/1122 2703/4/1122 2706/4/1122
f 2698/4/2 2717/4/2 2707/4/2
f 2718/4/4 2696/4/4 2702/4/4
f 2714/4/1127 2698/4/1147 2696/4/1147
f 2708/4/1148 2721/4/1148 2709/4/1149
f 2725/4/1150 2705/4/1150 2704/4/1151
f 2724/4/1152 2737/4/1152 2728/4/1152
f 2723/4/2 2735/4/2 2726/4/2
f 2730/4/4 2720/4/4 2733/4/4
f 2720/4/1127 2726/4/1147 2733/4/1147
f 2732/4/1127 2715/4/1127 2714/4/1127
f 2733/4/1147 2727/4/1127 2732/4/1127
f 2731/4/4 2714/4/4 2718/4/4
f 2730/4/4 2732/4/4 2731/4/4
f 2715/4/2 2734/4/2 2717/4/2
f 2727/4/2 2735/4/2 2734/4/2
f 2729/4/1153 2719/4/1153 2716/4/1153
f 2728/4/1122 2736/4/1122 2729/4/1122
f 2728/4/1154 2721/4/1154 2724/4/1155
f 2728/4/1156 2734/4/1157 2735/4/1158
f 2725/4/1159 2737/4/1159 2722/4/1160
f 2731/4/1161 2737/4/1162 2730/4/1163
f 2739/4/1164 2740/4/1164 2738/4/1164
f 2740/4/2 2745/4/2 2744/4/2
f 2745/4/1165 2742/4/1165 2744/4/1165
f 2743/4/4 2738/4/4 2742/4/4
f 2742/4/4 2746/4/4 2748/4/4
f 2741/4/1166 2743/4/1166 2745/4/1166
f 2748/4/4 2750/4/4 2752/4/4
f 2744/4/2 2747/4/2 2740/4/2
f 2740/4/1167 2746/4/1167 2738/4/1167
f 2742/4/1168 2749/4/1168 2744/4/1168
f 2753/4/1169 2750/4/1169 2751/4/1169
f 2749/4/2 2751/4/2 2747/4/2
f 2748/4/1170 2753/4/1170 2749/4/1170
f 2747/4/1171 2750/4/1171 2746/4/1171
f 2755/4/1172 2771/4/1172 2770/4/1172
f 2757/4/2 2772/4/2 2771/4/2
f 2761/4/1173 2773/4/1173 2772/4/1173
f 2773/4/4 2755/4/4 2770/4/4
f 2760/4/1174 2754/4/1174 2756/4/1175
f 2755/4/1172 2763/4/1172 2757/4/1172
f 2762/4/4 2768/4/4 2766/4/4
f 2755/4/1176 2764/4/1176 2762/4/1176
f 2761/4/1177 2763/4/1177 2765/4/1177
f 2761/4/1173 2764/4/1173 2759/4/1173
f 2767/4/1178 2768/4/1178 2769/4/1178
f 2763/4/2 2769/4/2 2765/4/2
f 2765/4/1173 2768/4/1173 2764/4/1173
f 2762/4/1172 2767/4/1179 2763/4/1172
f 2773/4/1180 2754/4/1180 2758/4/1180
f 2772/4/1173 2758/4/1181 2760/4/1181
f 2756/4/1182 2772/4/1182 2760/4/1182
f 2770/4/1172 2756/4/1172 2754/4/1172
f 2769/4/1183 2776/4/1183 2768/4/1183
f 2766/4/1184 2775/4/1185 2767/4/1185
f 2766/4/2 2776/4/2 2768/4/2
f 2767/4/2 2777/4/2 2769/4/2
f 2776/4/2 2778/4/2 2780/4/2
f 2777/4/2 2779/4/2 2781/4/2
f 2777/4/1186 2780/4/1186 2776/4/1186
f 2774/4/1187 2779/4/1187 2775/4/1187
f 2781/4/1188 2784/4/1188 2780/4/1188
f 2778/4/1189 2783/4/1189 2779/4/1189
f 2780/4/2 2782/4/2 2784/4/2
f 2781/4/2 2783/4/2 2785/4/2
f 2786/4/1118 2789/4/1118 2788/4/1118
f 2789/4/111 2790/4/111 2788/4/111
f 2791/4/1119 2792/4/1119 2790/4/1119
f 2792/4/462 2795/4/462 2794/4/462
f 2795/4/4 2793/4/4 2791/4/4
f 2795/4/113 2796/4/113 2794/4/113
f 2797/4/463 2786/4/463 2796/4/463
f 2794/4/2 2796/4/2 2788/4/2
f 2933/4/1214 2924/4/1214 2925/4/1214
f 305/4/92 2924/4/92 2933/4/92
f 2929/4/1215 2922/4/1215 2935/4/1215
f 2933/4/1216 2926/4/1216 2932/4/1216
f 2927/4/1217 2928/4/1217 2930/4/1217
f 2934/4/1218 2922/4/1218 2923/4/1218
f 2930/4/1219 2931/4/1219 2927/4/1219
f 2924/4/1220 2934/4/1220 2923/4/1220
f 2924/4/1221 2923/4/1221 2925/4/1221
f 2931/4/1222 2926/4/1222 2927/4/1222
f 301/4/91 2924/4/91 302/4/91
f 2936/4/95 2931/4/95 2930/4/95
f 300/4/90 2934/4/90 301/4/90
f 2920/4/94 2932/4/94 2931/4/94
f 306/4/93 2933/4/93 2932/4/93
f 2921/4/98 2935/4/98 300/4/98
f 2936/4/97 2929/4/97 2921/4/97
f 2928/4/1223 2929/4/1223 2930/4/1223
f 2923/4/96 2927/4/96 2925/4/96
f 305/4/92 302/4/92 2924/4/92
f 2929/4/1224 2928/4/1224 2922/4/1224
f 2933/4/1225 2925/4/1225 2926/4/1225
f 2934/4/1226 2935/4/1226 2922/4/1226
f 2931/4/1227 2932/4/1227 2926/4/1227
f 301/4/91 2934/4/91 2924/4/91
f 2936/4/95 2920/4/95 2931/4/95
f 300/4/90 2935/4/90 2934/4/90
f 2920/4/94 306/4/94 2932/4/94
f 306/4/93 305/4/93 2933/4/93
f 2921/4/98 2929/4/98 2935/4/98
f 2936/4/97 2930/4/97 2929/4/97
f 2923/4/96 2922/4/96 2928/4/96
f 2928/4/96 2927/4/96 2923/4/96
f 2927/4/96 2926/4/96 2925/4/96
f 2940/4/1228 2954/4/1228 2949/4/1228
f 2948/4/99 2943/4/99 2937/4/99
f 2945/4/4 2953/4/4 2952/4/4
f 2940/4/1229 2947/4/1229 2939/4/1229
f 2952/4/96 2953/4/96 2954/4/96
f 2946/4/1230 2941/4/1230 2938/4/1230
f 2940/4/2 2939/4/2 2937/4/2
f 2950/4/4 2943/4/4 2948/4/4
f 2943/4/1231 2946/4/1232 2944/4/1233
f 2948/4/1234 2949/4/1235 2950/4/1236
f 2950/4/1237 2954/4/1238 2953/4/1239
f 2945/4/1240 2951/4/1241 2946/4/1242
f 2946/4/1243 2937/4/1243 2944/4/1243
f 2940/4/1228 2942/4/1228 2954/4/1228
f 2944/4/99 2937/4/99 2943/4/99
f 2937/4/99 2939/4/99 2948/4/99
f 2939/4/99 2947/4/99 2948/4/99
f 2945/4/4 2950/4/4 2953/4/4
f 2940/4/1229 2949/4/1229 2947/4/1229
f 2954/4/96 2942/4/96 2941/4/96
f 2941/4/96 2951/4/96 2954/4/96
f 2951/4/96 2952/4/96 2954/4/96
f 2946/4/1230 2951/4/1230 2941/4/1230
f 2937/4/2 2938/4/2 2940/4/2
f 2938/4/2 2941/4/2 2940/4/2
f 2941/4/2 2942/4/2 2940/4/2
f 2950/4/4 2945/4/4 2943/4/4
f 2943/4/1231 2945/4/1244 2946/4/1232
f 2948/4/1234 2947/4/1245 2949/4/1235
f 2950/4/1237 2949/4/1246 2954/4/1238
f 2945/4/1240 2952/4/1247 2951/4/1241
f 2946/4/1243 2938/4/1243 2937/4/1243
f 2958/4/1228 2967/4/1228 2972/4/1228
f 2966/4/99 2955/4/99 2961/4/99
f 2963/4/2 2970/4/2 2971/4/2
f 2958/4/1229 2957/4/1229 2965/4/1229
f 2970/4/96 2972/4/96 2971/4/96
f 2964/4/1230 2956/4/1230 2959/4/1230
f 2958/4/4 2955/4/4 2957/4/4
f 2968/4/2 2966/4/2 2961/4/2
f 2961/4/1248 2962/4/1249 2964/4/1250
f 2966/4/1251 2968/4/1252 2967/4/1253
f 2968/4/1254 2971/4/1255 2972/4/1256
f 2963/4/1257 2964/4/1258 2969/4/1259
f 2964/4/1243 2962/4/1243 2955/4/1243
f 2958/4/1228 2972/4/1228 2960/4/1228
f 2962/4/99 2961/4/99 2955/4/99
f 2955/4/99 2966/4/99 2957/4/99
f 2957/4/99 2966/4/99 2965/4/99
f 2963/4/2 2971/4/2 2968/4/2
f 2958/4/1229 2965/4/1229 2967/4/1229
f 2972/4/96 2959/4/96 2960/4/96
f 2959/4/96 2972/4/96 2969/4/96
f 2969/4/96 2972/4/96 2970/4/96
f 2964/4/1230 2959/4/1230 2969/4/1230
f 2955/4/4 2958/4/4 2956/4/4
f 2956/4/4 2958/4/4 2959/4/4
f 2959/4/4 2958/4/4 2960/4/4
f 2968/4/2 2961/4/2 2963/4/2
f 2961/4/1248 2964/4/1250 2963/4/1260
f 2966/4/1251 2967/4/1253 2965/4/1261
f 2968/4/1254 2972/4/1256 2967/4/1262
f 2963/4/1257 2969/4/1259 2970/4/1263
f 2964/4/1243 2955/4/1243 2956/4/1243
f 2973/4/90 2976/4/90 281/4/90
f 2982/4/1264 2991/4/1264 2990/4/1264
f 281/4/98 2983/4/98 2975/4/98
f 283/4/95 2982/4/95 2981/4/95
f 2974/4/93 2980/4/93 2979/4/93
f 303/4/91 2977/4/91 2973/4/91
f 2975/4/97 2982/4/97 304/4/97
f 282/4/94 2981/4/94 2980/4/94
f 303/4/92 2979/4/92 2978/4/92
f 2990/4/97 2999/4/97 2998/4/97
f 2981/4/1265 2988/4/1265 2980/4/1265
f 2978/4/1266 2987/4/1266 2986/4/1267
f 2977/4/1268 2984/4/1268 2976/4/1268
f 2983/4/1269 2984/4/1269 2991/4/1270
f 2982/4/1271 2989/4/1271 2981/4/1271
f 2979/4/1272 2988/4/1272 2987/4/1272
f 2978/4/1273 2985/4/1273 2977/4/1273
f 2998/4/1274 3005/4/1274 2997/4/1274
f 2988/4/94 2997/4/94 2996/4/94
f 2986/4/92 2995/4/92 2994/4/92
f 2985/4/90 2992/4/90 2984/4/90
f 2984/4/98 2999/4/98 2991/4/98
f 2990/4/95 2997/4/95 2989/4/95
f 2987/4/93 2996/4/93 2995/4/93
f 2986/4/91 2993/4/91 2985/4/91
f 3005/4/99 3006/4/99 3003/4/99
f 2995/4/1275 3004/4/1275 3003/4/1275
f 2994/4/1276 3001/4/1276 2993/4/1276
f 2998/4/1277 3007/4/1277 3006/4/1278
f 2997/4/1279 3004/4/1279 2996/4/1279
f 2994/4/1280 3003/4/1280 3002/4/1280
f 2993/4/1281 3000/4/1281 2992/4/1281
f 2999/4/1282 3000/4/1282 3007/4/1282
f 2973/4/90 2977/4/90 2976/4/90
f 2982/4/1264 2983/4/1264 2991/4/1264
f 281/4/98 2976/4/98 2983/4/98
f 283/4/95 304/4/95 2982/4/95
f 2974/4/93 282/4/93 2980/4/93
f 303/4/91 2978/4/91 2977/4/91
f 2975/4/97 2983/4/97 2982/4/97
f 282/4/94 283/4/94 2981/4/94
f 303/4/92 2974/4/92 2979/4/92
f 2990/4/97 2991/4/97 2999/4/97
f 2981/4/1265 2989/4/1283 2988/4/1265
f 2978/4/1266 2979/4/1266 2987/4/1266
f 2977/4/1268 2985/4/1268 2984/4/1268
f 2983/4/1269 2976/4/1269 2984/4/1269
f 2982/4/1271 2990/4/1271 2989/4/1271
f 2979/4/1272 2980/4/1272 2988/4/1272
f 2978/4/1273 2986/4/1284 2985/4/1273
f 2998/4/1274 3006/4/1285 3005/4/1274
f 2988/4/94 2989/4/94 2997/4/94
f 2986/4/92 2987/4/92 2995/4/92
f 2985/4/90 2993/4/90 2992/4/90
f 2984/4/98 2992/4/98 2999/4/98
f 2990/4/95 2998/4/95 2997/4/95
f 2987/4/93 2988/4/93 2996/4/93
f 2986/4/91 2994/4/91 2993/4/91
f 3007/4/99 3000/4/99 3001/4/99
f 3001/4/99 3002/4/99 3007/4/99
f 3002/4/99 3003/4/99 3006/4/99
f 3007/4/99 3002/4/99 3006/4/99
f 3003/4/99 3004/4/99 3005/4/99
f 2995/4/1275 2996/4/1275 3004/4/1275
f 2994/4/1276 3002/4/1276 3001/4/1276
f 2998/4/1277 2999/4/1277 3007/4/1277
f 2997/4/1279 3005/4/1279 3004/4/1279
f 2994/4/1280 2995/4/1280 3003/4/1280
f 2993/4/1281 3001/4/1281 3000/4/1281
f 2999/4/1282 2992/4/1282 3000/4/1282
f 3009/4/1286 3010/4/1286 3008/4/1286
f 3011/4/111 3012/4/111 3010/4/111
f 3013/4/1287 3014/4/1287 3012/4/1287
f 3015/4/1288 3016/4/1288 3014/4/1288
f 3015/4/115 3013/4/115 3009/4/115
f 3017/4/113 3018/4/113 3016/4/113
f 3018/4/1289 3009/4/1289 3008/4/1289
f 3014/4/116 3016/4/116 3018/4/116
f 3021/4/1290 3022/4/1290 3020/4/1290
f 3023/4/1291 3024/4/1291 3022/4/1291
f 3024/4/1292 3027/4/1292 3026/4/1292
f 3027/4/1293 3028/4/1293 3026/4/1293
f 3027/4/4 3025/4/4 3021/4/4
f 3029/4/1294 3030/4/1294 3028/4/1294
f 3031/4/1295 3020/4/1296 3030/4/1296
f 3028/4/2 3030/4/2 3022/4/2
f 3033/4/1297 3034/4/1297 3032/4/1297
f 3035/4/1298 3036/4/1298 3034/4/1298
f 3036/4/1299 3039/4/1299 3038/4/1299
f 3039/4/1300 3040/4/1300 3038/4/1300
f 3041/4/4 3039/4/4 3037/4/4
f 3041/4/1301 3042/4/1301 3040/4/1301
f 3043/4/1302 3032/4/1302 3042/4/1302
f 3040/4/2 3042/4/2 3034/4/2
f 3021/4/1290 3023/4/1290 3022/4/1290
f 3023/4/1291 3025/4/1291 3024/4/1291
f 3024/4/1292 3025/4/1292 3027/4/1292
f 3027/4/1293 3029/4/1293 3028/4/1293
f 3025/4/4 3023/4/4 3021/4/4
f 3021/4/4 3031/4/4 3029/4/4
f 3029/4/4 3027/4/4 3021/4/4
f 3029/4/1294 3031/4/1294 3030/4/1294
f 3031/4/1295 3021/4/1295 3020/4/1296
f 3030/4/2 3020/4/2 3022/4/2
f 3022/4/2 3024/4/2 3026/4/2
f 3026/4/2 3028/4/2 3022/4/2
f 3033/4/1297 3035/4/1297 3034/4/1297
f 3035/4/1298 3037/4/1298 3036/4/1298
f 3036/4/1299 3037/4/1299 3039/4/1299
f 3039/4/1300 3041/4/1300 3040/4/1300
f 3037/4/4 3035/4/4 3041/4/4
f 3035/4/4 3033/4/4 3041/4/4
f 3033/4/4 3043/4/4 3041/4/4
f 3041/4/1301 3043/4/1301 3042/4/1301
f 3043/4/1302 3033/4/1302 3032/4/1302
f 3042/4/2 3032/4/2 3034/4/2
f 3034/4/2 3036/4/2 3038/4/2
f 3038/4/2 3040/4/2 3034/4/2
f 3045/4/1303 3046/4/1303 3044/4/1303
f 3047/4/1304 3048/4/1304 3046/4/1304
f 3048/4/1305 3051/4/1305 3050/4/1305
f 3051/4/1306 3052/4/1306 3050/4/1306
f 3053/4/4 3051/4/4 3049/4/4
f 3052/4/1307 3055/4/1307 3054/4/1307
f 3055/4/1308 3044/4/1308 3054/4/1308
f 3052/4/2 3054/4/2 3046/4/2
f 3045/4/1303 3047/4/1303 3046/4/1303
f 3047/4/1304 3049/4/1304 3048/4/1304
f 3048/4/1305 3049/4/1305 3051/4/1305
f 3051/4/1306 3053/4/1306 3052/4/1306
f 3049/4/4 3047/4/4 3053/4/4
f 3047/4/4 3045/4/4 3053/4/4
f 3045/4/4 3055/4/4 3053/4/4
f 3052/4/1307 3053/4/1307 3055/4/1307
f 3055/4/1308 3045/4/1309 3044/4/1308
f 3054/4/2 3044/4/2 3046/4/2
f 3046/4/2 3048/4/2 3050/4/2
f 3050/4/2 3052/4/2 3046/4/2
f 3057/4/1303 3056/4/1303 3058/4/1303
f 3059/4/1304 3058/4/1304 3060/4/1304
f 3060/4/1305 3062/4/1305 3063/4/1305
f 3063/4/1306 3062/4/1306 3064/4/1306
f 3065/4/2 3061/4/2 3063/4/2
f 3064/4/1307 3066/4/1307 3067/4/1307
f 3067/4/1308 3066/4/1308 3056/4/1308
f 3064/4/4 3058/4/4 3066/4/4
f 3057/4/1303 3058/4/1303 3059/4/1303
f 3059/4/1304 3060/4/1304 3061/4/1304
f 3060/4/1305 3063/4/1305 3061/4/1305
f 3063/4/1306 3064/4/1306 3065/4/1306
f 3061/4/2 3065/4/2 3059/4/2
f 3059/4/2 3065/4/2 3057/4/2
f 3057/4/2 3065/4/2 3067/4/2
f 3064/4/1307 3067/4/1307 3065/4/1307
f 3067/4/1308 3056/4/1308 3057/4/1309
f 3066/4/4 3058/4/4 3056/4/4
f 3058/4/4 3062/4/4 3060/4/4
f 3062/4/4 3058/4/4 3064/4/4
f 3160/4/2 3163/4/2 3162/4/2
f 3162/4/375 3165/4/375 3164/4/375
f 3165/4/374 3166/4/374 3164/4/374
f 3167/4/4 3168/4/4 3166/4/4
f 3169/4/115 3167/4/115 3165/4/115
f 3168/4/373 3171/4/373 3170/4/373
f 3171/4/376 3160/4/376 3170/4/376
f 3166/4/116 3168/4/116 3170/4/116
f 3173/4/2 3174/4/2 3172/4/2
f 3174/4/375 3177/4/375 3176/4/375
f 3177/4/374 3178/4/374 3176/4/374
f 3178/4/4 3181/4/4 3180/4/4
f 3181/4/115 3179/4/115 3177/4/115
f 3180/4/373 3183/4/373 3182/4/373
f 3183/4/376 3172/4/376 3182/4/376
f 3178/4/116 3180/4/116 3182/4/116
f 3185/4/2 3186/4/2 3184/4/2
f 3187/4/375 3188/4/375 3186/4/375
f 3188/4/374 3191/4/374 3190/4/374
f 3191/4/4 3192/4/4 3190/4/4
f 3187/4/116 3198/4/116 3189/4/116
f 3192/4/373 3195/4/373 3194/4/373
f 3195/4/376 3184/4/376 3194/4/376
f 3190/4/116 3192/4/116 3194/4/116
f 3198/4/374 3205/4/374 3199/4/374
f 3193/4/116 3201/4/116 3195/4/116
f 3187/4/116 3196/4/116 3197/4/116
f 3191/4/116 3198/4/116 3199/4/116
f 3185/4/116 3201/4/116 3196/4/116
f 3191/4/116 3200/4/116 3193/4/116
f 3206/4/115 3205/4/115 3204/4/115
f 3196/4/2 3203/4/2 3197/4/2
f 3201/4/376 3202/4/376 3196/4/376
f 3199/4/4 3206/4/4 3200/4/4
f 3198/4/375 3203/4/375 3204/4/375
f 3200/4/373 3207/4/373 3201/4/373
f 3208/4/2 3211/4/2 3210/4/2
f 3211/4/375 3212/4/375 3210/4/375
f 3212/4/374 3215/4/374 3214/4/374
f 3215/4/4 3216/4/4 3214/4/4
f 3211/4/116 3222/4/116 3213/4/116
f 3217/4/373 3218/4/373 3216/4/373
f 3219/4/376 3208/4/376 3218/4/376
f 3214/4/116 3216/4/116 3218/4/116
f 3222/4/374 3229/4/374 3223/4/374
f 3217/4/116 3225/4/116 3219/4/116
f 3211/4/116 3220/4/116 3221/4/116
f 3215/4/116 3222/4/116 3223/4/116
f 3209/4/116 3225/4/116 3220/4/116
f 3215/4/116 3224/4/116 3217/4/116
f 3230/4/115 3229/4/115 3228/4/115
f 3221/4/2 3226/4/2 3227/4/2
f 3220/4/376 3231/4/376 3226/4/376
f 3223/4/4 3230/4/4 3224/4/4
f 3222/4/375 3227/4/375 3228/4/375
f 3224/4/373 3231/4/373 3225/4/373
f 3160/4/2 3161/4/2 3163/4/2
f 3162/4/375 3163/4/375 3165/4/375
f 3165/4/374 3167/4/374 3166/4/374
f 3167/4/4 3169/4/4 3168/4/4
f 3165/4/115 3163/4/115 3161/4/115
f 3161/4/115 3171/4/115 3165/4/115
f 3171/4/115 3169/4/115 3165/4/115
f 3168/4/373 3169/4/373 3171/4/373
f 3171/4/376 3161/4/376 3160/4/376
f 3170/4/116 3160/4/116 3162/4/116
f 3162/4/116 3164/4/116 3170/4/116
f 3164/4/116 3166/4/116 3170/4/116
f 3173/4/2 3175/4/2 3174/4/2
f 3174/4/375 3175/4/375 3177/4/375
f 3177/4/374 3179/4/374 3178/4/374
f 3178/4/4 3179/4/4 3181/4/4
f 3177/4/115 3175/4/115 3173/4/115
f 3173/4/115 3183/4/115 3177/4/115
f 3183/4/115 3181/4/115 3177/4/115
f 3180/4/373 3181/4/373 3183/4/373
f 3183/4/376 3173/4/376 3172/4/376
f 3182/4/116 3172/4/116 3174/4/116
f 3174/4/116 3176/4/116 3182/4/116
f 3176/4/116 3178/4/116 3182/4/116
f 3185/4/2 3187/4/2 3186/4/2
f 3187/4/375 3189/4/375 3188/4/375
f 3188/4/374 3189/4/374 3191/4/374
f 3191/4/4 3193/4/4 3192/4/4
f 3187/4/116 3197/4/116 3198/4/116
f 3192/4/373 3193/4/373 3195/4/373
f 3195/4/376 3185/4/376 3184/4/376
f 3194/4/116 3184/4/116 3186/4/116
f 3186/4/116 3188/4/116 3194/4/116
f 3188/4/116 3190/4/116 3194/4/116
f 3198/4/374 3204/4/374 3205/4/374
f 3193/4/116 3200/4/116 3201/4/116
f 3187/4/116 3185/4/116 3196/4/116
f 3191/4/116 3189/4/116 3198/4/116
f 3185/4/116 3195/4/116 3201/4/116
f 3191/4/116 3199/4/116 3200/4/116
f 3204/4/115 3203/4/115 3202/4/115
f 3202/4/115 3207/4/115 3204/4/115
f 3207/4/115 3206/4/115 3204/4/115
f 3196/4/2 3202/4/2 3203/4/2
f 3201/4/376 3207/4/376 3202/4/376
f 3199/4/4 3205/4/4 3206/4/4
f 3198/4/375 3197/4/375 3203/4/375
f 3200/4/373 3206/4/373 3207/4/373
f 3208/4/2 3209/4/2 3211/4/2
f 3211/4/375 3213/4/375 3212/4/375
f 3212/4/374 3213/4/374 3215/4/374
f 3215/4/4 3217/4/4 3216/4/4
f 3211/4/116 3221/4/116 3222/4/116
f 3217/4/373 3219/4/373 3218/4/373
f 3219/4/376 3209/4/376 3208/4/376
f 3218/4/116 3208/4/116 3210/4/116
f 3210/4/116 3212/4/116 3218/4/116
f 3212/4/116 3214/4/116 3218/4/116
f 3222/4/374 3228/4/374 3229/4/374
f 3217/4/116 3224/4/116 3225/4/116
f 3211/4/116 3209/4/116 3220/4/116
f 3215/4/116 3213/4/116 3222/4/116
f 3209/4/116 3219/4/116 3225/4/116
f 3215/4/116 3223/4/116 3224/4/116
f 3228/4/115 3227/4/115 3226/4/115
f 3226/4/115 3231/4/115 3228/4/115
f 3231/4/115 3230/4/115 3228/4/115
f 3221/4/2 3220/4/2 3226/4/2
f 3220/4/376 3225/4/376 3231/4/376
f 3223/4/4 3229/4/4 3230/4/4
f 3222/4/375 3221/4/375 3227/4/375
f 3224/4/373 3230/4/373 3231/4/373
f 2684/4/1120 2685/4/1120 2687/4/1120
f 2687/4/2 2691/4/2 2690/4/2
f 2691/4/1121 2689/4/1121 2688/4/1122
f 2688/4/4 2689/4/4 2685/4/4
f 2686/4/1123 2693/4/1123 2692/4/1123
f 2691/4/1124 2687/4/1124 2685/4/1124
f 2695/4/1125 2694/4/1125 2692/4/1125
f 2688/4/1122 2694/4/1126 2695/4/1126
f 2688/4/4 2684/4/4 2692/4/4
f 2690/4/2 2695/4/2 2693/4/2
f 2697/4/1127 2699/4/1127 2723/4/1127
f 2700/4/1128 2701/4/1128 2710/4/1128
f 2701/4/1128 2712/4/1128 2713/4/1128
f 2710/4/1128 2701/4/1128 2713/4/1128
f 2704/4/4 2697/4/4 2720/4/4
f 2696/4/4 2700/4/4 2711/4/4
f 2723/4/2 2699/4/2 2709/4/2
f 2698/4/2 2707/4/2 2712/4/2
f 2698/4/132 2701/4/132 2700/4/132
f 2708/4/1122 2705/4/1122 2722/4/1122
f 2705/4/1129 2708/4/1129 2709/4/1129
f 2709/4/1129 2699/4/1129 2697/4/1129
f 2697/4/1129 2704/4/1129 2709/4/1129
f 2716/4/1130 2706/4/1507 2707/4/1131
f 2702/4/1133 2703/4/1508 2719/4/1134
f 2713/4/1136 2712/4/1509 2707/4/1137
f 2702/4/1139 2711/4/1510 2710/4/1140
f 2703/4/1142 2710/4/1142 2713/4/1142
f 2718/4/1143 2719/4/1143 2736/4/1144
f 2729/4/1145 2716/4/1146 2717/4/1146
f 2716/4/1122 2719/4/1122 2703/4/1122
f 2698/4/2 2715/4/2 2717/4/2
f 2718/4/4 2714/4/4 2696/4/4
f 2714/4/1127 2715/4/1127 2698/4/1147
f 2708/4/1148 2724/4/1511 2721/4/1148
f 2725/4/1150 2722/4/1512 2705/4/1150
f 2724/4/1152 2722/4/1152 2737/4/1152
f 2723/4/2 2721/4/2 2735/4/2
f 2730/4/4 2725/4/4 2720/4/4
f 2720/4/1127 2723/4/1127 2726/4/1147
f 2732/4/1127 2727/4/1127 2715/4/1127
f 2733/4/1147 2726/4/1147 2727/4/1127
f 2731/4/4 2732/4/4 2714/4/4
f 2730/4/4 2733/4/4 2732/4/4
f 2715/4/2 2727/4/2 2734/4/2
f 2727/4/2 2726/4/2 2735/4/2
f 2729/4/1153 2736/4/1153 2719/4/1153
f 2728/4/1122 2737/4/1122 2736/4/1122
f 2728/4/1154 2735/4/1154 2721/4/1154
f 2728/4/1156 2729/4/1513 2734/4/1157
f 2725/4/1159 2730/4/1159 2737/4/1159
f 2731/4/1161 2736/4/1514 2737/4/1162
f 2739/4/1164 2741/4/1164 2740/4/1164
f 2740/4/2 2741/4/2 2745/4/2
f 2745/4/1165 2743/4/1165 2742/4/1165
f 2743/4/4 2739/4/4 2738/4/4
f 2742/4/4 2738/4/4 2746/4/4
f 2741/4/1166 2739/4/1166 2743/4/1166
f 2748/4/4 2746/4/4 2750/4/4
f 2744/4/2 2749/4/2 2747/4/2
f 2740/4/1167 2747/4/1167 2746/4/1167
f 2742/4/1168 2748/4/1168 2749/4/1168
f 2753/4/1169 2752/4/1169 2750/4/1169
f 2749/4/2 2753/4/2 2751/4/2
f 2748/4/1170 2752/4/1170 2753/4/1170
f 2747/4/1171 2751/4/1171 2750/4/1171
f 2755/4/1172 2757/4/1172 2771/4/1172
f 2757/4/2 2761/4/2 2772/4/2
f 2761/4/1173 2759/4/1173 2773/4/1173
f 2773/4/4 2759/4/4 2755/4/4
f 2760/4/1174 2758/4/1174 2754/4/1174
f 2755/4/1172 2762/4/1172 2763/4/1172
f 2762/4/4 2764/4/4 2768/4/4
f 2755/4/1176 2759/4/1176 2764/4/1176
f 2761/4/1177 2757/4/1177 2763/4/1177
f 2761/4/1173 2765/4/1173 2764/4/1173
f 2767/4/1178 2766/4/1178 2768/4/1178
f 2763/4/2 2767/4/2 2769/4/2
f 2765/4/1173 2769/4/1173 2768/4/1173
f 2762/4/1179 2766/4/1179 2767/4/1179
f 2773/4/1180 2770/4/1180 2754/4/1180
f 2772/4/1173 2773/4/1173 2758/4/1181
f 2756/4/1182 2771/4/1182 2772/4/1182
f 2770/4/1172 2771/4/1172 2756/4/1172
f 2769/4/1183 2777/4/1183 2776/4/1183
f 2766/4/1184 2774/4/1184 2775/4/1185
f 2766/4/2 2774/4/2 2776/4/2
f 2767/4/2 2775/4/2 2777/4/2
f 2776/4/2 2774/4/2 2778/4/2
f 2777/4/2 2775/4/2 2779/4/2
f 2777/4/1186 2781/4/1186 2780/4/1186
f 2774/4/1187 2778/4/1187 2779/4/1187
f 2781/4/1188 2785/4/1188 2784/4/1188
f 2778/4/1189 2782/4/1189 2783/4/1189
f 2780/4/2 2778/4/2 2782/4/2
f 2781/4/2 2779/4/2 2783/4/2
f 2786/4/1118 2787/4/1118 2789/4/1118
f 2789/4/111 2791/4/111 2790/4/111
f 2791/4/1119 2793/4/1119 2792/4/1119
f 2792/4/462 2793/4/462 2795/4/462
f 2791/4/4 2789/4/4 2795/4/4
f 2789/4/4 2787/4/4 2795/4/4
f 2787/4/4 2797/4/4 2795/4/4
f 2795/4/113 2797/4/113 2796/4/113
f 2797/4/463 2787/4/463 2786/4/463
f 2796/4/2 2786/4/2 2788/4/2
f 2788/4/2 2790/4/2 2792/4/2
f 2792/4/2 2794/4/2 2788/4/2
f 3009/4/1286 3011/4/1286 3010/4/1286
f 3011/4/111 3013/4/111 3012/4/111
f 3013/4/1287 3015/4/1287 3014/4/1287
f 3015/4/1288 3017/4/1288 3016/4/1288
f 3013/4/115 3011/4/115 3009/4/115
f 3009/4/115 3019/4/115 3017/4/115
f 3017/4/115 3015/4/115 3009/4/115
f 3017/4/113 3019/4/113 3018/4/113
f 3018/4/1289 3019/4/1289 3009/4/1289
f 3018/4/116 3008/4/116 3014/4/116
f 3008/4/116 3010/4/116 3014/4/116
f 3010/4/116 3012/4/116 3014/4/116
f 2351/4/281 3237/4/281 2379/4/281
f 2351/4/282 3235/4/282 3233/4/282
f 2381/4/280 3237/4/280 3239/4/280
f 2380/4/278 3236/4/278 2378/4/278
f 2340/4/275 3235/4/275 2377/4/275
f 2376/4/276 3232/4/276 2340/4/276
f 2381/4/279 3238/4/279 2380/4/279
f 2378/4/277 3234/4/277 2376/4/277
f 2351/4/281 3233/4/281 3237/4/281
f 2351/4/282 2377/4/282 3235/4/282
f 2381/4/280 2379/4/280 3237/4/280
f 2380/4/278 3238/4/278 3236/4/278
f 2340/4/275 3232/4/275 3235/4/275
f 2376/4/276 3234/4/276 3232/4/276
f 2381/4/279 3239/4/279 3238/4/279
f 2378/4/277 3236/4/277 3234/4/277
f 2585/5/113 2579/5/113 2586/5/113
f 2579/5/1114 2588/5/1114 2586/5/1114
f 2588/5/111 2581/5/111 2590/5/111
f 2590/5/1115 2577/5/1115 2585/5/1115
f 2582/5/116 2576/5/116 2578/5/116
f 2579/5/115 2581/5/115 2583/5/115
f 2580/5/1116 2584/5/1116 2576/5/1116
f 2591/5/4 2585/5/4 2584/5/4
f 2582/5/111 2591/5/111 2580/5/111
f 2588/5/111 2591/5/111 2589/5/111
f 2578/5/1117 2589/5/1117 2582/5/1117
f 2586/5/2 2589/5/2 2587/5/2
f 2576/5/113 2587/5/113 2578/5/113
f 2585/5/113 2587/5/113 2584/5/113
f 2593/5/1118 2594/5/1118 2592/5/1118
f 2595/5/111 2596/5/111 2594/5/111
f 2597/5/1119 2598/5/1119 2596/5/1119
f 2599/5/462 2600/5/462 2598/5/462
f 2601/5/4 2599/5/4 2597/5/4
f 2601/5/113 2602/5/113 2600/5/113
f 2603/5/463 2592/5/463 2602/5/463
f 2600/5/2 2602/5/2 2594/5/2
f 2605/5/275 2606/5/275 2604/5/275
f 2606/5/276 2609/5/276 2608/5/276
f 2609/5/277 2610/5/277 2608/5/277
f 2611/5/278 2612/5/278 2610/5/278
f 2613/5/279 2614/5/279 2612/5/279
f 2615/5/280 2616/5/280 2614/5/280
f 2617/5/113 2635/5/113 2619/5/113
f 2617/5/281 2618/5/281 2616/5/281
f 2619/5/282 2604/5/282 2618/5/282
f 2607/5/113 2625/5/113 2609/5/113
f 2614/5/111 2628/5/111 2612/5/111
f 2613/5/113 2631/5/113 2615/5/113
f 2610/5/111 2624/5/111 2608/5/111
f 2604/5/111 2634/5/111 2618/5/111
f 2604/5/111 2621/5/111 2620/5/111
f 2611/5/113 2625/5/113 2627/5/113
f 2605/5/113 2635/5/113 2623/5/113
f 2607/5/113 2623/5/113 2622/5/113
f 2616/5/111 2630/5/111 2614/5/111
f 2615/5/113 2633/5/113 2617/5/113
f 2610/5/111 2628/5/111 2626/5/111
f 2611/5/113 2629/5/113 2613/5/113
f 2606/5/111 2624/5/111 2621/5/111
f 2618/5/111 2632/5/111 2616/5/111
f 2637/5/1118 2638/5/1118 2636/5/1118
f 2639/5/111 2640/5/111 2638/5/111
f 2640/5/1119 2643/5/1119 2642/5/1119
f 2643/5/462 2644/5/462 2642/5/462
f 2643/5/4 2641/5/4 2637/5/4
f 2645/5/113 2646/5/113 2644/5/113
f 2647/5/463 2636/5/463 2646/5/463
f 2642/5/2 2644/5/2 2646/5/2
f 2649/5/1118 2650/5/1118 2648/5/1118
f 2651/5/111 2652/5/111 2650/5/111
f 2653/5/1119 2654/5/1119 2652/5/1119
f 2655/5/462 2656/5/462 2654/5/462
f 2649/5/4 2657/5/4 2653/5/4
f 2657/5/113 2658/5/113 2656/5/113
f 2659/5/463 2648/5/463 2658/5/463
f 2654/5/2 2656/5/2 2658/5/2
f 2661/5/2 2674/5/2 2673/5/2
f 2674/5/375 2665/5/375 2676/5/375
f 2665/5/374 2678/5/374 2676/5/374
f 2678/5/4 2669/5/4 2680/5/4
f 2661/5/115 2669/5/115 2665/5/115
f 2680/5/373 2671/5/373 2682/5/373
f 2671/5/376 2673/5/376 2682/5/376
f 2666/5/116 2668/5/116 2670/5/116
f 2670/5/376 2672/5/376 2660/5/376
f 2668/5/373 2683/5/373 2670/5/373
f 2679/5/4 2668/5/4 2666/5/4
f 2677/5/374 2666/5/374 2664/5/374
f 2662/5/375 2677/5/375 2664/5/375
f 2660/5/2 2675/5/2 2662/5/2
f 2914/5/2 2897/5/2 2915/5/2
f 2897/5/1208 2916/5/1208 2915/5/1208
f 2898/5/1014 2917/5/1209 2916/5/1209
f 2899/5/4 2918/5/4 2917/5/4
f 2900/5/115 2899/5/115 2898/5/115
f 2918/5/373 2901/5/373 2919/5/373
f 2901/5/1210 2914/5/376 2919/5/376
f 2909/5/4 2902/5/4 2908/5/4
f 2909/5/1209 2904/5/374 2903/5/374
f 2911/5/1208 2904/5/1208 2910/5/1208
f 2911/5/2 2906/5/2 2905/5/2
f 2907/5/115 2902/5/115 2904/5/115
f 2913/5/1211 2906/5/1211 2912/5/1211
f 2913/5/1212 2902/5/1212 2907/5/373
f 2914/5/2 2896/5/2 2897/5/2
f 2897/5/1208 2898/5/1208 2916/5/1208
f 2898/5/1014 2899/5/374 2917/5/1209
f 2899/5/4 2900/5/4 2918/5/4
f 2898/5/115 2897/5/115 2896/5/115
f 2896/5/115 2901/5/115 2898/5/115
f 2901/5/115 2900/5/115 2898/5/115
f 2918/5/1212 2900/5/1212 2901/5/1212
f 2901/5/1210 2896/5/1210 2914/5/376
f 2909/5/4 2903/5/4 2902/5/4
f 2909/5/1209 2910/5/1209 2904/5/374
f 2911/5/375 2905/5/375 2904/5/375
f 2911/5/2 2912/5/2 2906/5/2
f 2902/5/115 2903/5/115 2904/5/115
f 2904/5/115 2905/5/115 2906/5/115
f 2906/5/115 2907/5/115 2904/5/115
f 2913/5/376 2907/5/376 2906/5/376
f 2913/5/1212 2908/5/1213 2902/5/1212
f 3068/5/1297 3071/5/1297 3070/5/1297
f 3071/5/1298 3072/5/1298 3070/5/1298
f 3073/5/1299 3074/5/1299 3072/5/1299
f 3075/5/1300 3076/5/1300 3074/5/1300
f 3075/5/4 3073/5/4 3069/5/4
f 3077/5/1301 3078/5/1301 3076/5/1301
f 3079/5/1302 3068/5/1302 3078/5/1302
f 3074/5/2 3076/5/2 3078/5/2
f 3081/5/1303 3082/5/1303 3080/5/1303
f 3083/5/1310 3084/5/1310 3082/5/1310
f 3084/5/1311 3087/5/1311 3086/5/1311
f 3087/5/1306 3088/5/1306 3086/5/1306
f 3089/5/4 3087/5/4 3085/5/4
f 3088/5/1312 3091/5/1312 3090/5/1312
f 3091/5/1308 3080/5/1308 3090/5/1308
f 3086/5/2 3088/5/2 3090/5/2
f 3068/5/1297 3069/5/1297 3071/5/1297
f 3071/5/1298 3073/5/1298 3072/5/1298
f 3073/5/1299 3075/5/1299 3074/5/1299
f 3075/5/1300 3077/5/1300 3076/5/1300
f 3073/5/4 3071/5/4 3069/5/4
f 3069/5/4 3079/5/4 3077/5/4
f 3077/5/4 3075/5/4 3069/5/4
f 3077/5/1301 3079/5/1301 3078/5/1301
f 3079/5/1302 3069/5/1302 3068/5/1302
f 3078/5/2 3068/5/2 3074/5/2
f 3068/5/2 3070/5/2 3074/5/2
f 3070/5/2 3072/5/2 3074/5/2
f 3081/5/1303 3083/5/1303 3082/5/1303
f 3083/5/1310 3085/5/1310 3084/5/1310
f 3084/5/1311 3085/5/1311 3087/5/1311
f 3087/5/1306 3089/5/1306 3088/5/1306
f 3085/5/4 3083/5/4 3081/5/4
f 3081/5/4 3091/5/4 3085/5/4
f 3091/5/4 3089/5/4 3085/5/4
f 3088/5/1312 3089/5/1312 3091/5/1312
f 3091/5/1308 3081/5/1308 3080/5/1308
f 3090/5/2 3080/5/2 3082/5/2
f 3082/5/2 3084/5/2 3090/5/2
f 3084/5/2 3086/5/2 3090/5/2
f 3093/5/1118 3094/5/1118 3092/5/1118
f 3094/5/111 3097/5/111 3096/5/111
f 3097/5/1119 3098/5/1119 3096/5/1119
f 3098/5/462 3101/5/462 3100/5/462
f 3093/5/4 3101/5/4 3097/5/4
f 3101/5/113 3102/5/113 3100/5/113
f 3103/5/463 3092/5/463 3102/5/463
f 3094/5/2 3098/5/2 3102/5/2
f 3105/5/1118 3106/5/1118 3104/5/1118
f 3107/5/111 3108/5/111 3106/5/111
f 3109/5/1119 3110/5/1119 3108/5/1119
f 3110/5/462 3113/5/462 3112/5/462
f 3113/5/4 3111/5/4 3109/5/4
f 3112/5/113 3115/5/113 3114/5/113
f 3115/5/463 3104/5/463 3114/5/463
f 3112/5/2 3114/5/2 3106/5/2
f 3117/5/1118 3118/5/1118 3116/5/1118
f 3119/5/111 3120/5/111 3118/5/111
f 3121/5/1119 3122/5/1119 3120/5/1119
f 3123/5/462 3124/5/462 3122/5/462
f 3123/5/4 3121/5/4 3117/5/4
f 3125/5/113 3126/5/113 3124/5/113
f 3127/5/463 3116/5/463 3126/5/463
f 3122/5/2 3124/5/2 3126/5/2
f 2585/5/113 2577/5/113 2579/5/113
f 2579/5/1114 2583/5/1114 2588/5/1114
f 2588/5/111 2583/5/111 2581/5/111
f 2590/5/1115 2581/5/1115 2577/5/1115
f 2582/5/116 2580/5/116 2576/5/116
f 2579/5/115 2577/5/115 2581/5/115
f 2580/5/1116 2591/5/1116 2584/5/1116
f 2591/5/4 2590/5/4 2585/5/4
f 2582/5/111 2589/5/111 2591/5/111
f 2588/5/111 2590/5/111 2591/5/111
f 2578/5/1117 2587/5/1117 2589/5/1117
f 2586/5/2 2588/5/2 2589/5/2
f 2576/5/113 2584/5/113 2587/5/113
f 2585/5/113 2586/5/113 2587/5/113
f 2593/5/1118 2595/5/1118 2594/5/1118
f 2595/5/111 2597/5/111 2596/5/111
f 2597/5/1119 2599/5/1119 2598/5/1119
f 2599/5/462 2601/5/462 2600/5/462
f 2597/5/4 2595/5/4 2601/5/4
f 2595/5/4 2593/5/4 2601/5/4
f 2593/5/4 2603/5/4 2601/5/4
f 2601/5/113 2603/5/113 2602/5/113
f 2603/5/463 2593/5/463 2592/5/463
f 2602/5/2 2592/5/2 2594/5/2
f 2594/5/2 2596/5/2 2598/5/2
f 2598/5/2 2600/5/2 2594/5/2
f 2605/5/275 2607/5/275 2606/5/275
f 2606/5/276 2607/5/276 2609/5/276
f 2609/5/277 2611/5/277 2610/5/277
f 2611/5/278 2613/5/278 2612/5/278
f 2613/5/279 2615/5/279 2614/5/279
f 2615/5/280 2617/5/280 2616/5/280
f 2617/5/113 2633/5/113 2635/5/113
f 2617/5/281 2619/5/281 2618/5/281
f 2619/5/282 2605/5/282 2604/5/282
f 2607/5/113 2622/5/113 2625/5/113
f 2614/5/111 2630/5/111 2628/5/111
f 2613/5/113 2629/5/113 2631/5/113
f 2610/5/111 2626/5/111 2624/5/111
f 2604/5/111 2620/5/111 2634/5/111
f 2604/5/111 2606/5/111 2621/5/111
f 2611/5/113 2609/5/113 2625/5/113
f 2605/5/113 2619/5/113 2635/5/113
f 2607/5/113 2605/5/113 2623/5/113
f 2616/5/111 2632/5/111 2630/5/111
f 2615/5/113 2631/5/113 2633/5/113
f 2610/5/111 2612/5/111 2628/5/111
f 2611/5/113 2627/5/113 2629/5/113
f 2606/5/111 2608/5/111 2624/5/111
f 2618/5/111 2634/5/111 2632/5/111
f 2637/5/1118 2639/5/1118 2638/5/1118
f 2639/5/111 2641/5/111 2640/5/111
f 2640/5/1119 2641/5/1119 2643/5/1119
f 2643/5/462 2645/5/462 2644/5/462
f 2641/5/4 2639/5/4 2637/5/4
f 2637/5/4 2647/5/4 2645/5/4
f 2645/5/4 2643/5/4 2637/5/4
f 2645/5/113 2647/5/113 2646/5/113
f 2647/5/463 2637/5/463 2636/5/463
f 2646/5/2 2636/5/2 2642/5/2
f 2636/5/2 2638/5/2 2642/5/2
f 2638/5/2 2640/5/2 2642/5/2
f 2649/5/1118 2651/5/1118 2650/5/1118
f 2651/5/111 2653/5/111 2652/5/111
f 2653/5/1119 2655/5/1119 2654/5/1119
f 2655/5/462 2657/5/462 2656/5/462
f 2653/5/4 2651/5/4 2649/5/4
f 2649/5/4 2659/5/4 2657/5/4
f 2657/5/4 2655/5/4 2653/5/4
f 2657/5/113 2659/5/113 2658/5/113
f 2659/5/463 2649/5/463 2648/5/463
f 2658/5/2 2648/5/2 2650/5/2
f 2650/5/2 2652/5/2 2658/5/2
f 2652/5/2 2654/5/2 2658/5/2
f 2661/5/2 2663/5/2 2674/5/2
f 2674/5/375 2663/5/375 2665/5/375
f 2665/5/374 2667/5/374 2678/5/374
f 2678/5/4 2667/5/4 2669/5/4
f 2665/5/115 2663/5/115 2661/5/115
f 2661/5/115 2671/5/115 2669/5/115
f 2669/5/115 2667/5/115 2665/5/115
f 2680/5/373 2669/5/373 2671/5/373
f 2671/5/376 2661/5/376 2673/5/376
f 2670/5/116 2660/5/116 2666/5/116
f 2660/5/116 2662/5/116 2666/5/116
f 2662/5/116 2664/5/116 2666/5/116
f 2670/5/376 2683/5/376 2672/5/376
f 2668/5/373 2681/5/373 2683/5/373
f 2679/5/4 2681/5/4 2668/5/4
f 2677/5/374 2679/5/374 2666/5/374
f 2662/5/375 2675/5/375 2677/5/375
f 2660/5/2 2672/5/2 2675/5/2
f 3093/5/1118 3095/5/1118 3094/5/1118
f 3094/5/111 3095/5/111 3097/5/111
f 3097/5/1119 3099/5/1119 3098/5/1119
f 3098/5/462 3099/5/462 3101/5/462
f 3097/5/4 3095/5/4 3093/5/4
f 3093/5/4 3103/5/4 3101/5/4
f 3101/5/4 3099/5/4 3097/5/4
f 3101/5/113 3103/5/113 3102/5/113
f 3103/5/463 3093/5/463 3092/5/463
f 3102/5/2 3092/5/2 3094/5/2
f 3094/5/2 3096/5/2 3098/5/2
f 3098/5/2 3100/5/2 3102/5/2
f 3105/5/1118 3107/5/1118 3106/5/1118
f 3107/5/111 3109/5/111 3108/5/111
f 3109/5/1119 3111/5/1119 3110/5/1119
f 3110/5/462 3111/5/462 3113/5/462
f 3109/5/4 3107/5/4 3113/5/4
f 3107/5/4 3105/5/4 3113/5/4
f 3105/5/4 3115/5/4 3113/5/4
f 3112/5/113 3113/5/113 3115/5/113
f 3115/5/463 3105/5/463 3104/5/463
f 3114/5/2 3104/5/2 3106/5/2
f 3106/5/2 3108/5/2 3110/5/2
f 3110/5/2 3112/5/2 3106/5/2
f 3117/5/1118 3119/5/1118 3118/5/1118
f 3119/5/111 3121/5/111 3120/5/111
f 3121/5/1119 3123/5/1119 3122/5/1119
f 3123/5/462 3125/5/462 3124/5/462
f 3121/5/4 3119/5/4 3117/5/4
f 3117/5/4 3127/5/4 3125/5/4
f 3125/5/4 3123/5/4 3117/5/4
f 3125/5/113 3127/5/113 3126/5/113
f 3127/5/463 3117/5/463 3116/5/463
f 3126/5/2 3116/5/2 3122/5/2
f 3116/5/2 3118/5/2 3122/5/2
f 3118/5/2 3120/5/2 3122/5/2
f 2799/7/1118 2800/7/1118 2798/7/1118
f 2801/7/111 2802/7/111 2800/7/111
f 2803/7/1119 2804/7/1119 2802/7/1119
f 2805/7/462 2806/7/462 2804/7/462
f 2807/7/4 2805/7/4 2803/7/4
f 2807/7/113 2808/7/113 2806/7/113
f 2809/7/463 2798/7/463 2808/7/463
f 2806/7/2 2808/7/2 2800/7/2
f 2811/7/1118 2812/7/1118 2810/7/1118
f 2813/7/111 2814/7/111 2812/7/111
f 2815/7/1119 2816/7/1119 2814/7/1119
f 2817/7/462 2818/7/462 2816/7/462
f 2819/7/4 2817/7/4 2815/7/4
f 2819/7/113 2820/7/113 2818/7/113
f 2821/7/463 2810/7/463 2820/7/463
f 2818/7/2 2820/7/2 2812/7/2
f 2823/7/1118 2824/7/1118 2822/7/1118
f 2825/7/111 2826/7/111 2824/7/111
f 2827/7/1119 2828/7/1119 2826/7/1119
f 2829/7/462 2830/7/462 2828/7/462
f 2831/7/4 2829/7/4 2827/7/4
f 2831/7/113 2832/7/113 2830/7/113
f 2833/7/463 2822/7/463 2832/7/463
f 2830/7/2 2832/7/2 2824/7/2
f 2835/7/1118 2836/7/1118 2834/7/1118
f 2837/7/111 2838/7/111 2836/7/111
f 2839/7/1119 2840/7/1119 2838/7/1119
f 2841/7/462 2842/7/462 2840/7/462
f 2843/7/4 2841/7/4 2839/7/4
f 2843/7/113 2844/7/113 2842/7/113
f 2845/7/463 2834/7/463 2844/7/463
f 2836/7/2 2840/7/2 2844/7/2
f 2847/7/1118 2848/7/1118 2846/7/1118
f 2849/7/111 2850/7/111 2848/7/111
f 2851/7/1119 2852/7/1119 2850/7/1119
f 2853/7/462 2854/7/462 2852/7/462
f 2847/7/4 2855/7/4 2851/7/4
f 2855/7/113 2856/7/113 2854/7/113
f 2857/7/463 2846/7/463 2856/7/463
f 2854/7/2 2856/7/2 2848/7/2
f 2859/7/1118 2860/7/1118 2858/7/1118
f 2861/7/111 2862/7/111 2860/7/111
f 2863/7/1119 2864/7/1119 2862/7/1119
f 2865/7/462 2866/7/462 2864/7/462
f 2859/7/4 2867/7/4 2863/7/4
f 2867/7/113 2868/7/113 2866/7/113
f 2869/7/463 2858/7/463 2868/7/463
f 2862/7/4 2871/7/4 2860/7/4
f 2871/7/111 2877/7/111 2876/7/111
f 2868/7/4 2874/7/4 2866/7/4
f 2860/7/4 2870/7/4 2858/7/4
f 2864/7/4 2872/7/4 2862/7/4
f 2868/7/4 2870/7/4 2894/7/4
f 2866/7/4 2873/7/4 2864/7/4
f 2876/7/1190 2888/7/1190 2875/7/1190
f 2874/7/116 2882/7/116 2879/7/116
f 2873/7/1119 2877/7/1119 2872/7/1119
f 2871/7/1118 2875/7/1118 2870/7/1118
f 2870/7/1191 2895/7/1191 2894/7/1191
f 2874/7/1192 2878/7/1192 2873/7/1192
f 2881/7/1193 2887/7/1193 2885/7/1193
f 2894/7/4 2880/7/4 2874/7/4
f 2895/7/115 2881/7/115 2894/7/115
f 2879/7/2 2883/7/2 2895/7/2
f 2885/7/113 2886/7/113 2884/7/113
f 2881/7/4 2884/7/4 2880/7/4
f 2880/7/1194 2886/7/1194 2882/7/1194
f 2882/7/1195 2887/7/1195 2883/7/1195
f 2889/7/2 2891/7/2 2893/7/2
f 2875/7/1196 2893/7/1197 2895/7/1198
f 2878/7/1199 2892/7/1200 2891/7/1201
f 2877/7/1202 2889/7/1203 2876/7/1203
f 2895/7/1204 2892/7/1204 2879/7/1204
f 2877/7/1205 2891/7/1205 2890/7/1205
f 2865/7/462 2867/7/462 2866/7/462
f 2863/7/1119 2865/7/1119 2864/7/1119
f 2861/7/111 2863/7/111 2862/7/111
f 2859/7/1118 2861/7/1118 2860/7/1118
f 2863/7/4 2861/7/4 2859/7/4
f 2859/7/4 2869/7/4 2867/7/4
f 2867/7/4 2865/7/4 2863/7/4
f 2867/7/113 2869/7/113 2868/7/113
f 2869/7/463 2859/7/463 2858/7/463
f 2862/7/4 2872/7/4 2871/7/4
f 2871/7/111 2872/7/111 2877/7/111
f 2868/7/4 2894/7/4 2874/7/4
f 2860/7/4 2871/7/4 2870/7/4
f 2864/7/4 2873/7/4 2872/7/4
f 2868/7/4 2858/7/4 2870/7/4
f 2866/7/4 2874/7/4 2873/7/4
f 2876/7/1190 2889/7/1190 2888/7/1190
f 2874/7/116 2880/7/116 2882/7/116
f 2873/7/1119 2878/7/1119 2877/7/1119
f 2871/7/1118 2876/7/1118 2875/7/1118
f 2870/7/1191 2875/7/1191 2895/7/1191
f 2874/7/1192 2879/7/1192 2878/7/1192
f 2881/7/1193 2883/7/1193 2887/7/1193
f 2894/7/4 2881/7/4 2880/7/4
f 2895/7/115 2883/7/115 2881/7/115
f 2879/7/2 2882/7/2 2883/7/2
f 2885/7/113 2887/7/113 2886/7/113
f 2881/7/4 2885/7/4 2884/7/4
f 2880/7/1194 2884/7/1194 2886/7/1194
f 2882/7/1195 2886/7/1195 2887/7/1195
f 2893/7/2 2888/7/2 2889/7/2
f 2889/7/2 2890/7/2 2891/7/2
f 2891/7/2 2892/7/2 2893/7/2
f 2875/7/1196 2888/7/1206 2893/7/1197
f 2878/7/1199 2879/7/1207 2892/7/1200
f 2877/7/1202 2890/7/1202 2889/7/1203
f 2895/7/1204 2893/7/1204 2892/7/1204
f 2877/7/1205 2878/7/1205 2891/7/1205
f 2799/7/1118 2801/7/1118 2800/7/1118
f 2801/7/111 2803/7/111 2802/7/111
f 2803/7/1119 2805/7/1119 2804/7/1119
f 2805/7/462 2807/7/462 2806/7/462
f 2803/7/4 2801/7/4 2807/7/4
f 2801/7/4 2799/7/4 2807/7/4
f 2799/7/4 2809/7/4 2807/7/4
f 2807/7/113 2809/7/113 2808/7/113
f 2809/7/463 2799/7/463 2798/7/463
f 2808/7/2 2798/7/2 2800/7/2
f 2800/7/2 2802/7/2 2804/7/2
f 2804/7/2 2806/7/2 2800/7/2
f 2811/7/1118 2813/7/1118 2812/7/1118
f 2813/7/111 2815/7/111 2814/7/111
f 2815/7/1119 2817/7/1119 2816/7/1119
f 2817/7/462 2819/7/462 2818/7/462
f 2815/7/4 2813/7/4 2819/7/4
f 2813/7/4 2811/7/4 2819/7/4
f 2811/7/4 2821/7/4 2819/7/4
f 2819/7/113 2821/7/113 2820/7/113
f 2821/7/463 2811/7/463 2810/7/463
f 2820/7/2 2810/7/2 2812/7/2
f 2812/7/2 2814/7/2 2816/7/2
f 2816/7/2 2818/7/2 2812/7/2
f 2823/7/1118 2825/7/1118 2824/7/1118
f 2825/7/111 2827/7/111 2826/7/111
f 2827/7/1119 2829/7/1119 2828/7/1119
f 2829/7/462 2831/7/462 2830/7/462
f 2827/7/4 2825/7/4 2831/7/4
f 2825/7/4 2823/7/4 2831/7/4
f 2823/7/4 2833/7/4 2831/7/4
f 2831/7/113 2833/7/113 2832/7/113
f 2833/7/463 2823/7/463 2822/7/463
f 2832/7/2 2822/7/2 2824/7/2
f 2824/7/2 2826/7/2 2828/7/2
f 2828/7/2 2830/7/2 2824/7/2
f 2835/7/1118 2837/7/1118 2836/7/1118
f 2837/7/111 2839/7/111 2838/7/111
f 2839/7/1119 2841/7/1119 2840/7/1119
f 2841/7/462 2843/7/462 2842/7/462
f 2839/7/4 2837/7/4 2835/7/4
f 2835/7/4 2845/7/4 2839/7/4
f 2845/7/4 2843/7/4 2839/7/4
f 2843/7/113 2845/7/113 2844/7/113
f 2845/7/463 2835/7/463 2834/7/463
f 2844/7/2 2834/7/2 2836/7/2
f 2836/7/2 2838/7/2 2840/7/2
f 2840/7/2 2842/7/2 2844/7/2
f 2847/7/1118 2849/7/1118 2848/7/1118
f 2849/7/111 2851/7/111 2850/7/111
f 2851/7/1119 2853/7/1119 2852/7/1119
f 2853/7/462 2855/7/462 2854/7/462
f 2851/7/4 2849/7/4 2847/7/4
f 2847/7/4 2857/7/4 2855/7/4
f 2855/7/4 2853/7/4 2851/7/4
f 2855/7/113 2857/7/113 2856/7/113
f 2857/7/463 2847/7/463 2846/7/463
f 2856/7/2 2846/7/2 2848/7/2
f 2848/7/2 2850/7/2 2852/7/2
f 2852/7/2 2854/7/2 2848/7/2
f 3129/1/1313 3146/1/1313 3145/1/1313
f 3131/1/1314 3148/1/1315 3146/1/1314
f 3133/1/1316 3150/1/1317 3148/1/1316
f 3150/1/1318 3137/1/1318 3152/1/1318
f 3137/1/1319 3154/1/1320 3152/1/1319
f 3139/1/1321 3156/1/1321 3154/1/1321
f 3129/1/115 3141/1/115 3137/1/115
f 3141/1/1322 3158/1/1322 3156/1/1322
f 3158/1/1323 3129/1/1324 3145/1/1324
f 3134/1/116 3138/1/116 3142/1/116
f 3159/1/1325 3128/1/1326 3142/1/1325
f 3158/1/1327 3144/1/1327 3159/1/1327
f 3157/1/1328 3142/1/1329 3140/1/1328
f 3156/1/1330 3159/1/1330 3157/1/1330
f 3155/1/1331 3140/1/1332 3138/1/1331
f 3154/1/1333 3157/1/1333 3155/1/1333
f 3136/1/1334 3155/1/1334 3138/1/1334
f 3152/1/1335 3155/1/1335 3153/1/1335
f 3134/1/1336 3153/1/1337 3136/1/1337
f 3150/1/1338 3153/1/1338 3151/1/1338
f 3132/1/1339 3151/1/1340 3134/1/1340
f 3148/1/1341 3151/1/1341 3149/1/1341
f 3147/1/1342 3132/1/1343 3130/1/1342
f 3146/1/1344 3149/1/1344 3147/1/1344
f 3128/1/1345 3147/1/1346 3130/1/1346
f 3145/1/1347 3147/1/1347 3144/1/1347
f 3129/1/1313 3131/1/1313 3146/1/1313
f 3131/1/1314 3133/1/1315 3148/1/1315
f 3133/1/1316 3135/1/1317 3150/1/1317
f 3150/1/1318 3135/1/1318 3137/1/1318
f 3137/1/1319 3139/1/1320 3154/1/1320
f 3139/1/1321 3141/1/1321 3156/1/1321
f 3133/1/115 3131/1/115 3129/1/115
f 3129/1/115 3143/1/115 3141/1/115
f 3141/1/115 3139/1/115 3137/1/115
f 3137/1/115 3135/1/115 3133/1/115
f 3133/1/115 3129/1/115 3137/1/115
f 3141/1/1322 3143/1/1322 3158/1/1322
f 3158/1/1323 3143/1/1323 3129/1/1324
f 3142/1/116 3128/1/116 3134/1/116
f 3128/1/116 3130/1/116 3134/1/116
f 3130/1/116 3132/1/116 3134/1/116
f 3134/1/116 3136/1/116 3138/1/116
f 3138/1/116 3140/1/116 3142/1/116
f 3159/1/1325 3144/1/1326 3128/1/1326
f 3158/1/1327 3145/1/1327 3144/1/1327
f 3157/1/1328 3159/1/1329 3142/1/1329
f 3156/1/1330 3158/1/1330 3159/1/1330
f 3155/1/1331 3157/1/1332 3140/1/1332
f 3154/1/1333 3156/1/1333 3157/1/1333
f 3136/1/1334 3153/1/1515 3155/1/1334
f 3152/1/1335 3154/1/1335 3155/1/1335
f 3134/1/1336 3151/1/1336 3153/1/1337
f 3150/1/1338 3152/1/1338 3153/1/1338
f 3132/1/1339 3149/1/1339 3151/1/1340
f 3148/1/1341 3150/1/1341 3151/1/1341
f 3147/1/1342 3149/1/1343 3132/1/1343
f 3146/1/1344 3148/1/1344 3149/1/1344
f 3128/1/1345 3144/1/1345 3147/1/1346
f 3145/1/1347 3146/1/1347 3147/1/1347
