# Material-color atlas conversion for FMUR / Minecraft 1.7.10
# Shared texture: AKM.png
# Blender 5.2.0 LTS
# www.blender.org
o AKM_Magazine
v -0.075526 0.506234 -0.003511
v -0.074943 0.485252 0.032845
v -0.013367 0.509050 -0.001627
v -0.012814 0.489155 0.032845
v -0.013367 0.509050 0.067316
v -0.014473 0.548838 0.067316
v -0.015025 0.568733 0.032845
v -0.014473 0.548838 -0.001627
v 0.027727 0.514376 0.005619
v 0.028163 0.498663 0.032845
v 0.027727 0.514376 0.060071
v 0.026854 0.545802 0.060071
v 0.026417 0.561515 0.032845
v 0.026854 0.545802 0.005619
v 0.067613 0.522670 0.018059
v 0.067851 0.514136 0.032845
v 0.067613 0.522670 0.047631
v 0.067139 0.539736 0.047631
v 0.066902 0.548270 0.032845
v 0.067139 0.539736 0.018059
v 0.093693 0.528628 0.027120
v 0.093785 0.525324 0.032845
v 0.093693 0.528628 0.038570
v 0.093509 0.535236 0.038570
v 0.093417 0.538540 0.032845
v 0.093509 0.535236 0.027120
v -0.433133 0.485660 -0.021929
v -0.165221 0.496556 -0.015953
v -0.432254 0.454048 0.032845
v -0.164438 0.468393 0.032845
v -0.433133 0.485660 0.087619
v -0.165220 0.496556 0.081643
v -0.434890 0.548883 0.087619
v -0.166786 0.552881 0.081643
v -0.435768 0.580495 0.032845
v -0.167568 0.581043 0.032845
v -0.434890 0.548883 -0.021929
v -0.166786 0.552881 -0.015953
v -0.135035 0.501419 -0.008986
v -0.134364 0.477277 0.032845
v -0.135035 0.501419 0.074675
v -0.136377 0.549702 0.074675
v -0.137048 0.573843 0.032845
v -0.136377 0.549702 -0.008985
v -0.081433 0.502908 -0.008986
v -0.080762 0.478767 0.032845
v -0.081433 0.502908 0.074675
v -0.082774 0.551191 0.074675
v -0.083445 0.575332 0.032845
v -0.082774 0.551191 -0.008986
v -0.075500 0.505275 -0.005174
v -0.074890 0.483333 0.032845
v -0.075500 0.505275 0.070863
v -0.076719 0.549158 0.070863
v -0.077329 0.571099 0.032845
v -0.076719 0.549158 -0.005174
v -0.075526 0.506234 0.069201
v -0.076692 0.548198 0.069201
v -0.077275 0.569180 0.032845
v -0.076692 0.548198 -0.003511
v -0.442287 0.491268 -0.011779
v -0.441571 0.465515 0.032845
v -0.442287 0.491268 0.077468
v -0.443718 0.542775 0.077468
v -0.444434 0.568528 0.032845
v -0.443718 0.542775 -0.011779
v -0.453526 0.490956 -0.011779
v -0.452810 0.465203 0.032845
v -0.453526 0.490956 0.077468
v -0.454957 0.542463 0.077468
v -0.455673 0.568216 0.032845
v -0.454957 0.542463 -0.011779
v -0.453359 0.484965 -0.022159
v -0.452478 0.453221 0.032845
v -0.453359 0.484965 0.087849
v -0.455123 0.548454 0.087849
v -0.456006 0.580198 0.032845
v -0.455123 0.548454 -0.022159
v -0.467596 0.484569 -0.022159
v -0.466714 0.452825 0.032845
v -0.467596 0.484569 0.087849
v -0.469360 0.548058 0.087849
v -0.470242 0.579803 0.032845
v -0.469360 0.548058 -0.022159
v -0.467979 0.498377 0.001766
v -0.467481 0.480441 0.032845
v -0.467979 0.498377 0.063924
v -0.468976 0.534250 0.063924
v -0.469474 0.552187 0.032845
v -0.468976 0.534250 0.001766
v -0.458044 0.498653 0.001766
v -0.457546 0.480717 0.032845
v -0.458044 0.498653 0.063924
v -0.459041 0.534526 0.063924
v -0.459540 0.552463 0.032845
v -0.459041 0.534526 0.001766
v -0.458093 0.500415 0.004818
v -0.457644 0.484240 0.032845
v -0.458093 0.500415 0.060871
v -0.458992 0.532765 0.060871
v -0.459442 0.548940 0.032845
v -0.458992 0.532765 0.004818
v -0.074603 0.556101 -0.071023
v -0.075077 0.534719 -0.034899
v -0.077853 0.597262 0.002083
v -0.075754 0.598063 -0.070594
v -0.012522 0.558854 -0.067314
v -0.012972 0.538581 -0.033062
v -0.014513 0.558095 0.001596
v -0.015604 0.597882 0.002003
v -0.015155 0.618155 -0.032249
v -0.013614 0.598641 -0.066907
v 0.028347 0.564073 -0.058827
v 0.027992 0.548061 -0.031775
v 0.026775 0.563473 -0.004401
v 0.025913 0.594898 -0.004079
v 0.026268 0.610910 -0.031132
v 0.027485 0.595498 -0.058506
v 0.067860 0.572202 -0.045150
v 0.067668 0.563507 -0.030458
v 0.067007 0.571877 -0.015592
v 0.066539 0.588943 -0.015417
v 0.066731 0.597639 -0.030109
v 0.067392 0.589269 -0.044975
v 0.093669 0.578043 -0.035275
v 0.093595 0.574676 -0.029586
v 0.093339 0.577917 -0.023830
v 0.093157 0.584525 -0.023763
v 0.093232 0.587892 -0.029451
v 0.093488 0.584651 -0.035207
v -0.431535 0.535968 -0.099983
v -0.163903 0.546620 -0.086155
v -0.432250 0.503755 -0.045558
v -0.164540 0.517921 -0.037668
v -0.434698 0.534762 0.009513
v -0.166721 0.545545 0.011394
v -0.436432 0.597983 0.010160
v -0.168266 0.601868 0.011970
v -0.435718 0.630196 -0.044265
v -0.167630 0.630566 -0.036517
v -0.433269 0.599189 -0.099336
v -0.165448 0.602942 -0.085579
v -0.133930 0.551386 -0.078266
v -0.134476 0.526785 -0.036702
v -0.136346 0.550464 0.005355
v -0.137670 0.598745 0.005849
v -0.137124 0.623346 -0.035715
v -0.135255 0.599666 -0.077772
v -0.080350 0.552839 -0.076702
v -0.080895 0.528238 -0.035138
v -0.082765 0.551918 0.006919
v -0.084090 0.600199 0.007412
v -0.083544 0.624800 -0.034151
v -0.081674 0.601120 -0.076208
v -0.074528 0.555160 -0.072694
v -0.075024 0.532800 -0.034919
v -0.076724 0.554322 0.003306
v -0.077927 0.598203 0.003755
v -0.077431 0.620562 -0.034021
v -0.075732 0.599041 -0.072246
v -0.076702 0.555300 0.001654
v -0.077379 0.618644 -0.034041
v -0.440977 0.541471 -0.090039
v -0.441559 0.515227 -0.045700
v -0.443554 0.540488 -0.000835
v -0.444966 0.591993 -0.000308
v -0.444384 0.618236 -0.044647
v -0.442389 0.592975 -0.089512
v -0.452211 0.541166 -0.090367
v -0.452793 0.514922 -0.046028
v -0.454788 0.540183 -0.001163
v -0.456201 0.591688 -0.000636
v -0.455618 0.617931 -0.044975
v -0.453624 0.592671 -0.089840
v -0.451747 0.535290 -0.100804
v -0.452465 0.502941 -0.046151
v -0.454923 0.534078 0.009152
v -0.456665 0.597564 0.009801
v -0.455947 0.629913 -0.044853
v -0.453488 0.598776 -0.100155
v -0.465977 0.534904 -0.101219
v -0.466695 0.502555 -0.046566
v -0.469154 0.533692 0.008736
v -0.470895 0.597178 0.009385
v -0.470178 0.629527 -0.045268
v -0.467719 0.598390 -0.100570
v -0.467047 0.548447 -0.077164
v -0.467452 0.530169 -0.046284
v -0.468842 0.547763 -0.015036
v -0.469826 0.583634 -0.014670
v -0.469420 0.601912 -0.045550
v -0.468031 0.584319 -0.076798
v -0.457116 0.548717 -0.076875
v -0.457521 0.530439 -0.045994
v -0.458911 0.548032 -0.014746
v -0.459895 0.583904 -0.014380
v -0.459489 0.602182 -0.045260
v -0.458100 0.584588 -0.076508
v -0.457253 0.550445 -0.073806
v -0.457618 0.533962 -0.045958
v -0.458871 0.549827 -0.017779
v -0.459758 0.582176 -0.017449
v -0.459393 0.598659 -0.045296
v -0.458140 0.582793 -0.073475
v 0.669477 -1.404402 0.123192
v 0.669477 -1.404402 -0.123193
v 0.688999 -1.419553 0.123192
v 0.688999 -1.419553 -0.123193
v 0.135299 0.373696 0.081390
v 0.112866 0.605196 0.081390
v 0.202924 0.100415 0.081390
v 0.381150 -0.259458 0.081390
v 0.606303 -0.546525 0.081391
v 0.897546 -0.791166 0.081391
v 1.023902 -0.873400 0.081391
v -0.047081 0.354532 0.111758
v -0.063201 0.605196 0.111758
v 0.027892 0.045706 0.111758
v 0.226480 -0.357981 0.111758
v 0.489409 -0.687824 0.111759
v 0.797517 -0.944866 0.111759
v 0.923873 -1.027100 0.111759
v -0.004066 0.359052 0.081390
v 0.069173 0.058609 0.081390
v 0.262959 -0.334744 0.081390
v 0.516979 -0.654499 0.081390
v 0.821109 -0.908616 0.081391
v 0.947465 -0.990850 0.081391
v -0.021676 0.605196 0.081390
v 0.119911 0.372079 0.081390
v 0.188156 0.095799 0.081390
v 0.368100 -0.267771 0.081390
v 0.596440 -0.558447 0.081391
v 0.889106 -0.804134 0.081391
v 1.015462 -0.886368 0.081391
v 0.098010 0.605196 0.081390
v 0.112866 0.605196 0.068011
v 0.923873 -1.027100 0.071414
v -0.063201 0.605196 0.093387
v -0.021676 0.605196 0.068011
v 0.947465 -0.990850 0.052009
v 0.135299 0.373696 0.052009
v 0.202924 0.100415 0.052009
v 0.381150 -0.259458 0.052009
v 0.606303 -0.546525 0.052009
v 0.897546 -0.791166 0.052009
v 1.023902 -0.873400 0.052009
v 0.098010 0.605196 0.068011
v 1.015462 -0.886368 0.052009
v -0.051196 0.353226 0.093387
v -0.010034 0.358713 0.068011
v -0.463905 0.309359 0.093387
v 0.108603 0.374526 0.068011
v -0.362205 0.328543 0.111758
v -0.274167 -0.043496 0.111758
v -0.039368 -0.525096 0.111758
v 0.290741 -0.931010 0.111759
v 0.628838 -1.210105 0.111759
v 0.755194 -1.292338 0.111759
v -0.367099 0.613286 0.111758
v -0.367099 0.613286 0.093387
v 0.755194 -1.292338 0.071414
v -0.353499 0.321094 0.093387
v -0.499599 0.317212 0.103720
v -0.521854 0.616813 0.103720
v -0.405865 -0.082388 0.103720
v -0.155277 -0.597958 0.103720
v 0.204121 -1.037039 0.103720
v 0.555294 -1.325749 0.103720
v 0.681650 -1.407982 0.103720
v -0.478088 0.616240 0.103720
v -0.477294 0.319051 0.103720
v -0.384485 -0.076074 0.103720
v -0.136460 -0.586129 0.103720
v 0.218183 -1.019826 0.103720
v 0.567234 -1.306974 0.103720
v 0.693590 -1.389208 0.103720
v -0.499599 0.317212 0.065266
v -0.405865 -0.082388 0.065266
v -0.155277 -0.597958 0.065266
v 0.204121 -1.037039 0.065266
v 0.555294 -1.325749 0.065266
v 0.681650 -1.407982 0.065266
v -0.521854 0.616813 0.085348
v 0.693590 -1.389208 0.065266
v -0.478088 0.616240 0.085348
v -0.463905 0.309359 0.085348
v -0.362205 0.328543 0.103720
v -0.274167 -0.043496 0.103720
v -0.039368 -0.525096 0.103720
v 0.290741 -0.931010 0.103720
v 0.628838 -1.210105 0.103720
v 0.755194 -1.292338 0.103720
v -0.367099 0.613286 0.103720
v -0.367099 0.613286 0.085348
v 0.755194 -1.292338 0.065266
v -0.353499 0.321094 0.085348
v -0.317201 0.332255 0.111758
v -0.231030 -0.030757 0.111758
v -0.001401 -0.501230 0.111758
v 0.319113 -0.896281 0.111759
v 0.652928 -1.172225 0.111759
v 0.779284 -1.254459 0.111759
v -0.323699 0.612130 0.093387
v -0.310326 0.325683 0.093387
v -0.323699 0.612130 0.111758
v 0.779284 -1.254459 0.071414
v -0.279136 0.335394 0.111758
v -0.194543 -0.019982 0.111758
v 0.030711 -0.481043 0.111758
v 0.343111 -0.866905 0.111759
v 0.673303 -1.140186 0.111759
v 0.799659 -1.222420 0.111759
v -0.286990 0.611153 0.093387
v -0.273810 0.329564 0.093387
v -0.286990 0.611153 0.111758
v 0.799659 -1.222420 0.071414
v -0.221687 0.340132 0.111758
v -0.139476 -0.003720 0.111758
v 0.079177 -0.450577 0.111758
v 0.379329 -0.822571 0.111759
v 0.704054 -1.091832 0.111759
v 0.830410 -1.174065 0.111759
v -0.231588 0.609678 0.093387
v -0.218698 0.335422 0.093387
v -0.231588 0.609678 0.111758
v 0.830410 -1.174065 0.071414
v -0.173326 0.344120 0.111758
v -0.093120 0.009970 0.111758
v 0.119976 -0.424931 0.111758
v 0.409818 -0.785250 0.111759
v 0.729940 -1.051127 0.111759
v 0.856296 -1.133360 0.111759
v -0.184950 0.608437 0.093387
v -0.172305 0.340353 0.093387
v -0.184950 0.608437 0.111758
v 0.856296 -1.133360 0.071414
v -0.130450 0.347656 0.111758
v -0.052022 0.022106 0.111758
v 0.156147 -0.402193 0.111758
v 0.436849 -0.752162 0.111759
v 0.752891 -1.015038 0.111759
v 0.879247 -1.097272 0.111759
v -0.143601 0.607336 0.093387
v -0.131173 0.344725 0.093387
v -0.143601 0.607336 0.111758
v 0.879247 -1.097272 0.071414
v -0.084046 0.351483 0.111758
v -0.007542 0.035242 0.111758
v 0.195295 -0.377584 0.111758
v 0.466104 -0.716352 0.111759
v 0.777730 -0.975980 0.111759
v 0.904086 -1.058214 0.111759
v -0.098850 0.606145 0.093387
v -0.086657 0.349457 0.093387
v -0.098850 0.606145 0.111758
v 0.904086 -1.058214 0.071414
v 0.817447 -0.723884 0.081391
v 0.712780 -0.874174 0.111759
v 0.737466 -0.838728 0.081391
v 0.808616 -0.736565 0.081391
v 0.817447 -0.723884 0.052009
v 0.535854 -1.133347 0.111759
v 0.458714 -1.246347 0.103720
v 0.471237 -1.228002 0.103720
v 0.458714 -1.246347 0.065266
v 0.535854 -1.133347 0.103720
v 0.561121 -1.096334 0.111759
v 0.582492 -1.065027 0.111759
v 0.614747 -1.017779 0.111759
v 0.641899 -0.978004 0.111759
v 0.665972 -0.942741 0.111759
v 0.692025 -0.904576 0.111759
v -0.001401 -0.501230 0.117881
v 0.319113 -0.896281 0.117881
v -0.317201 0.332255 0.117881
v -0.231030 -0.030757 0.117881
v -0.279136 0.335394 0.117881
v -0.194543 -0.019982 0.117881
v 0.030711 -0.481043 0.117881
v 0.343111 -0.866905 0.117881
v 0.079177 -0.450577 0.117881
v 0.379329 -0.822571 0.117881
v -0.221687 0.340132 0.117881
v -0.139476 -0.003720 0.117881
v -0.173326 0.344120 0.117881
v -0.093120 0.009970 0.117881
v 0.119976 -0.424931 0.117881
v 0.409818 -0.785250 0.117881
v 0.156147 -0.402193 0.117881
v 0.436849 -0.752162 0.117881
v -0.130450 0.347656 0.117881
v -0.052022 0.022106 0.117881
v -0.084046 0.351483 0.117881
v -0.007542 0.035242 0.117881
v 0.195295 -0.377584 0.117881
v 0.466104 -0.716352 0.117881
v 0.561121 -1.096334 0.117881
v 0.582492 -1.065027 0.117881
v 0.614747 -1.017779 0.117881
v 0.641899 -0.978004 0.117881
v 0.665972 -0.942741 0.117881
v 0.692025 -0.904576 0.117881
v 0.841217 -0.743851 0.081391
v 0.737926 -0.895152 0.111759
v 0.762287 -0.859468 0.081391
v 0.832502 -0.756617 0.081391
v 0.841217 -0.743851 0.052009
v 0.563447 -1.156126 0.111759
v 0.499725 -1.251438 0.103720
v 0.487375 -1.269910 0.065266
v 0.563447 -1.156126 0.103720
v 0.588365 -1.118855 0.111759
v 0.609441 -1.087331 0.111759
v 0.641250 -1.039755 0.111759
v 0.668026 -0.999704 0.111759
v 0.691766 -0.964196 0.111759
v 0.717459 -0.925766 0.111759
v 0.487375 -1.269910 0.103720
v 0.875529 -0.772672 0.081391
v 0.774225 -0.925435 0.111759
v 0.798118 -0.889406 0.081391
v 0.866982 -0.785562 0.081391
v 0.875529 -0.772672 0.052009
v 0.603279 -1.189006 0.111759
v 0.540847 -1.285267 0.103720
v 0.528747 -1.303923 0.065266
v 0.603279 -1.189006 0.103720
v 0.627693 -1.151365 0.111759
v 0.648342 -1.119527 0.111759
v 0.679506 -1.071477 0.111759
v 0.705740 -1.031028 0.111759
v 0.728999 -0.995166 0.111759
v 0.754172 -0.956353 0.111759
v 0.528747 -1.303923 0.103720
v 0.935587 -0.815924 0.081391
v 0.835558 -0.969624 0.111759
v 0.859149 -0.933374 0.081391
v 0.927147 -0.828892 0.081391
v 0.935587 -0.815924 0.052009
v 0.666879 -1.234862 0.111759
v 0.593335 -1.350506 0.103720
v 0.605275 -1.331732 0.103720
v 0.593335 -1.350506 0.065266
v 0.666879 -1.234862 0.103720
v 0.690969 -1.196983 0.111759
v 0.711344 -1.164943 0.111759
v 0.742095 -1.116589 0.111759
v 0.767981 -1.075884 0.111759
v 0.790932 -1.039796 0.111759
v 0.815771 -1.000737 0.111759
v 0.875605 -0.995687 0.111759
v 0.899196 -0.959437 0.081391
v 0.967194 -0.854955 0.081391
v 0.975634 -0.841986 0.052009
v 0.706926 -1.260925 0.111759
v 0.633382 -1.376569 0.103720
v 0.645322 -1.357795 0.103720
v 0.633382 -1.376569 0.065266
v 0.706926 -1.260925 0.103720
v 0.731015 -1.223046 0.111759
v 0.751391 -1.191006 0.111759
v 0.782142 -1.142652 0.111759
v 0.808028 -1.101947 0.111759
v 0.830979 -1.065858 0.111759
v 0.855818 -1.026800 0.111759
v 0.975634 -0.841986 0.081391
v 0.038167 0.605196 0.081390
v 0.057922 0.365565 0.081390
v 0.128664 0.077204 0.081390
v 0.315529 -0.301258 0.081390
v 0.556709 -0.606473 0.081390
v 0.855107 -0.856375 0.081391
v 0.981463 -0.938609 0.081391
v 0.981463 -0.938609 0.052009
v 0.038167 0.605196 0.068011
v 0.049284 0.366619 0.068011
v 0.773041 -0.787646 0.081391
v 0.797395 -0.808042 0.081391
v 0.832550 -0.837484 0.081391
v 0.893148 -0.881133 0.081391
v 0.933195 -0.907196 0.081391
v -0.408702 0.315226 0.093387
v -0.422594 0.614763 0.103720
v 0.724392 -1.340773 0.065266
v -0.419749 0.323797 0.103720
v -0.329326 -0.059785 0.103720
v -0.087914 -0.555613 0.103720
v 0.254462 -0.975418 0.103720
v 0.598036 -1.258539 0.103720
v 0.724392 -1.340773 0.103720
v -0.422594 0.614763 0.085348
v -0.408702 0.315226 0.085348
v 0.503545 -1.180675 0.103720
v 0.531586 -1.203782 0.103720
v 0.572063 -1.237137 0.103720
v 0.636077 -1.283297 0.103720
v 0.676124 -1.309360 0.103720
v 0.563447 -1.156126 0.117513
v 0.563447 -1.156126 0.109474
v 0.717459 -0.925766 0.117513
v 0.737926 -0.895152 0.117513
v 0.691766 -0.964196 0.117513
v 0.668026 -0.999704 0.117513
v 0.641250 -1.039755 0.117513
v 0.609441 -1.087331 0.117513
v 0.588365 -1.118855 0.117513
v 0.531586 -1.203782 0.109474
v 0.762287 -0.859468 0.087145
v 0.774225 -0.925435 0.117513
v 0.798118 -0.889406 0.087145
v 0.603279 -1.189006 0.117513
v 0.603279 -1.189006 0.109474
v 0.627693 -1.151365 0.117513
v 0.648342 -1.119527 0.117513
v 0.679506 -1.071477 0.117513
v 0.705740 -1.031028 0.117513
v 0.728999 -0.995166 0.117513
v 0.754172 -0.956353 0.117513
v 0.572063 -1.237137 0.109474
v 0.815771 -1.000737 0.117513
v 0.835558 -0.969624 0.117513
v 0.790932 -1.039796 0.117513
v 0.767981 -1.075884 0.117513
v 0.742095 -1.116589 0.117513
v 0.711344 -1.164943 0.117513
v 0.690969 -1.196983 0.117513
v 0.636077 -1.283297 0.109474
v 0.666879 -1.234862 0.109474
v 0.666879 -1.234862 0.117513
v 0.859149 -0.933374 0.087145
v 0.875605 -0.995687 0.117513
v 0.899196 -0.959437 0.087145
v 0.706926 -1.260925 0.117513
v 0.706926 -1.260925 0.109474
v 0.731015 -1.223046 0.117513
v 0.751391 -1.191006 0.117513
v 0.782142 -1.142652 0.117513
v 0.808028 -1.101947 0.117513
v 0.830979 -1.065858 0.117513
v 0.855818 -1.026800 0.117513
v 0.676124 -1.309360 0.109474
v 0.797395 -0.808042 0.087145
v 0.832550 -0.837484 0.087145
v 0.893148 -0.881133 0.087145
v 0.933195 -0.907196 0.087145
v -0.484826 0.144628 0.065266
v -0.426644 -0.103409 0.065266
v -0.176056 -0.618979 0.065266
v 0.183343 -1.058061 0.065266
v 0.534516 -1.346770 0.065266
v 0.660872 -1.429003 0.065266
v 0.507969 -1.324944 0.065266
v 0.612604 -1.397590 0.065266
v 0.437935 -1.267368 0.065266
v 0.466596 -1.290931 0.065266
v 0.572557 -1.371527 0.065266
v -0.509977 0.549370 0.065266
v -0.587371 0.520299 0.065266
v -0.580346 0.407781 0.065266
v -0.504788 0.433291 0.065266
v 0.135299 0.373696 -0.081391
v 0.112866 0.605196 -0.081391
v 0.202924 0.100415 -0.081391
v 0.381150 -0.259458 -0.081391
v 0.606303 -0.546525 -0.081391
v 0.897546 -0.791166 -0.081391
v 1.023902 -0.873400 -0.081391
v -0.047081 0.354532 -0.111759
v -0.063201 0.605196 -0.111759
v 0.027892 0.045706 -0.111759
v 0.226480 -0.357981 -0.111759
v 0.489409 -0.687824 -0.111759
v 0.797517 -0.944866 -0.111759
v 0.923873 -1.027100 -0.111759
v -0.004066 0.359052 -0.081391
v 0.069173 0.058609 -0.081391
v 0.262959 -0.334744 -0.081391
v 0.516979 -0.654499 -0.081391
v 0.821109 -0.908616 -0.081391
v 0.947465 -0.990850 -0.081391
v -0.021676 0.605196 -0.081391
v 0.135299 0.373696 -0.000000
v 0.112866 0.605196 -0.000000
v 0.202924 0.100415 -0.000000
v 0.381150 -0.259458 -0.000000
v 0.606303 -0.546525 -0.000000
v 0.897546 -0.791166 0.000000
v 1.023902 -0.873400 0.000000
v 0.923873 -1.027100 0.000000
v 0.947465 -0.990850 0.000000
v 0.119911 0.372079 -0.081391
v 0.188156 0.095799 -0.081391
v 0.368100 -0.267771 -0.081391
v 0.596440 -0.558447 -0.081391
v 0.889106 -0.804134 -0.081391
v 1.015462 -0.886368 -0.081391
v 0.098010 0.605196 -0.081391
v 0.098010 0.605196 -0.000000
v 1.015462 -0.886368 0.000000
v 0.112866 0.605196 -0.068011
v 0.923873 -1.027100 -0.071414
v -0.063201 0.605196 -0.093387
v -0.021676 0.605196 -0.068011
v 0.947465 -0.990850 -0.052009
v 0.135299 0.373696 -0.052009
v 0.202924 0.100415 -0.052009
v 0.381150 -0.259458 -0.052009
v 0.606303 -0.546525 -0.052009
v 0.897546 -0.791166 -0.052009
v 1.023902 -0.873400 -0.052009
v 0.098010 0.605196 -0.068011
v 1.015462 -0.886368 -0.052009
v 0.108603 0.374526 -0.000000
v -0.051196 0.353226 -0.093387
v -0.010034 0.358713 -0.068011
v -0.463905 0.309359 -0.093388
v 0.108603 0.374526 -0.068011
v -0.362205 0.328543 -0.111759
v -0.274167 -0.043496 -0.111759
v -0.039368 -0.525096 -0.111759
v 0.290741 -0.931010 -0.111759
v 0.628838 -1.210105 -0.111759
v 0.755194 -1.292338 -0.111759
v -0.367099 0.613286 -0.111759
v 0.755194 -1.292338 -0.000000
v -0.367099 0.613286 -0.093388
v 0.755194 -1.292338 -0.071414
v -0.353499 0.321094 -0.093388
v -0.499599 0.317212 -0.103720
v -0.521854 0.616813 -0.103720
v -0.405865 -0.082388 -0.103720
v -0.155277 -0.597958 -0.103720
v 0.204121 -1.037039 -0.103720
v 0.555295 -1.325749 -0.103720
v 0.681650 -1.407982 -0.103720
v -0.499599 0.317212 -0.000000
v -0.521854 0.616813 -0.000000
v 0.681650 -1.407982 -0.000000
v -0.478088 0.616240 -0.103720
v -0.477294 0.319051 -0.103720
v -0.384485 -0.076074 -0.103720
v -0.136460 -0.586129 -0.103720
v 0.218183 -1.019826 -0.103720
v 0.567234 -1.306974 -0.103720
v 0.693590 -1.389208 -0.103720
v 0.693590 -1.389208 -0.000000
v -0.478088 0.616240 -0.000000
v -0.499599 0.317212 -0.065267
v -0.405865 -0.082388 -0.065267
v -0.155277 -0.597958 -0.065267
v 0.204121 -1.037039 -0.065267
v 0.555295 -1.325749 -0.065267
v 0.681650 -1.407982 -0.065267
v -0.521854 0.616813 -0.085349
v 0.693590 -1.389208 -0.065267
v -0.478088 0.616240 -0.085349
v -0.463905 0.309359 -0.000000
v -0.463905 0.309359 -0.085349
v -0.362205 0.328543 -0.103720
v -0.274167 -0.043496 -0.103720
v -0.039368 -0.525096 -0.103720
v 0.290741 -0.931010 -0.103720
v 0.628838 -1.210105 -0.103720
v 0.755194 -1.292338 -0.103720
v -0.367099 0.613286 -0.103720
v -0.367099 0.613286 -0.085349
v 0.755194 -1.292338 -0.065266
v -0.353499 0.321094 -0.085349
v -0.317201 0.332255 -0.111759
v -0.231030 -0.030757 -0.111759
v -0.001401 -0.501230 -0.111759
v 0.319113 -0.896281 -0.111759
v 0.652928 -1.172225 -0.111759
v 0.779284 -1.254459 -0.111759
v -0.323699 0.612130 -0.093388
v -0.310326 0.325683 -0.093388
v -0.323699 0.612130 -0.111759
v 0.779284 -1.254459 -0.000000
v 0.779284 -1.254459 -0.071414
v -0.279136 0.335394 -0.111759
v -0.194543 -0.019982 -0.111759
v 0.030711 -0.481043 -0.111759
v 0.343111 -0.866905 -0.111759
v 0.673303 -1.140186 -0.111759
v 0.799659 -1.222420 -0.111759
v -0.286990 0.611153 -0.093388
v -0.273810 0.329564 -0.093388
v -0.286990 0.611153 -0.111759
v 0.799659 -1.222420 -0.000000
v 0.799659 -1.222420 -0.071414
v -0.221687 0.340132 -0.111759
v -0.139476 -0.003720 -0.111759
v 0.079177 -0.450577 -0.111759
v 0.379329 -0.822571 -0.111759
v 0.704054 -1.091832 -0.111759
v 0.830410 -1.174065 -0.111759
v -0.231588 0.609678 -0.093388
v -0.218698 0.335422 -0.093388
v -0.231588 0.609678 -0.111759
v 0.830410 -1.174065 -0.000000
v 0.830410 -1.174065 -0.071414
v -0.173326 0.344120 -0.111759
v -0.093120 0.009970 -0.111759
v 0.119976 -0.424931 -0.111759
v 0.409818 -0.785250 -0.111759
v 0.729940 -1.051127 -0.111759
v 0.856296 -1.133360 -0.111759
v -0.184950 0.608437 -0.093388
v -0.172305 0.340353 -0.093388
v -0.184950 0.608437 -0.111759
v 0.856296 -1.133360 -0.000000
v 0.856296 -1.133360 -0.071414
v -0.130450 0.347656 -0.111759
v -0.052022 0.022106 -0.111759
v 0.156147 -0.402193 -0.111759
v 0.436849 -0.752162 -0.111759
v 0.752891 -1.015038 -0.111759
v 0.879247 -1.097272 -0.111759
v -0.143601 0.607336 -0.093388
v -0.131173 0.344725 -0.093388
v -0.143601 0.607336 -0.111759
v 0.879247 -1.097272 0.000000
v 0.879247 -1.097272 -0.071414
v -0.084046 0.351483 -0.111759
v -0.007542 0.035242 -0.111759
v 0.195295 -0.377584 -0.111759
v 0.466104 -0.716352 -0.111759
v 0.777730 -0.975980 -0.111759
v 0.904086 -1.058214 -0.111759
v -0.098850 0.606145 -0.093387
v -0.086657 0.349457 -0.093387
v -0.098850 0.606145 -0.111759
v 0.904086 -1.058214 0.000000
v 0.904086 -1.058214 -0.071414
v 0.817447 -0.723884 -0.081391
v 0.712780 -0.874174 -0.111759
v 0.737466 -0.838728 -0.081391
v 0.817447 -0.723884 -0.000000
v 0.808616 -0.736565 -0.081391
v 0.817447 -0.723884 -0.052009
v 0.535854 -1.133347 -0.111759
v 0.458714 -1.246347 -0.103720
v 0.471237 -1.228002 -0.103720
v 0.458714 -1.246347 -0.065267
v 0.535854 -1.133347 -0.103720
v 0.561121 -1.096334 -0.111759
v 0.582493 -1.065027 -0.111759
v 0.614747 -1.017779 -0.111759
v 0.641899 -0.978004 -0.111759
v 0.665972 -0.942741 -0.111759
v 0.692026 -0.904576 -0.111759
v -0.001401 -0.501230 -0.117882
v 0.319113 -0.896281 -0.117882
v -0.317201 0.332255 -0.117882
v -0.231030 -0.030757 -0.117882
v -0.279136 0.335394 -0.117882
v -0.194543 -0.019982 -0.117882
v 0.030711 -0.481043 -0.117882
v 0.343111 -0.866905 -0.117882
v 0.079177 -0.450577 -0.117882
v 0.379329 -0.822571 -0.117882
v -0.221687 0.340132 -0.117882
v -0.139476 -0.003720 -0.117882
v -0.173326 0.344120 -0.117882
v -0.093120 0.009970 -0.117882
v 0.119976 -0.424931 -0.117882
v 0.409818 -0.785250 -0.117881
v 0.156147 -0.402193 -0.117882
v 0.436849 -0.752162 -0.117881
v -0.130450 0.347656 -0.117882
v -0.052022 0.022106 -0.117882
v -0.084046 0.351483 -0.117882
v -0.007542 0.035242 -0.117882
v 0.195295 -0.377584 -0.117882
v 0.466104 -0.716352 -0.117881
v 0.561121 -1.096334 -0.117881
v 0.582493 -1.065027 -0.117881
v 0.614747 -1.017779 -0.117881
v 0.641899 -0.978004 -0.117881
v 0.665972 -0.942741 -0.117881
v 0.692026 -0.904576 -0.117881
v 0.841217 -0.743851 -0.081391
v 0.737926 -0.895152 -0.111759
v 0.762287 -0.859468 -0.081391
v 0.841217 -0.743851 -0.000000
v 0.832502 -0.756617 -0.081391
v 0.841217 -0.743851 -0.052009
v 0.563447 -1.156126 -0.111759
v 0.499725 -1.251438 -0.103720
v 0.487375 -1.269910 -0.065267
v 0.563447 -1.156126 -0.103720
v 0.588365 -1.118855 -0.111759
v 0.609441 -1.087331 -0.111759
v 0.641250 -1.039755 -0.111759
v 0.668026 -0.999704 -0.111759
v 0.691766 -0.964196 -0.111759
v 0.717459 -0.925766 -0.111759
v 0.487375 -1.269910 -0.103720
v 0.875529 -0.772672 -0.081391
v 0.774225 -0.925435 -0.111759
v 0.798118 -0.889406 -0.081391
v 0.875529 -0.772672 0.000000
v 0.866982 -0.785562 -0.081391
v 0.875529 -0.772672 -0.052009
v 0.603279 -1.189006 -0.111759
v 0.540847 -1.285267 -0.103720
v 0.528747 -1.303923 -0.065267
v 0.603279 -1.189006 -0.103720
v 0.627693 -1.151365 -0.111759
v 0.648342 -1.119527 -0.111759
v 0.679506 -1.071477 -0.111759
v 0.705741 -1.031028 -0.111759
v 0.728999 -0.995166 -0.111759
v 0.754172 -0.956353 -0.111759
v 0.528747 -1.303923 -0.103720
v 0.935587 -0.815924 -0.081391
v 0.835558 -0.969624 -0.111759
v 0.859150 -0.933374 -0.081391
v 0.935587 -0.815924 0.000000
v 0.927147 -0.828892 -0.081391
v 0.935587 -0.815924 -0.052009
v 0.666879 -1.234862 -0.111759
v 0.593335 -1.350506 -0.103720
v 0.605275 -1.331732 -0.103720
v 0.593335 -1.350506 -0.065267
v 0.666879 -1.234862 -0.103720
v 0.690969 -1.196983 -0.111759
v 0.711344 -1.164943 -0.111759
v 0.742095 -1.116589 -0.111759
v 0.767981 -1.075884 -0.111759
v 0.790932 -1.039796 -0.111759
v 0.815771 -1.000737 -0.111759
v 0.875605 -0.995687 -0.111759
v 0.899196 -0.959437 -0.081391
v 0.975634 -0.841986 0.000000
v 0.967194 -0.854955 -0.081391
v 0.975634 -0.841986 -0.052009
v 0.706926 -1.260925 -0.111759
v 0.633382 -1.376569 -0.103720
v 0.645322 -1.357795 -0.103720
v 0.633382 -1.376569 -0.065267
v 0.706926 -1.260925 -0.103720
v 0.731015 -1.223046 -0.111759
v 0.751391 -1.191006 -0.111759
v 0.782142 -1.142652 -0.111759
v 0.808028 -1.101947 -0.111759
v 0.830979 -1.065858 -0.111759
v 0.855818 -1.026800 -0.111759
v 0.975634 -0.841986 -0.081391
v 0.038167 0.605196 -0.081391
v 0.981463 -0.938609 0.000000
v 0.057922 0.365565 -0.081391
v 0.128664 0.077204 -0.081391
v 0.315529 -0.301258 -0.081391
v 0.556709 -0.606473 -0.081391
v 0.855108 -0.856375 -0.081391
v 0.981463 -0.938609 -0.081391
v 0.981463 -0.938609 -0.052009
v 0.038167 0.605196 -0.068011
v 0.049284 0.366619 -0.068011
v 0.773041 -0.787646 -0.081391
v 0.797395 -0.808042 -0.081391
v 0.832550 -0.837484 -0.081391
v 0.893148 -0.881133 -0.081391
v 0.933195 -0.907196 -0.081391
v -0.408702 0.315226 -0.093388
v -0.422594 0.614763 -0.103720
v 0.724392 -1.340773 -0.000000
v 0.724392 -1.340773 -0.065266
v -0.419749 0.323797 -0.103720
v -0.329326 -0.059785 -0.103720
v -0.087914 -0.555613 -0.103720
v 0.254462 -0.975418 -0.103720
v 0.598036 -1.258539 -0.103720
v 0.724392 -1.340773 -0.103720
v -0.422594 0.614763 -0.085349
v -0.408702 0.315226 -0.085349
v 0.503545 -1.180675 -0.103720
v 0.531586 -1.203782 -0.103720
v 0.572063 -1.237137 -0.103720
v 0.636077 -1.283297 -0.103720
v 0.676124 -1.309360 -0.103720
v 0.563447 -1.156126 -0.117513
v 0.563447 -1.156126 -0.109474
v 0.717459 -0.925766 -0.117513
v 0.737926 -0.895152 -0.117513
v 0.691766 -0.964196 -0.117513
v 0.668026 -0.999704 -0.117513
v 0.641250 -1.039755 -0.117513
v 0.609441 -1.087331 -0.117513
v 0.588365 -1.118855 -0.117513
v 0.531586 -1.203782 -0.109474
v 0.762287 -0.859468 -0.087145
v 0.774225 -0.925435 -0.117513
v 0.798118 -0.889406 -0.087145
v 0.603279 -1.189006 -0.117513
v 0.603279 -1.189006 -0.109474
v 0.627693 -1.151365 -0.117513
v 0.648342 -1.119527 -0.117513
v 0.679506 -1.071477 -0.117513
v 0.705741 -1.031028 -0.117513
v 0.728999 -0.995166 -0.117513
v 0.754172 -0.956353 -0.117513
v 0.572063 -1.237137 -0.109474
v 0.815771 -1.000737 -0.117513
v 0.835558 -0.969624 -0.117513
v 0.790932 -1.039796 -0.117513
v 0.767981 -1.075884 -0.117513
v 0.742095 -1.116589 -0.117513
v 0.711344 -1.164943 -0.117513
v 0.690969 -1.196983 -0.117513
v 0.636077 -1.283297 -0.109474
v 0.666879 -1.234862 -0.109474
v 0.666879 -1.234862 -0.117513
v 0.859150 -0.933374 -0.087145
v 0.875605 -0.995687 -0.117513
v 0.899196 -0.959437 -0.087145
v 0.706926 -1.260925 -0.117513
v 0.706926 -1.260925 -0.109474
v 0.731015 -1.223046 -0.117513
v 0.751391 -1.191006 -0.117513
v 0.782142 -1.142652 -0.117513
v 0.808028 -1.101947 -0.117513
v 0.830979 -1.065858 -0.117513
v 0.855818 -1.026800 -0.117513
v 0.676124 -1.309360 -0.109474
v 0.797395 -0.808042 -0.087145
v 0.832550 -0.837484 -0.087145
v 0.893148 -0.881133 -0.087145
v 0.933195 -0.907196 -0.087145
v 0.612604 -1.397590 -0.000000
v 0.660872 -1.429003 -0.000000
v 0.507969 -1.324944 -0.000000
v 0.534516 -1.346770 -0.000000
v -0.176056 -0.618979 -0.000000
v 0.183343 -1.058061 -0.000000
v -0.426644 -0.103409 -0.000000
v -0.484826 0.144628 -0.000000
v -0.484826 0.144628 -0.065267
v -0.426644 -0.103409 -0.065267
v -0.176056 -0.618979 -0.065267
v 0.183343 -1.058061 -0.065267
v 0.534516 -1.346770 -0.065267
v 0.660872 -1.429003 -0.065267
v 0.507969 -1.324944 -0.065267
v 0.612604 -1.397590 -0.065267
v 0.437935 -1.267368 -0.000000
v 0.437935 -1.267368 -0.065267
v 0.466596 -1.290931 -0.000000
v 0.466596 -1.290931 -0.065267
v 0.572557 -1.371527 -0.000000
v 0.572557 -1.371527 -0.065267
v -0.509977 0.549370 -0.000000
v -0.509977 0.549370 -0.065267
v -0.587371 0.520299 -0.000000
v -0.587371 0.520299 -0.065267
v -0.580346 0.407781 -0.065267
v -0.504788 0.433291 -0.000000
v -0.504788 0.433291 -0.065267
v -0.580346 0.407781 -0.000000
v -0.458583 0.599672 0.015426
v -0.457626 0.583713 0.043371
v -0.457570 0.599936 0.071181
v -0.458471 0.632120 0.071045
v -0.459429 0.648079 0.043100
v -0.459485 0.631856 0.015290
v -0.468831 0.599386 0.015613
v -0.467873 0.583427 0.043559
v -0.467817 0.599650 0.071369
v -0.468719 0.631833 0.071233
v -0.469676 0.647793 0.043287
v -0.469732 0.631570 0.015477
v -0.074911 0.605764 0.072675
v -0.076086 0.647728 0.072498
v -0.077335 0.668538 0.036060
v -0.077408 0.647384 -0.000202
v -0.014050 0.608253 0.000717
v -0.012866 0.588523 0.035267
v -0.012797 0.608580 0.069648
v -0.013911 0.648368 0.069480
v -0.015095 0.668099 0.034931
v -0.015164 0.648042 0.000549
v 0.027168 0.613620 0.007190
v 0.028103 0.598036 0.034477
v 0.028157 0.613877 0.061632
v 0.027277 0.645303 0.061499
v 0.026343 0.660887 0.034212
v 0.026288 0.645045 0.007057
v 0.067272 0.621977 0.018863
v 0.067780 0.613514 0.033683
v 0.067809 0.622117 0.048430
v 0.067331 0.639184 0.048358
v 0.066824 0.647647 0.033539
v 0.066794 0.639044 0.018791
v 0.093510 0.627982 0.027421
v 0.093707 0.624705 0.033159
v 0.093718 0.628036 0.038869
v 0.093533 0.634644 0.038841
v 0.093337 0.637921 0.033103
v 0.093325 0.634590 0.027393
v -0.434110 0.584711 -0.011844
v -0.166136 0.595671 -0.010788
v -0.432229 0.553359 0.043054
v -0.164460 0.567740 0.038120
v -0.432119 0.585229 0.097685
v -0.164362 0.596133 0.086790
v -0.433890 0.648451 0.097418
v -0.165940 0.652457 0.086552
v -0.435770 0.679803 0.042520
v -0.167615 0.680389 0.037644
v -0.435880 0.647933 -0.012111
v -0.167713 0.651996 -0.011026
v -0.135830 0.600571 -0.004393
v -0.134394 0.576628 0.037531
v -0.134310 0.600967 0.079252
v -0.135662 0.649249 0.079048
v -0.137098 0.673192 0.037124
v -0.137182 0.648853 -0.004597
v -0.082237 0.602068 -0.005374
v -0.080801 0.578125 0.036550
v -0.080717 0.602464 0.078271
v -0.082069 0.650746 0.078067
v -0.083505 0.674689 0.036143
v -0.083589 0.650350 -0.005578
v -0.076236 0.604453 -0.001682
v -0.074931 0.582692 0.036422
v -0.074854 0.604813 0.074341
v -0.076083 0.648695 0.074156
v -0.077388 0.670456 0.036051
v -0.077465 0.648335 -0.001868
v -0.076232 0.605420 -0.000024
v -0.074984 0.584610 0.036414
v -0.443079 0.590366 -0.001556
v -0.441547 0.564824 0.043169
v -0.441458 0.590788 0.087675
v -0.442900 0.642294 0.087458
v -0.444432 0.667836 0.042734
v -0.444521 0.641872 -0.001773
v -0.454316 0.590052 -0.001350
v -0.452784 0.564510 0.043374
v -0.452695 0.590474 0.087881
v -0.454137 0.641980 0.087664
v -0.455669 0.667522 0.042939
v -0.455759 0.641558 -0.001567
v -0.454337 0.584012 -0.011704
v -0.452449 0.552528 0.043425
v -0.452339 0.584532 0.098285
v -0.454116 0.648020 0.098017
v -0.456005 0.679504 0.042889
v -0.456115 0.647500 -0.011972
v -0.468571 0.583615 -0.011443
v -0.466683 0.552131 0.043685
v -0.466572 0.584135 0.098546
v -0.468350 0.647623 0.098278
v -0.470238 0.679107 0.043149
v -0.470349 0.647102 -0.011711
v -0.468523 0.597535 0.012420
v -0.467456 0.579746 0.043569
v -0.467394 0.597829 0.074567
v -0.468398 0.633702 0.074415
v -0.469465 0.651491 0.043266
v -0.469528 0.633408 0.012268
v -0.458590 0.597813 0.012238
v -0.457523 0.580024 0.043387
v -0.457460 0.598107 0.074385
v -0.458465 0.633979 0.074233
v -0.459532 0.651769 0.043084
v -0.459594 0.633685 0.012086
v -0.458584 0.599589 0.015282
v -0.457621 0.583547 0.043372
v -0.457565 0.599854 0.071325
v -0.458471 0.632203 0.071189
v -0.459433 0.648245 0.043099
v -0.459489 0.631938 0.015146
v 0.940396 -0.985631 0.123192
v 0.960703 -0.954242 0.078743
v 0.941822 -0.983426 0.107219
v 0.964225 -0.956975 -0.078743
v 0.940396 -0.985631 -0.123193
v 0.960703 -0.954242 -0.078743
v 0.976703 -0.966659 0.078743
v 0.958557 -0.999725 0.123192
v 0.959993 -1.000666 0.123192
v 0.980225 -0.969392 0.078743
v 0.959993 -1.000666 -0.123193
v 0.980225 -0.969392 -0.078743
v 0.961345 -0.998576 -0.107219
v 0.959993 -1.000666 -0.123193
vn 0.0062 0.8661 -0.4998
vn 0.1730 0.0048 -0.9849
vn 0.0303 0.0008 0.9995
vn 0.0543 -0.8645 -0.4998
vn 0.0303 0.0008 -0.9995
vn 0.0062 0.8661 0.4998
vn 0.0543 -0.8645 0.4998
vn 0.2732 0.8351 -0.4775
vn 0.1493 0.8574 0.4925
vn 0.1967 -0.8478 0.4925
vn 0.1493 0.8574 -0.4925
vn 0.1730 0.0048 0.9849
vn 0.1967 -0.8478 -0.4925
vn 0.1967 -0.8478 -0.4924
vn 0.3036 0.8273 0.4726
vn 0.2962 0.0082 0.9551
vn 0.3191 -0.8186 -0.4775
vn 0.2962 0.0082 -0.9551
vn 0.2732 0.8351 0.4775
vn 0.3191 -0.8186 0.4775
vn 0.9996 0.0278 -0.0000
vn 0.3491 -0.8092 0.4726
vn 0.3036 0.8273 -0.4726
vn 0.3263 0.0091 0.9452
vn 0.3491 -0.8092 -0.4726
vn 0.3263 0.0091 -0.9452
vn 0.0463 -0.8649 -0.4999
vn 0.0463 -0.8649 0.4999
vn 0.0223 0.0006 0.9998
vn -0.0018 0.8661 0.4999
vn 0.2474 -0.8375 0.4873
vn -0.0018 0.8661 -0.4999
vn 0.0223 0.0006 -0.9998
vn -0.7482 -0.0208 -0.6632
vn -0.0000 -0.0000 -1.0000
vn 0.2005 0.8499 -0.4873
vn 0.2474 -0.8375 -0.4873
vn 0.2240 0.0062 0.9746
vn 0.2240 0.0062 -0.9746
vn 0.2005 0.8499 0.4873
vn 0.5160 0.7455 -0.4220
vn 0.5159 0.7455 -0.4220
vn -0.0241 0.8657 0.5000
vn 0.0241 -0.8657 0.5000
vn -0.0241 0.8657 -0.5000
vn -0.0000 -0.0000 1.0000
vn 0.0241 -0.8657 -0.5000
vn 0.5363 0.0149 0.8439
vn 0.5566 -0.7157 -0.4220
vn 0.5565 -0.7157 -0.4220
vn 0.5363 0.0149 -0.8439
vn 0.5160 0.7455 0.4220
vn 0.5566 -0.7157 0.4220
vn 0.0240 -0.8657 0.5000
vn -0.7641 0.5533 0.3316
vn -0.7322 -0.5949 0.3316
vn -0.7641 0.5533 -0.3316
vn -0.7322 -0.5949 -0.3316
vn -0.7482 -0.0208 0.6632
vn 0.0240 -0.8657 -0.5000
vn -0.0240 0.8657 -0.5000
vn -0.9996 -0.0278 -0.0000
vn -0.0240 0.8657 0.5000
vn -0.9996 -0.0278 -0.0001
vn -0.9996 -0.0278 0.0001
vn 0.0210 0.8716 -0.4898
vn 0.2014 0.0155 -0.9794
vn 0.0014 -0.0102 0.9999
vn 0.0684 -0.8589 -0.5075
vn 0.0591 0.0118 -0.9982
vn -0.0079 0.8606 0.5093
vn 0.0396 -0.8699 0.4916
vn 0.2872 0.8401 -0.4602
vn 0.1354 0.8519 0.5060
vn 0.1821 -0.8533 0.4885
vn 0.1638 0.8627 -0.4785
vn 0.1445 -0.0062 0.9895
vn 0.2106 -0.8425 -0.4959
vn 0.2901 0.8219 0.4903
vn 0.2685 -0.0025 0.9633
vn 0.3325 -0.8135 -0.4771
vn 0.3236 0.0185 -0.9460
vn 0.2596 0.8296 0.4944
vn 0.3049 -0.8240 0.4775
vn 0.9992 0.0271 0.0292
vn 0.3350 -0.8146 0.4735
vn 0.3174 0.8323 -0.4545
vn 0.2989 -0.0016 0.9543
vn 0.3623 -0.8042 -0.4712
vn 0.3535 0.0193 -0.9352
vn 0.0604 -0.8593 -0.5078
vn 0.0316 -0.8703 0.4914
vn -0.0066 -0.0104 0.9999
vn -0.0159 0.8605 0.5091
vn 0.2329 -0.8429 0.4850
vn 0.0130 0.8715 -0.4901
vn 0.0511 0.0116 -0.9986
vn -0.7287 -0.0130 -0.6847
vn 0.0289 0.0110 -0.9995
vn 0.2148 0.8551 -0.4719
vn 0.2611 -0.8322 -0.4891
vn 0.1957 -0.0047 0.9806
vn 0.2520 0.0168 -0.9676
vn 0.1867 0.8444 0.5022
vn 0.5282 0.7497 -0.3986
vn -0.0382 0.8601 0.5086
vn 0.0093 -0.8712 0.4909
vn -0.0093 0.8712 -0.4909
vn -0.0289 -0.0110 0.9995
vn 0.0382 -0.8601 -0.5086
vn 0.9992 0.0271 0.0291
vn 0.5117 0.0052 0.8592
vn 0.5117 0.0053 0.8592
vn 0.5683 -0.7114 -0.4136
vn 0.5604 0.0238 -0.8279
vn 0.5038 0.7404 0.4449
vn 0.5439 -0.7206 0.4299
vn -0.7732 0.5502 0.3155
vn -0.7417 -0.5981 0.3037
vn -0.7417 -0.5980 0.3037
vn -0.7540 0.5575 -0.3474
vn -0.7225 -0.5907 -0.3591
vn -0.7670 -0.0276 0.6411
vn 0.0382 -0.8602 -0.5086
vn -0.0382 0.8602 0.5086
vn -0.9992 -0.0271 -0.0292
vn -0.9992 -0.0271 -0.0291
vn -0.9992 -0.0272 -0.0292
vn 0.8396 -0.5432 -0.0000
vn -0.6131 -0.7900 -0.0000
vn 0.9953 0.0965 -0.0000
vn 0.9707 0.2402 -0.0000
vn 0.7869 0.6171 -0.0000
vn 0.8961 0.4438 -0.0000
vn 0.6432 0.7657 -0.0000
vn 0.8381 -0.5455 -0.0000
vn 0.5455 0.8381 -0.0000
vn 0.8410 -0.5411 -0.0000
vn 0.8438 -0.5366 -0.0000
vn 0.3699 0.4432 0.8165
vn 0.3700 0.4430 0.8166
vn 0.3701 0.4429 0.8166
vn 0.3134 0.4816 0.8184
vn 0.4545 0.3619 0.8139
vn 0.4529 0.3602 0.8156
vn 0.4516 0.3587 0.8169
vn 0.5599 0.1363 0.8173
vn 0.5609 0.1364 0.8166
vn 0.5591 0.1363 0.8179
vn 0.5183 0.2552 0.8162
vn 0.5190 0.2555 0.8157
vn 0.5175 0.2550 0.8168
vn -0.0000 1.0000 -0.0000
vn 0.5734 0.0410 0.8183
vn 0.8388 -0.5445 -0.0000
vn -1.0000 -0.0000 -0.0000
vn -0.9731 -0.2303 -0.0000
vn -0.8989 -0.4382 -0.0000
vn 1.0000 -0.0000 -0.0000
vn -0.9999 -0.0172 -0.0000
vn -1.0000 -0.0055 -0.0000
vn -0.6366 -0.7712 -0.0000
vn -0.5218 -0.0248 -0.8527
vn -0.5216 -0.0247 -0.8529
vn -0.5222 -0.0249 -0.8524
vn -0.9989 -0.0459 -0.0000
vn 0.9989 0.0465 -0.0000
vn -0.5455 -0.8381 -0.0000
vn 0.1057 -0.9944 -0.0000
vn 0.0266 0.9996 -0.0000
vn -0.7758 -0.6309 -0.0000
vn 0.0131 0.9999 -0.0000
vn 0.0243 0.9997 -0.0000
vn 0.7112 -0.7030 -0.0000
vn -0.9973 -0.0741 -0.0000
vn 0.9989 0.0462 -0.0000
vn -0.9736 -0.2284 -0.0000
vn -0.8994 -0.4371 -0.0000
vn -0.7738 -0.6334 -0.0000
vn -0.6351 -0.7725 -0.0000
vn -0.9726 -0.2325 -0.0000
vn -0.8987 -0.4386 -0.0000
vn 0.8259 -0.5638 -0.0000
vn -0.7783 -0.6280 -0.0000
vn -0.9730 -0.2310 -0.0000
vn -0.7766 -0.6300 -0.0000
vn 0.7811 0.6244 -0.0000
vn 0.9720 0.2351 -0.0000
vn -0.0822 0.9966 -0.0000
vn 0.7792 0.6268 -0.0000
vn 0.3691 0.4422 0.8175
vn 0.3689 0.4417 0.8178
vn 0.3685 0.4410 0.8184
vn -0.7801 -0.6257 -0.0000
vn -0.8982 -0.4395 -0.0000
vn -0.6371 -0.7708 -0.0000
vn -0.9722 -0.2342 -0.0000
vn 0.6376 0.7704 -0.0000
vn -0.8978 -0.4405 -0.0000
vn -0.6383 -0.7698 -0.0000
vn 0.6389 0.7693 -0.0000
vn 0.8985 0.4390 -0.0000
vn -0.6395 -0.7688 -0.0000
vn 0.9728 0.2316 -0.0000
vn 0.6401 0.7683 -0.0000
vn 0.8980 0.4400 -0.0000
vn 0.7772 0.6292 -0.0000
vn 0.9724 0.2334 -0.0000
vn 0.8975 0.4410 -0.0000
vn -0.8313 0.5558 -0.0000
vn 0.3695 0.4428 0.8170
vn 0.3696 0.4426 0.8170
vn -0.8438 0.5366 -0.0000
vn -0.8444 0.5358 -0.0000
vn -0.8378 0.5460 -0.0003
vn 0.8390 -0.5441 -0.0000
vn -0.8381 0.5455 -0.0000
vn -0.8256 0.5643 -0.0003
vn -0.8259 0.5638 -0.0000
vn -0.8318 0.5550 -0.0000
vn 0.8334 -0.5527 -0.0000
vn 0.8390 -0.5442 -0.0000
vn 0.3698 0.4429 0.8167
vn 0.3698 0.4429 0.8168
vn 0.3699 0.4427 0.8169
vn 0.6421 0.7667 -0.0000
vn 0.8386 -0.5448 -0.0004
vn 0.8340 -0.5517 -0.0000
vn -0.6359 -0.7717 -0.0000
vn 0.8434 -0.5373 -0.0004
vn 0.9990 0.0447 -0.0000
vn -0.3516 0.9361 -0.0000
vn -0.9981 -0.0623 -0.0000
vn -0.9400 -0.3412 -0.0000
vn 0.3700 0.4430 -0.8166
vn 0.3699 0.4432 -0.8165
vn 0.3701 0.4429 -0.8166
vn 0.3134 0.4816 -0.8184
vn 0.4529 0.3603 -0.8155
vn 0.4545 0.3619 -0.8139
vn 0.4516 0.3587 -0.8169
vn 0.5599 0.1363 -0.8173
vn 0.5609 0.1364 -0.8166
vn 0.5618 0.1364 -0.8160
vn 0.5183 0.2552 -0.8162
vn 0.5191 0.2555 -0.8157
vn 0.5197 0.2557 -0.8152
vn 0.5734 0.0410 -0.8183
vn -1.0000 0.0054 -0.0000
vn -1.0000 0.0027 -0.0000
vn -0.5213 -0.0246 0.8530
vn 0.3689 0.4417 -0.8178
vn 0.3691 0.4422 -0.8174
vn 0.3685 0.4410 -0.8184
vn 0.3696 0.4426 -0.8170
vn 0.3695 0.4428 -0.8170
vn -0.8378 0.5460 0.0003
vn -0.8256 0.5643 0.0003
vn 0.3698 0.4429 -0.8168
vn 0.3698 0.4429 -0.8167
vn 0.3699 0.4427 -0.8169
vn 0.8386 -0.5448 0.0004
vn 0.8434 -0.5373 0.0004
vn -0.0333 0.8633 -0.5036
vn -0.9994 -0.0279 0.0183
vn 0.0182 0.0047 0.9998
vn 0.0152 -0.8680 -0.4963
vn -0.0182 -0.0047 -0.9998
vn -0.0152 0.8680 0.4963
vn 0.0333 -0.8633 0.5036
vn -0.0030 0.8638 -0.5039
vn 0.1551 0.0002 -0.9879
vn 0.0484 0.0056 0.9988
vn 0.0454 -0.8668 -0.4966
vn 0.0121 -0.0039 -0.9999
vn 0.0151 0.8685 0.4955
vn 0.0636 -0.8621 0.5028
vn 0.2643 0.8328 -0.4864
vn 0.1581 0.8598 0.4856
vn 0.2058 -0.8455 0.4928
vn 0.2058 -0.8454 0.4928
vn 0.1402 0.8551 -0.4991
vn 0.1909 0.0095 0.9816
vn 0.1879 -0.8501 -0.4919
vn 0.3120 0.8296 0.4631
vn 0.3119 0.8296 0.4631
vn 0.3135 0.0128 0.9495
vn 0.3106 -0.8208 -0.4794
vn 0.2788 0.0038 -0.9604
vn 0.2816 0.8373 0.4686
vn 0.3279 -0.8163 0.4755
vn 0.9994 0.0279 -0.0183
vn 0.3578 -0.8069 0.4700
vn 0.2948 0.8251 -0.4820
vn 0.2948 0.8251 -0.4819
vn 0.3435 0.0136 0.9391
vn 0.3434 0.0136 0.9391
vn 0.3406 -0.8114 -0.4750
vn 0.3091 0.0046 -0.9510
vn 0.0374 -0.8672 -0.4965
vn 0.0556 -0.8625 0.5030
vn 0.0404 0.0054 0.9992
vn 0.0071 0.8685 0.4957
vn 0.0071 0.8684 0.4957
vn 0.2564 -0.8351 0.4867
vn -0.0110 0.8637 -0.5038
vn 0.0041 -0.0041 -1.0000
vn -0.7601 -0.0240 -0.6494
vn 0.1914 0.8476 -0.4949
vn 0.2387 -0.8397 -0.4877
vn 0.2416 0.0109 0.9703
vn 0.2062 0.0016 -0.9785
vn 0.2092 0.8522 0.4795
vn 0.2091 0.8522 0.4795
vn 0.5080 0.7435 -0.4348
vn 0.5081 0.7435 -0.4348
vn 0.9994 0.0279 -0.0182
vn 0.5515 0.0190 0.8340
vn 0.5489 -0.7176 -0.4286
vn 0.5490 -0.7176 -0.4286
vn 0.5208 0.0110 -0.8536
vn 0.5234 0.7475 0.4090
vn 0.5643 -0.7136 0.4152
vn 0.5643 -0.7136 0.4151
vn -0.7581 0.5548 0.3428
vn -0.7259 -0.5934 0.3477
vn -0.7701 0.5517 -0.3203
vn -0.7701 0.5516 -0.3203
vn -0.7380 -0.5966 -0.3154
vn -0.7360 -0.0178 0.6768
vn -0.7360 -0.0177 0.6768
vn -0.9994 -0.0279 0.0182
vn 0.1967 -0.8478 0.4924
vn 0.1353 0.8519 0.5060
vn 0.6131 0.7900 -0.0000
vn -0.8396 0.5432 -0.0000
vn 0.3698 0.4433 0.8165
vn 0.4558 0.3633 0.8125
vn 0.5618 0.1364 0.8160
vn 0.5197 0.2557 0.8152
vn 0.5899 0.0379 0.8066
vn -0.5213 -0.0246 -0.8530
vn 0.3695 0.4429 0.8169
vn 0.3697 0.4432 0.8167
vn 0.3698 0.4433 -0.8165
vn 0.4558 0.3633 -0.8125
vn 0.5591 0.1363 -0.8179
vn 0.5175 0.2550 -0.8168
vn 0.5899 0.0379 -0.8066
vn -0.5222 -0.0249 0.8524
vn 0.3695 0.4429 -0.8169
vn 1.0000 -0.0091 -0.0000
vn 0.3697 0.4432 -0.8166
vn -0.0151 0.8680 0.4963
vn 0.4699 0.6055 -0.6423
vn 0.4694 0.6061 -0.6421
vn 0.4700 0.6055 -0.6423
vn 0.4699 0.6055 0.6423
vn 0.4679 0.6081 -0.6413
vn 0.4201 0.6411 0.6423
vn 0.4672 0.6089 -0.6411
s 1
vt 0.125000 0.875000
vt 0.375000 0.875000
vt 0.625000 0.875000
vt 0.875000 0.875000
vt 0.125000 0.625000
vt 0.375000 0.625000
vt 0.625000 0.625000
vt 0.875000 0.625000
vt 0.125000 0.375000
vt 0.375000 0.375000
vt 0.625000 0.375000
vt 0.875000 0.375000
f 27/2/27 30/2/27 29/2/27
f 30/2/28 31/2/28 29/2/28
f 32/2/29 33/2/29 31/2/29
f 33/2/30 36/2/30 35/2/30
f 32/2/31 40/2/31 41/2/31
f 36/2/32 37/2/32 35/2/32
f 38/2/33 27/2/33 37/2/33
f 27/2/34 66/2/34 37/2/34
f 44/2/35 45/2/35 39/2/35
f 38/2/36 43/2/36 44/2/36
f 28/2/37 40/2/37 30/2/37
f 32/2/38 42/2/38 34/2/38
f 28/2/39 44/2/39 39/2/39
f 34/2/40 43/2/40 36/2/40
f 50/2/41 55/2/41 56/2/42
f 42/2/43 49/2/43 43/2/43
f 41/2/44 46/2/44 47/2/44
f 44/2/45 49/2/45 50/2/45
f 42/2/46 47/2/46 48/2/46
f 40/2/47 45/2/47 46/2/47
f 56/2/21 1/2/21 51/2/21
f 48/2/48 53/2/48 54/2/48
f 45/2/49 52/2/50 46/2/50
f 45/2/51 56/2/51 51/2/51
f 48/2/52 55/2/52 49/2/52
f 47/2/53 52/2/53 53/2/53
f 54/2/21 59/2/21 55/2/21
f 53/2/21 2/2/21 57/2/21
f 56/2/21 59/2/21 60/2/21
f 53/2/21 58/2/21 54/2/21
f 51/2/21 2/2/21 52/2/21
f 62/2/54 69/2/54 68/2/54
f 33/2/55 65/2/55 64/2/55
f 31/2/56 62/2/56 29/2/56
f 37/2/57 65/2/57 35/2/57
f 27/2/58 62/2/58 61/2/58
f 31/2/59 64/2/59 63/2/59
f 68/2/21 73/2/21 67/2/21
f 65/2/45 72/2/45 71/2/45
f 64/2/46 69/2/46 63/2/46
f 62/2/60 67/2/60 61/2/60
f 61/2/35 72/2/35 66/2/35
f 65/2/43 70/2/43 64/2/43
f 78/2/45 83/2/45 77/2/61
f 67/2/21 78/2/21 72/2/21
f 71/2/21 76/2/21 70/2/21
f 68/2/21 75/2/21 74/2/21
f 71/2/21 78/2/21 77/2/21
f 69/2/21 76/2/21 75/2/21
f 82/2/62 87/2/62 81/2/62
f 75/2/46 82/2/46 81/2/46
f 74/2/47 79/2/47 73/2/47
f 73/2/35 84/2/35 78/2/35
f 77/2/63 82/2/43 76/2/43
f 74/2/44 81/2/44 80/2/44
f 87/2/45 92/2/45 86/2/45
f 79/2/62 86/2/62 85/2/62
f 79/2/62 90/2/62 84/2/62
f 82/2/62 89/2/62 88/2/62
f 81/2/62 86/2/62 80/2/62
f 84/2/62 89/2/62 83/2/62
f 91/2/64 98/2/62 97/2/64
f 90/2/44 95/2/44 89/2/44
f 88/2/35 93/2/35 87/2/35
f 85/2/43 92/2/43 91/2/43
f 90/2/46 91/2/46 96/2/46
f 88/2/47 95/2/47 94/2/47
f 91/2/64 102/2/62 96/2/62
f 94/2/62 101/2/62 100/2/62
f 93/2/65 98/2/62 92/2/62
f 96/2/62 101/2/62 95/2/62
f 93/2/65 100/2/62 99/2/65
f 131/2/91 134/2/91 133/2/91
f 133/2/92 136/2/92 135/2/92
f 135/2/93 138/2/93 137/2/93
f 138/2/94 139/2/94 137/2/94
f 136/2/95 144/2/95 145/2/95
f 140/2/96 141/2/96 139/2/96
f 142/2/97 131/2/97 141/2/97
f 131/2/98 168/2/98 141/2/98
f 143/2/99 154/2/99 149/2/99
f 142/2/100 147/2/100 148/2/100
f 132/2/101 144/2/101 134/2/101
f 138/2/102 145/2/102 146/2/102
f 132/2/103 148/2/103 143/2/103
f 138/2/104 147/2/104 140/2/104
f 154/2/105 159/2/105 160/2/105
f 147/2/106 152/2/106 153/2/106
f 144/2/107 151/2/107 145/2/107
f 148/2/108 153/2/108 154/2/108
f 145/2/109 152/2/109 146/2/109
f 143/2/110 150/2/110 144/2/110
f 155/2/85 106/2/111 103/2/85
f 152/2/112 157/2/113 158/2/112
f 149/2/114 156/2/114 150/2/114
f 149/2/115 160/2/115 155/2/115
f 152/2/116 159/2/116 153/2/116
f 151/2/117 156/2/117 157/2/117
f 158/2/111 162/2/85 159/2/111
f 157/2/85 104/2/85 161/2/85
f 160/2/111 162/2/85 106/2/111
f 158/2/111 161/2/85 105/2/111
f 155/2/85 104/2/85 156/2/85
f 165/2/107 170/2/107 164/2/107
f 137/2/118 167/2/118 166/2/118
f 135/2/119 164/2/120 133/2/120
f 141/2/121 167/2/121 139/2/121
f 131/2/122 164/2/122 163/2/122
f 137/2/123 165/2/123 135/2/123
f 170/2/85 175/2/85 169/2/85
f 167/2/108 174/2/108 173/2/108
f 166/2/109 171/2/109 165/2/109
f 164/2/124 169/2/124 163/2/124
f 168/2/99 169/2/99 174/2/99
f 166/2/106 173/2/125 172/2/106
f 179/2/108 186/2/108 185/2/108
f 174/2/85 175/2/85 180/2/85
f 173/2/85 178/2/85 172/2/85
f 170/2/85 177/2/85 176/2/85
f 173/2/85 180/2/85 179/2/85
f 171/2/85 178/2/85 177/2/85
f 184/2/126 189/2/126 183/2/126
f 178/2/109 183/2/109 177/2/109
f 176/2/110 181/2/110 175/2/124
f 180/2/99 181/2/99 186/2/99
f 178/2/106 185/2/106 184/2/106
f 177/2/107 182/2/107 176/2/107
f 188/2/108 195/2/108 194/2/108
f 181/2/126 188/2/126 187/2/126
f 181/2/126 192/2/126 186/2/126
f 184/2/126 191/2/126 190/2/126
f 183/2/126 188/2/126 182/2/126
f 186/2/126 191/2/126 185/2/126
f 193/2/127 200/2/128 199/2/127
f 192/2/107 197/2/107 191/2/107
f 189/2/99 196/2/99 195/2/99
f 187/2/106 194/2/106 193/2/106
f 187/2/109 198/2/109 192/2/109
f 191/2/110 196/2/110 190/2/110
f 193/2/127 204/2/126 198/2/126
f 196/2/127 203/2/128 202/2/127
f 195/2/126 200/2/128 194/2/128
f 198/2/126 203/2/128 197/2/128
f 196/2/127 201/2/126 195/2/126
f 1003/2/300 1004/2/300 1002/2/300
f 1005/2/301 1006/2/301 1004/2/301
f 1006/2/302 1009/2/302 1008/2/302
f 1008/2/303 1011/2/304 1010/2/303
f 1007/2/305 1015/2/305 1016/2/305
f 1010/2/306 1013/2/306 1012/2/306
f 1012/2/307 1003/2/307 1002/2/307
f 1012/2/308 1034/2/308 1039/2/308
f 1014/2/268 1025/2/268 1020/2/268
f 1013/2/309 1018/2/309 1019/2/309
f 1003/2/310 1015/2/310 1005/2/310
f 1007/2/311 1017/2/311 1009/2/311
f 1013/2/312 1014/2/312 1003/2/312
f 1009/2/313 1018/2/314 1011/2/314
f 1025/2/315 1030/2/315 1031/2/316
f 1017/2/269 1024/2/269 1018/2/269
f 1016/2/270 1021/2/270 1022/2/270
f 1018/2/264 1025/2/264 1019/2/264
f 1016/2/266 1023/2/266 1017/2/266
f 1015/2/267 1020/2/267 1021/2/267
f 1031/2/292 1032/2/317 1026/2/317
f 1022/2/318 1029/2/318 1023/2/318
f 1020/2/319 1027/2/320 1021/2/320
f 1025/2/321 1026/2/321 1020/2/321
f 1023/2/322 1030/2/322 1024/2/322
f 1022/2/323 1027/2/324 1028/2/323
f 1029/2/292 976/2/292 1030/2/292
f 1028/2/292 1033/2/292 974/2/292
f 1031/2/292 976/2/292 977/2/292
f 1028/2/292 975/2/292 1029/2/292
f 1026/2/317 1033/2/292 1027/2/292
f 1035/2/270 1042/2/270 1041/2/270
f 1008/2/325 1038/2/325 1037/2/325
f 1006/2/326 1035/2/326 1004/2/326
f 1012/2/327 1038/2/328 1010/2/328
f 1002/2/329 1035/2/329 1034/2/329
f 1006/2/330 1037/2/330 1036/2/331
f 1041/2/292 1046/2/292 1040/2/292
f 1039/2/264 1044/2/264 1038/2/264
f 1037/2/266 1042/2/266 1036/2/266
f 1034/2/267 1041/2/267 1040/2/267
f 1039/2/268 1040/2/268 1045/2/268
f 1038/2/269 1043/2/269 1037/2/269
f 1051/2/264 1056/2/264 1050/2/264
f 1040/2/292 1051/2/292 1045/2/292
f 1044/2/292 1049/2/292 1043/2/292
f 1041/2/292 1048/2/292 1047/2/292
f 1044/2/292 1051/2/292 1050/2/292
f 1043/2/292 1048/2/292 1042/2/292
f 1054/2/265 1061/2/265 1060/2/265
f 1049/2/266 1054/2/266 1048/2/266
f 1046/2/267 1053/2/267 1052/2/267
f 1051/2/268 1052/2/268 1057/2/268
f 1050/2/269 1055/2/269 1049/2/269
f 1047/2/270 1054/2/270 1053/2/270
f 1060/2/264 1065/2/264 1059/2/264
f 1052/2/265 1059/2/265 1058/2/265
f 1057/2/265 1058/2/265 1063/2/265
f 1055/2/265 1062/2/265 1061/2/265
f 1054/2/265 1059/2/265 1053/2/265
f 1057/2/265 1062/2/265 1056/2/265
f 1064/2/265 1071/2/265 1070/2/265
f 1062/2/270 1069/2/270 1068/2/270
f 1060/2/268 1067/2/268 1066/2/268
f 1059/2/269 1064/2/269 1058/2/269
f 1058/2/266 1069/2/266 1063/2/266
f 1061/2/267 1068/2/267 1067/2/267
f 1069/2/265 1070/2/265 1075/2/265
f 1067/2/265 1074/2/265 1073/2/265
f 1066/2/332 1071/2/265 1065/2/265
f 1069/2/265 1074/2/265 1068/2/265
f 1066/2/332 1073/2/265 1072/2/332
f 27/2/27 28/2/27 30/2/27
f 30/2/28 32/2/28 31/2/28
f 32/2/29 34/2/29 33/2/29
f 33/2/30 34/2/30 36/2/30
f 32/2/31 30/2/31 40/2/31
f 36/2/32 38/2/32 37/2/32
f 38/2/33 28/2/33 27/2/33
f 27/2/34 61/2/34 66/2/34
f 44/2/35 50/2/35 45/2/35
f 38/2/36 36/2/36 43/2/36
f 28/2/37 39/2/37 40/2/37
f 32/2/38 41/2/38 42/2/38
f 28/2/39 38/2/39 44/2/39
f 34/2/40 42/2/40 43/2/40
f 50/2/41 49/2/41 55/2/41
f 42/2/43 48/2/43 49/2/43
f 41/2/44 40/2/44 46/2/44
f 44/2/45 43/2/45 49/2/45
f 42/2/46 41/2/46 47/2/46
f 40/2/47 39/2/47 45/2/47
f 56/2/21 60/2/21 1/2/21
f 48/2/48 47/2/48 53/2/48
f 45/2/49 51/2/49 52/2/50
f 45/2/51 50/2/51 56/2/51
f 48/2/52 54/2/52 55/2/52
f 47/2/53 46/2/53 52/2/53
f 54/2/21 58/2/21 59/2/21
f 53/2/21 52/2/21 2/2/21
f 56/2/21 55/2/21 59/2/21
f 53/2/21 57/2/21 58/2/21
f 51/2/21 1/2/21 2/2/21
f 62/2/54 63/2/54 69/2/54
f 33/2/55 35/2/55 65/2/55
f 31/2/56 63/2/56 62/2/56
f 37/2/57 66/2/57 65/2/57
f 27/2/58 29/2/58 62/2/58
f 31/2/59 33/2/59 64/2/59
f 68/2/21 74/2/21 73/2/21
f 65/2/45 66/2/45 72/2/45
f 64/2/46 70/2/46 69/2/46
f 62/2/60 68/2/60 67/2/60
f 61/2/35 67/2/35 72/2/35
f 65/2/43 71/2/43 70/2/43
f 78/2/45 84/2/45 83/2/45
f 67/2/21 73/2/21 78/2/21
f 71/2/21 77/2/21 76/2/21
f 68/2/21 69/2/21 75/2/21
f 71/2/21 72/2/21 78/2/21
f 69/2/21 70/2/21 76/2/21
f 82/2/62 88/2/62 87/2/62
f 75/2/46 76/2/46 82/2/46
f 74/2/47 80/2/47 79/2/47
f 73/2/35 79/2/35 84/2/35
f 77/2/63 83/2/63 82/2/43
f 74/2/44 75/2/44 81/2/44
f 87/2/45 93/2/45 92/2/45
f 79/2/62 80/2/62 86/2/62
f 79/2/62 85/2/62 90/2/62
f 82/2/62 83/2/62 89/2/62
f 81/2/62 87/2/62 86/2/62
f 84/2/62 90/2/62 89/2/62
f 91/2/64 92/2/62 98/2/62
f 90/2/44 96/2/44 95/2/44
f 88/2/35 94/2/35 93/2/35
f 85/2/43 86/2/43 92/2/43
f 90/2/46 85/2/46 91/2/46
f 88/2/47 89/2/47 95/2/47
f 91/2/64 97/2/64 102/2/62
f 94/2/62 95/2/62 101/2/62
f 93/2/65 99/2/65 98/2/62
f 96/2/62 102/2/62 101/2/62
f 93/2/65 94/2/62 100/2/62
f 131/2/91 132/2/91 134/2/91
f 133/2/92 134/2/92 136/2/92
f 135/2/93 136/2/93 138/2/93
f 138/2/94 140/2/94 139/2/94
f 136/2/95 134/2/95 144/2/95
f 140/2/96 142/2/96 141/2/96
f 142/2/97 132/2/97 131/2/97
f 131/2/98 163/2/98 168/2/98
f 143/2/99 148/2/99 154/2/99
f 142/2/100 140/2/100 147/2/100
f 132/2/101 143/2/101 144/2/101
f 138/2/102 136/2/102 145/2/102
f 132/2/103 142/2/103 148/2/103
f 138/2/104 146/2/104 147/2/104
f 154/2/105 153/2/105 159/2/105
f 147/2/106 146/2/106 152/2/106
f 144/2/107 150/2/107 151/2/107
f 148/2/108 147/2/108 153/2/108
f 145/2/109 151/2/109 152/2/109
f 143/2/110 149/2/110 150/2/110
f 155/2/85 160/2/111 106/2/111
f 152/2/112 151/2/113 157/2/113
f 149/2/114 155/2/114 156/2/114
f 149/2/115 154/2/115 160/2/115
f 152/2/116 158/2/116 159/2/116
f 151/2/117 150/2/117 156/2/117
f 158/2/111 105/2/111 162/2/85
f 157/2/85 156/2/85 104/2/85
f 160/2/111 159/2/111 162/2/85
f 158/2/111 157/2/85 161/2/85
f 155/2/85 103/2/85 104/2/85
f 165/2/107 171/2/107 170/2/107
f 137/2/118 139/2/118 167/2/118
f 135/2/119 165/2/119 164/2/120
f 141/2/121 168/2/121 167/2/121
f 131/2/122 133/2/122 164/2/122
f 137/2/123 166/2/123 165/2/123
f 170/2/85 176/2/85 175/2/85
f 167/2/108 168/2/108 174/2/108
f 166/2/109 172/2/109 171/2/109
f 164/2/124 170/2/110 169/2/124
f 168/2/99 163/2/99 169/2/99
f 166/2/106 167/2/125 173/2/125
f 179/2/108 180/2/108 186/2/108
f 174/2/85 169/2/85 175/2/85
f 173/2/85 179/2/85 178/2/85
f 170/2/85 171/2/85 177/2/85
f 173/2/85 174/2/85 180/2/85
f 171/2/85 172/2/85 178/2/85
f 184/2/126 190/2/126 189/2/126
f 178/2/109 184/2/109 183/2/109
f 176/2/110 182/2/110 181/2/110
f 180/2/99 175/2/99 181/2/99
f 178/2/106 179/2/106 185/2/106
f 177/2/107 183/2/107 182/2/107
f 188/2/108 189/2/108 195/2/108
f 181/2/126 182/2/126 188/2/126
f 181/2/126 187/2/126 192/2/126
f 184/2/126 185/2/126 191/2/126
f 183/2/126 189/2/126 188/2/126
f 186/2/126 192/2/126 191/2/126
f 193/2/127 194/2/128 200/2/128
f 192/2/107 198/2/107 197/2/107
f 189/2/99 190/2/99 196/2/99
f 187/2/106 188/2/106 194/2/106
f 187/2/109 193/2/109 198/2/109
f 191/2/110 197/2/110 196/2/110
f 193/2/127 199/2/127 204/2/126
f 196/2/127 197/2/128 203/2/128
f 195/2/126 201/2/126 200/2/128
f 198/2/126 204/2/126 203/2/128
f 196/2/127 202/2/127 201/2/126
f 1003/2/300 1005/2/300 1004/2/300
f 1005/2/301 1007/2/301 1006/2/301
f 1006/2/302 1007/2/302 1009/2/302
f 1008/2/303 1009/2/304 1011/2/304
f 1007/2/305 1005/2/305 1015/2/305
f 1010/2/306 1011/2/306 1013/2/306
f 1012/2/307 1013/2/307 1003/2/307
f 1012/2/308 1002/2/308 1034/2/308
f 1014/2/268 1019/2/268 1025/2/268
f 1013/2/309 1011/2/309 1018/2/309
f 1003/2/310 1014/2/310 1015/2/310
f 1007/2/311 1016/2/311 1017/2/311
f 1013/2/312 1019/2/312 1014/2/312
f 1009/2/313 1017/2/313 1018/2/314
f 1025/2/315 1024/2/315 1030/2/315
f 1017/2/269 1023/2/269 1024/2/269
f 1016/2/270 1015/2/270 1021/2/270
f 1018/2/264 1024/2/264 1025/2/264
f 1016/2/266 1022/2/266 1023/2/266
f 1015/2/267 1014/2/267 1020/2/267
f 1031/2/292 977/2/292 1032/2/317
f 1022/2/318 1028/2/318 1029/2/318
f 1020/2/319 1026/2/319 1027/2/320
f 1025/2/321 1031/2/321 1026/2/321
f 1023/2/322 1029/2/322 1030/2/322
f 1022/2/323 1021/2/324 1027/2/324
f 1029/2/292 975/2/292 976/2/292
f 1028/2/292 1027/2/292 1033/2/292
f 1031/2/292 1030/2/292 976/2/292
f 1028/2/292 974/2/292 975/2/292
f 1026/2/317 1032/2/317 1033/2/292
f 1035/2/270 1036/2/270 1042/2/270
f 1008/2/325 1010/2/325 1038/2/325
f 1006/2/326 1036/2/326 1035/2/326
f 1012/2/327 1039/2/327 1038/2/328
f 1002/2/329 1004/2/329 1035/2/329
f 1006/2/330 1008/2/330 1037/2/330
f 1041/2/292 1047/2/292 1046/2/292
f 1039/2/264 1045/2/264 1044/2/264
f 1037/2/266 1043/2/266 1042/2/266
f 1034/2/267 1035/2/267 1041/2/267
f 1039/2/268 1034/2/268 1040/2/268
f 1038/2/269 1044/2/269 1043/2/269
f 1051/2/264 1057/2/264 1056/2/264
f 1040/2/292 1046/2/292 1051/2/292
f 1044/2/292 1050/2/292 1049/2/292
f 1041/2/292 1042/2/292 1048/2/292
f 1044/2/292 1045/2/292 1051/2/292
f 1043/2/292 1049/2/292 1048/2/292
f 1054/2/265 1055/2/265 1061/2/265
f 1049/2/266 1055/2/266 1054/2/266
f 1046/2/267 1047/2/267 1053/2/267
f 1051/2/268 1046/2/268 1052/2/268
f 1050/2/269 1056/2/269 1055/2/269
f 1047/2/270 1048/2/270 1054/2/270
f 1060/2/264 1066/2/264 1065/2/264
f 1052/2/265 1053/2/265 1059/2/265
f 1057/2/265 1052/2/265 1058/2/265
f 1055/2/265 1056/2/265 1062/2/265
f 1054/2/265 1060/2/265 1059/2/265
f 1057/2/265 1063/2/265 1062/2/265
f 1064/2/265 1065/2/265 1071/2/265
f 1062/2/270 1063/2/270 1069/2/270
f 1060/2/268 1061/2/268 1067/2/268
f 1059/2/269 1065/2/269 1064/2/269
f 1058/2/266 1064/2/266 1069/2/266
f 1061/2/267 1062/2/267 1068/2/267
f 1069/2/265 1064/2/265 1070/2/265
f 1067/2/265 1068/2/265 1074/2/265
f 1066/2/332 1072/2/332 1071/2/265
f 1069/2/265 1075/2/265 1074/2/265
f 1066/2/332 1067/2/265 1073/2/265
f 237/4/131 209/4/131 242/4/131
f 209/4/132 243/4/132 242/4/132
f 212/4/133 245/4/133 244/4/133
f 211/4/134 244/4/134 243/4/134
f 420/4/135 246/4/135 424/4/135
f 247/4/136 235/4/136 249/4/136
f 467/4/137 247/4/137 455/4/137
f 238/4/138 353/4/139 357/4/139
f 421/4/140 227/4/141 422/4/142
f 453/4/143 222/4/143 228/4/143
f 219/4/144 226/4/145 225/4/146
f 223/4/147 218/4/148 224/4/149
f 224/4/150 219/4/151 225/4/152
f 239/4/153 229/4/153 240/4/153
f 229/4/154 216/4/154 223/4/154
f 468/4/46 223/4/46 469/4/46
f 240/4/153 468/4/153 476/4/153
f 470/4/46 225/4/46 471/4/46
f 469/4/46 224/4/46 470/4/46
f 225/4/46 472/4/46 471/4/46
f 482/4/46 228/4/46 474/4/46
f 422/4/46 473/4/46 480/4/46
f 238/4/138 228/4/136 222/4/155
f 423/4/46 214/4/46 420/4/46
f 454/4/46 215/4/46 467/4/46
f 232/4/46 213/4/46 212/4/46
f 209/4/46 231/4/46 211/4/46
f 211/4/46 232/4/46 212/4/46
f 248/4/153 210/4/153 237/4/153
f 210/4/46 230/4/46 209/4/46
f 249/4/136 474/4/136 475/4/136
f 600/4/136 475/4/136 852/4/136
f 599/4/153 237/4/153 584/4/153
f 252/4/156 658/4/156 287/4/156
f 254/4/157 289/4/157 255/4/157
f 255/4/158 290/4/158 256/4/158
f 260/4/159 295/4/159 294/4/159
f 260/4/160 288/4/160 254/4/160
f 262/4/153 293/4/153 296/4/161
f 257/4/162 367/4/162 363/4/162
f 590/4/138 241/4/136 238/4/138
f 239/4/163 251/4/164 250/4/165
f 599/4/166 253/4/166 248/4/166
f 590/4/138 357/4/139 734/4/139
f 455/4/137 589/4/137 836/4/137
f 589/4/136 249/4/136 600/4/136
f 424/4/135 588/4/135 803/4/135
f 243/4/134 586/4/134 585/4/134
f 244/4/133 587/4/133 586/4/133
f 242/4/132 585/4/132 583/4/132
f 263/4/167 295/4/167 261/4/167
f 584/4/131 242/4/131 583/4/131
f 239/4/35 355/4/35 354/4/35
f 476/4/35 253/4/35 477/4/35
f 258/4/168 445/4/168 441/4/168
f 252/4/169 493/4/169 483/4/169
f 298/4/46 260/4/46 254/4/46
f 261/4/170 306/4/170 304/4/170
f 299/4/46 256/4/46 300/4/46
f 298/4/46 255/4/46 299/4/46
f 256/4/46 301/4/46 300/4/46
f 456/4/46 303/4/46 461/4/46
f 425/4/46 302/4/46 429/4/46
f 256/4/171 291/4/171 257/4/171
f 271/4/46 264/4/46 272/4/46
f 284/4/172 271/4/172 286/4/173
f 273/4/46 267/4/46 274/4/46
f 272/4/46 266/4/46 273/4/46
f 267/4/46 275/4/46 274/4/46
f 457/4/46 277/4/46 458/4/46
f 435/4/46 276/4/46 426/4/46
f 411/4/46 553/4/46 427/4/46
f 427/4/46 551/4/46 282/4/46
f 282/4/46 557/4/46 444/4/46
f 281/4/46 549/4/46 550/4/46
f 283/4/174 933/4/174 639/4/174
f 278/4/175 638/4/175 637/4/175
f 285/4/139 270/4/139 283/4/139
f 426/4/46 490/4/46 496/4/46
f 458/4/46 491/4/46 498/4/46
f 274/4/46 489/4/46 488/4/46
f 486/4/46 273/4/46 487/4/46
f 487/4/46 274/4/46 488/4/46
f 286/4/173 484/4/170 492/4/170
f 486/4/46 271/4/46 272/4/46
f 286/4/176 658/4/176 648/4/176
f 647/4/139 283/4/139 639/4/139
f 264/4/175 284/4/175 278/4/175
f 278/4/177 266/4/177 264/4/177
f 279/4/178 267/4/178 266/4/178
f 280/4/179 268/4/179 267/4/179
f 427/4/180 269/4/180 435/4/180
f 459/4/168 270/4/168 457/4/168
f 638/4/172 286/4/173 648/4/172
f 295/4/35 493/4/35 492/4/35
f 626/4/139 485/4/139 869/4/139
f 296/4/139 491/4/139 485/4/139
f 429/4/46 312/4/46 430/4/46
f 461/4/46 313/4/46 462/4/46
f 319/4/181 384/4/181 318/4/181
f 300/4/182 377/4/182 299/4/182
f 369/4/183 398/4/183 368/4/183
f 304/4/170 316/4/170 314/4/170
f 308/4/46 306/4/46 298/4/46
f 304/4/35 263/4/35 261/4/35
f 679/4/139 262/4/139 626/4/139
f 307/4/139 259/4/139 262/4/139
f 326/4/46 308/4/46 318/4/46
f 314/4/170 326/4/170 324/4/170
f 319/4/46 310/4/46 320/4/46
f 318/4/46 309/4/46 319/4/46
f 310/4/46 321/4/46 320/4/46
f 462/4/46 323/4/46 463/4/46
f 430/4/46 322/4/46 431/4/46
f 314/4/35 305/4/35 304/4/35
f 690/4/139 307/4/139 679/4/139
f 317/4/139 303/4/139 307/4/139
f 431/4/46 332/4/46 432/4/46
f 463/4/46 333/4/46 464/4/46
f 321/4/184 382/4/184 320/4/184
f 299/4/185 376/4/185 298/4/185
f 301/4/186 374/4/186 300/4/186
f 324/4/170 336/4/170 334/4/170
f 336/4/46 318/4/46 328/4/46
f 324/4/35 315/4/35 314/4/35
f 701/4/139 317/4/139 690/4/139
f 327/4/139 313/4/139 317/4/139
f 346/4/46 328/4/46 338/4/46
f 334/4/170 346/4/170 344/4/170
f 339/4/46 330/4/46 340/4/46
f 338/4/46 329/4/46 339/4/46
f 330/4/46 341/4/46 340/4/46
f 464/4/46 343/4/46 465/4/46
f 432/4/46 342/4/46 433/4/46
f 334/4/35 325/4/35 324/4/35
f 712/4/139 327/4/139 701/4/139
f 337/4/139 323/4/139 327/4/139
f 433/4/46 352/4/46 434/4/46
f 465/4/46 353/4/46 466/4/46
f 371/4/183 400/4/183 370/4/183
f 350/4/187 397/4/187 351/4/187
f 348/4/188 395/4/188 349/4/188
f 344/4/170 356/4/170 354/4/170
f 356/4/46 338/4/46 348/4/46
f 344/4/35 335/4/35 334/4/35
f 723/4/139 337/4/139 712/4/139
f 347/4/139 333/4/139 337/4/139
f 217/4/46 348/4/46 216/4/46
f 354/4/170 217/4/170 239/4/170
f 218/4/46 350/4/46 219/4/46
f 216/4/46 349/4/46 218/4/46
f 350/4/46 220/4/46 219/4/46
f 466/4/46 222/4/46 452/4/46
f 434/4/46 221/4/46 421/4/46
f 354/4/35 345/4/35 344/4/35
f 734/4/139 347/4/139 723/4/139
f 357/4/139 343/4/139 347/4/139
f 351/4/46 359/4/46 220/4/46
f 338/4/189 394/4/189 348/4/189
f 331/4/46 372/4/46 341/4/46
f 330/4/190 389/4/190 331/4/190
f 311/4/46 370/4/46 321/4/46
f 373/4/183 402/4/183 372/4/183
f 281/4/180 364/4/180 268/4/180
f 275/4/46 494/4/46 489/4/46
f 280/4/46 548/4/46 549/4/46
f 268/4/46 365/4/46 275/4/46
f 257/4/46 368/4/46 301/4/46
f 245/4/135 739/4/135 587/4/135
f 363/4/162 412/4/162 409/4/162
f 233/4/46 358/4/46 213/4/46
f 226/4/46 478/4/46 472/4/46
f 220/4/191 360/4/192 226/4/193
f 213/4/135 362/4/135 245/4/135
f 374/4/46 381/4/46 380/4/46
f 378/4/46 377/4/46 379/4/46
f 379/4/46 374/4/46 380/4/46
f 382/4/46 389/4/46 388/4/46
f 386/4/46 385/4/46 387/4/46
f 387/4/46 382/4/46 388/4/46
f 390/4/46 397/4/46 396/4/46
f 394/4/46 393/4/46 395/4/46
f 395/4/46 390/4/46 396/4/46
f 391/4/46 403/4/46 397/4/46
f 383/4/46 401/4/46 389/4/46
f 375/4/46 399/4/46 381/4/46
f 341/4/194 390/4/194 340/4/194
f 320/4/195 385/4/195 319/4/195
f 368/4/196 375/4/196 301/4/196
f 339/4/197 392/4/197 338/4/197
f 311/4/198 399/4/198 369/4/198
f 340/4/199 393/4/199 339/4/199
f 370/4/200 383/4/200 321/4/200
f 331/4/201 401/4/201 371/4/201
f 309/4/202 380/4/202 310/4/202
f 298/4/189 378/4/189 308/4/189
f 372/4/203 391/4/203 341/4/203
f 308/4/204 379/4/204 309/4/204
f 351/4/205 403/4/205 373/4/205
f 329/4/206 388/4/206 330/4/206
f 310/4/207 381/4/207 311/4/207
f 318/4/189 386/4/189 328/4/189
f 328/4/208 387/4/208 329/4/208
f 349/4/209 396/4/209 350/4/209
f 415/4/210 504/4/210 416/4/210
f 373/4/46 405/4/46 359/4/46
f 372/4/46 418/4/46 373/4/46
f 371/4/46 417/4/46 372/4/46
f 370/4/46 416/4/46 371/4/46
f 369/4/46 415/4/46 370/4/46
f 368/4/46 414/4/46 369/4/46
f 366/4/180 419/4/180 364/4/180
f 365/4/46 495/4/46 494/4/46
f 281/4/46 555/4/46 366/4/46
f 364/4/46 410/4/46 365/4/46
f 363/4/46 413/4/46 368/4/46
f 362/4/135 786/4/135 739/4/135
f 361/4/46 404/4/46 358/4/46
f 360/4/46 479/4/46 478/4/46
f 359/4/211 406/4/212 360/4/192
f 358/4/135 408/4/135 362/4/135
f 425/4/162 292/4/162 258/4/162
f 450/4/213 521/4/213 451/4/213
f 481/4/137 546/4/137 482/4/137
f 462/4/139 536/4/139 461/4/139
f 416/4/210 503/4/210 417/4/210
f 451/4/213 522/4/214 437/4/215
f 482/4/136 533/4/136 453/4/136
f 411/4/180 435/4/180 419/4/180
f 410/4/46 496/4/46 495/4/46
f 279/4/46 547/4/46 548/4/46
f 419/4/46 426/4/46 410/4/46
f 428/4/216 520/4/216 496/4/216
f 408/4/135 803/4/135 786/4/135
f 407/4/46 420/4/46 404/4/46
f 463/4/139 537/4/139 462/4/139
f 417/4/210 501/4/210 418/4/210
f 404/4/135 424/4/135 408/4/135
f 352/4/46 437/4/46 221/4/46
f 342/4/46 451/4/46 352/4/46
f 332/4/46 450/4/46 342/4/46
f 322/4/46 449/4/46 332/4/46
f 312/4/46 448/4/46 322/4/46
f 302/4/46 447/4/46 312/4/46
f 282/4/168 442/4/168 269/4/168
f 276/4/46 497/4/46 490/4/46
f 444/4/46 554/4/46 459/4/46
f 269/4/46 443/4/46 276/4/46
f 258/4/46 446/4/46 302/4/46
f 438/4/217 545/4/217 481/4/217
f 246/4/137 820/4/137 588/4/137
f 214/4/46 439/4/46 436/4/46
f 227/4/46 481/4/46 473/4/46
f 227/4/143 437/4/143 438/4/143
f 214/4/137 440/4/137 246/4/137
f 456/4/168 293/4/168 259/4/168
f 464/4/139 538/4/139 463/4/139
f 405/4/218 509/4/219 406/4/219
f 418/4/210 502/4/220 405/4/218
f 480/4/221 511/4/221 422/4/221
f 430/4/216 514/4/216 429/4/216
f 465/4/139 539/4/139 464/4/139
f 444/4/168 457/4/168 442/4/168
f 443/4/46 498/4/46 497/4/46
f 366/4/46 556/4/46 411/4/46
f 442/4/46 458/4/46 443/4/46
f 441/4/153 529/4/153 530/4/153
f 440/4/137 836/4/137 820/4/137
f 439/4/46 467/4/46 436/4/46
f 409/4/153 500/4/153 499/4/153
f 406/4/219 543/4/219 479/4/219
f 436/4/137 455/4/137 440/4/137
f 481/4/46 454/4/46 439/4/46
f 473/4/46 439/4/46 234/4/46
f 479/4/46 423/4/46 407/4/46
f 478/4/46 407/4/46 361/4/46
f 472/4/46 361/4/46 233/4/46
f 240/4/35 477/4/35 251/4/35
f 852/4/136 241/4/136 591/4/136
f 475/4/136 228/4/136 241/4/136
f 480/4/46 234/4/46 423/4/46
f 454/4/46 474/4/46 235/4/46
f 471/4/46 233/4/46 232/4/46
f 230/4/46 470/4/46 231/4/46
f 231/4/46 471/4/46 232/4/46
f 476/4/153 236/4/153 248/4/153
f 236/4/46 469/4/46 230/4/46
f 431/4/222 515/4/216 430/4/216
f 490/4/46 445/4/46 292/4/46
f 466/4/139 540/4/139 465/4/139
f 494/4/46 412/4/46 367/4/46
f 489/4/46 367/4/46 291/4/46
f 485/4/139 277/4/139 285/4/139
f 869/4/139 285/4/139 647/4/139
f 492/4/35 287/4/35 286/4/35
f 288/4/46 484/4/46 486/4/46
f 492/4/170 294/4/170 295/4/170
f 289/4/46 488/4/46 290/4/46
f 288/4/46 487/4/46 289/4/46
f 488/4/46 291/4/46 290/4/46
f 498/4/46 293/4/46 460/4/46
f 496/4/46 292/4/46 428/4/46
f 483/4/169 297/4/169 263/4/169
f 499/4/162 513/4/162 512/4/162
f 501/4/46 510/4/46 502/4/46
f 503/4/46 519/4/46 501/4/46
f 504/4/46 518/4/46 503/4/46
f 505/4/46 517/4/46 504/4/46
f 506/4/46 516/4/46 505/4/46
f 507/4/46 515/4/46 506/4/46
f 499/4/46 514/4/46 507/4/46
f 509/4/46 544/4/46 543/4/46
f 502/4/223 511/4/224 509/4/225
f 530/4/168 535/4/168 534/4/168
f 521/4/46 532/4/46 522/4/46
f 523/4/46 541/4/46 521/4/46
f 524/4/46 540/4/46 523/4/46
f 525/4/46 539/4/46 524/4/46
f 526/4/46 538/4/46 525/4/46
f 527/4/46 537/4/46 526/4/46
f 530/4/46 536/4/46 527/4/46
f 531/4/46 546/4/46 545/4/46
f 531/4/143 532/4/143 533/4/143
f 528/4/46 535/4/46 529/4/46
f 508/4/46 513/4/46 500/4/46
f 437/4/215 531/4/217 438/4/217
f 449/4/213 523/4/213 450/4/213
f 414/4/210 505/4/210 415/4/210
f 460/4/139 542/4/139 498/4/139
f 429/4/216 512/4/216 425/4/216
f 479/4/226 544/4/226 480/4/226
f 448/4/213 524/4/213 449/4/213
f 413/4/210 506/4/210 414/4/210
f 447/4/213 525/4/213 448/4/213
f 446/4/213 526/4/213 447/4/213
f 495/4/210 500/4/210 412/4/210
f 428/4/153 512/4/153 513/4/153
f 461/4/139 534/4/139 456/4/139
f 498/4/168 528/4/168 497/4/168
f 421/4/227 519/4/216 434/4/216
f 421/4/227 511/4/221 510/4/228
f 497/4/213 529/4/213 445/4/213
f 434/4/216 518/4/216 433/4/216
f 409/4/210 507/4/210 413/4/210
f 496/4/229 508/4/229 495/4/229
f 460/4/153 534/4/153 535/4/153
f 433/4/216 517/4/216 432/4/216
f 452/4/230 541/4/139 466/4/139
f 432/4/216 516/4/222 431/4/222
f 452/4/230 533/4/136 532/4/155
f 441/4/213 527/4/213 446/4/213
f 932/4/168 552/4/168 554/4/168
f 934/4/180 551/4/180 553/4/180
f 936/4/179 550/4/179 549/4/179
f 938/4/178 549/4/178 548/4/178
f 939/4/177 548/4/177 547/4/177
f 937/4/180 555/4/180 550/4/180
f 948/4/180 556/4/180 555/4/180
f 950/4/180 553/4/180 556/4/180
f 935/4/168 557/4/168 551/4/168
f 952/4/168 554/4/168 557/4/168
f 959/4/231 558/4/231 561/4/231
f 459/4/46 552/4/46 283/4/46
f 954/4/232 559/4/232 558/4/232
f 561/4/46 559/4/46 560/4/46
f 560/4/233 956/4/233 961/4/233
f 547/4/234 961/4/234 939/4/234
f 278/4/46 560/4/46 547/4/46
f 637/4/231 561/4/231 278/4/231
f 562/4/131 601/4/131 606/4/131
f 607/4/132 562/4/132 606/4/132
f 609/4/133 565/4/133 608/4/133
f 608/4/134 564/4/134 607/4/134
f 610/4/135 800/4/135 805/4/135
f 597/4/136 611/4/136 613/4/136
f 611/4/137 850/4/137 838/4/137
f 730/4/139 602/4/138 735/4/139
f 580/4/235 801/4/236 802/4/237
f 581/4/238 834/4/238 835/4/238
f 579/4/239 572/4/240 578/4/241
f 576/4/242 571/4/243 569/4/244
f 577/4/245 572/4/246 571/4/247
f 582/4/153 603/4/153 604/4/153
f 569/4/248 582/4/248 576/4/248
f 576/4/35 851/4/35 853/4/35
f 851/4/153 604/4/153 860/4/153
f 854/4/35 578/4/35 577/4/35
f 853/4/35 577/4/35 576/4/35
f 856/4/35 578/4/35 855/4/35
f 866/4/35 581/4/35 835/4/35
f 857/4/35 802/4/35 864/4/35
f 602/4/138 581/4/136 605/4/136
f 567/4/35 804/4/35 800/4/35
f 568/4/35 837/4/35 850/4/35
f 566/4/35 594/4/35 565/4/35
f 562/4/35 593/4/35 592/4/35
f 564/4/35 594/4/35 593/4/35
f 563/4/153 612/4/153 601/4/153
f 592/4/35 563/4/35 562/4/35
f 858/4/136 613/4/136 859/4/136
f 859/4/136 600/4/136 852/4/136
f 601/4/153 599/4/153 584/4/153
f 661/4/157 619/4/157 620/4/157
f 662/4/158 620/4/158 621/4/158
f 625/4/156 667/4/156 627/4/156
f 660/4/160 625/4/160 619/4/160
f 628/4/153 665/4/249 624/4/249
f 626/4/250 668/4/250 628/4/153
f 746/4/162 622/4/162 742/4/162
f 590/4/138 605/4/136 591/4/136
f 603/4/251 616/4/251 604/4/251
f 618/4/166 599/4/166 612/4/166
f 735/4/139 590/4/138 734/4/139
f 589/4/137 838/4/137 836/4/137
f 613/4/136 589/4/136 600/4/136
f 588/4/135 805/4/135 803/4/135
f 586/4/134 607/4/134 585/4/134
f 587/4/133 608/4/133 586/4/133
f 585/4/132 606/4/132 583/4/132
f 667/4/167 629/4/167 627/4/167
f 606/4/131 584/4/131 583/4/131
f 732/4/46 603/4/46 731/4/46
f 860/4/46 618/4/46 612/4/46
f 827/4/168 623/4/168 823/4/168
f 878/4/169 617/4/169 867/4/169
f 670/4/35 625/4/35 678/4/35
f 678/4/170 627/4/170 676/4/170
f 671/4/35 621/4/35 620/4/35
f 670/4/35 620/4/35 619/4/35
f 673/4/35 621/4/35 672/4/35
f 675/4/35 839/4/35 844/4/35
f 674/4/35 806/4/35 810/4/35
f 663/4/171 621/4/171 622/4/171
f 630/4/35 640/4/35 641/4/35
f 640/4/172 655/4/172 657/4/173
f 642/4/35 633/4/35 632/4/35
f 641/4/35 632/4/35 630/4/35
f 644/4/35 633/4/35 643/4/35
f 646/4/35 840/4/35 841/4/35
f 645/4/35 816/4/35 807/4/35
f 946/4/35 791/4/35 808/4/35
f 944/4/35 808/4/35 653/4/35
f 953/4/35 653/4/35 826/4/35
f 652/4/35 942/4/35 651/4/35
f 933/4/174 654/4/174 639/4/174
f 649/4/175 638/4/175 655/4/175
f 636/4/139 656/4/139 654/4/139
f 875/4/35 807/4/35 881/4/35
f 876/4/35 841/4/35 883/4/35
f 874/4/35 643/4/35 873/4/35
f 871/4/35 642/4/35 641/4/35
f 872/4/35 643/4/35 642/4/35
f 868/4/170 657/4/173 877/4/170
f 871/4/35 640/4/35 868/4/35
f 658/4/176 657/4/176 648/4/176
f 654/4/139 647/4/139 639/4/139
f 630/4/175 655/4/175 631/4/175
f 632/4/177 649/4/177 630/4/177
f 633/4/178 650/4/178 632/4/178
f 634/4/179 651/4/179 633/4/179
f 635/4/180 808/4/180 816/4/180
f 636/4/168 842/4/168 840/4/168
f 657/4/173 638/4/172 648/4/172
f 878/4/46 667/4/46 877/4/46
f 870/4/139 626/4/139 869/4/139
f 876/4/139 668/4/139 870/4/139
f 685/4/35 810/4/35 811/4/35
f 686/4/35 844/4/35 845/4/35
f 763/4/181 693/4/181 692/4/181
f 756/4/182 672/4/182 671/4/182
f 777/4/183 748/4/183 747/4/183
f 689/4/170 676/4/170 687/4/170
f 681/4/35 678/4/35 689/4/35
f 629/4/46 676/4/46 627/4/46
f 628/4/139 679/4/139 626/4/139
f 624/4/139 680/4/139 628/4/139
f 681/4/35 700/4/35 692/4/35
f 700/4/170 687/4/170 698/4/170
f 693/4/35 683/4/35 682/4/35
f 692/4/35 682/4/35 681/4/35
f 695/4/35 683/4/35 694/4/35
f 697/4/35 845/4/35 846/4/35
f 696/4/35 811/4/35 812/4/35
f 677/4/46 687/4/46 676/4/46
f 680/4/139 690/4/139 679/4/139
f 675/4/139 691/4/139 680/4/139
f 707/4/35 812/4/35 813/4/35
f 708/4/35 846/4/35 847/4/35
f 761/4/184 695/4/184 694/4/184
f 755/4/185 671/4/185 670/4/185
f 753/4/186 673/4/186 672/4/186
f 711/4/170 698/4/170 709/4/170
f 692/4/35 711/4/35 703/4/35
f 688/4/46 698/4/46 687/4/46
f 691/4/139 701/4/139 690/4/139
f 686/4/139 702/4/139 691/4/139
f 703/4/35 722/4/35 714/4/35
f 722/4/170 709/4/170 720/4/170
f 715/4/35 705/4/35 704/4/35
f 714/4/35 704/4/35 703/4/35
f 717/4/35 705/4/35 716/4/35
f 719/4/35 847/4/35 848/4/35
f 718/4/35 813/4/35 814/4/35
f 699/4/46 709/4/46 698/4/46
f 702/4/139 712/4/139 701/4/139
f 697/4/139 713/4/139 702/4/139
f 729/4/35 814/4/35 815/4/35
f 730/4/35 848/4/35 849/4/35
f 779/4/183 750/4/183 749/4/183
f 776/4/187 727/4/187 728/4/187
f 774/4/188 725/4/188 726/4/188
f 733/4/170 720/4/170 731/4/170
f 714/4/35 733/4/35 725/4/35
f 710/4/46 720/4/46 709/4/46
f 713/4/139 723/4/139 712/4/139
f 708/4/139 724/4/139 713/4/139
f 725/4/35 570/4/35 569/4/35
f 570/4/170 731/4/170 603/4/170
f 571/4/35 727/4/35 726/4/35
f 569/4/35 726/4/35 725/4/35
f 573/4/35 727/4/35 572/4/35
f 575/4/35 849/4/35 834/4/35
f 574/4/35 815/4/35 801/4/35
f 721/4/46 731/4/46 720/4/46
f 724/4/139 734/4/139 723/4/139
f 719/4/139 735/4/139 724/4/139
f 737/4/35 728/4/35 573/4/35
f 773/4/189 714/4/189 725/4/189
f 751/4/35 706/4/35 717/4/35
f 768/4/190 705/4/190 706/4/190
f 749/4/35 684/4/35 695/4/35
f 781/4/183 752/4/183 751/4/183
f 743/4/180 652/4/180 634/4/180
f 879/4/35 644/4/35 874/4/35
f 651/4/35 941/4/35 650/4/35
f 744/4/35 634/4/35 644/4/35
f 747/4/35 622/4/35 673/4/35
f 739/4/135 609/4/135 587/4/135
f 792/4/162 742/4/162 789/4/162
f 736/4/35 595/4/35 566/4/35
f 862/4/35 579/4/35 856/4/35
f 738/4/252 573/4/253 579/4/254
f 741/4/135 566/4/135 609/4/135
f 760/4/35 753/4/35 759/4/35
f 757/4/35 756/4/35 755/4/35
f 758/4/35 753/4/35 756/4/35
f 768/4/35 761/4/35 767/4/35
f 765/4/35 764/4/35 763/4/35
f 766/4/35 761/4/35 764/4/35
f 776/4/35 769/4/35 775/4/35
f 773/4/35 772/4/35 771/4/35
f 774/4/35 769/4/35 772/4/35
f 782/4/35 770/4/35 776/4/35
f 780/4/35 762/4/35 768/4/35
f 778/4/35 754/4/35 760/4/35
f 769/4/194 717/4/194 716/4/194
f 764/4/195 694/4/195 693/4/195
f 754/4/196 747/4/196 673/4/196
f 771/4/197 715/4/197 714/4/197
f 778/4/198 684/4/198 748/4/198
f 772/4/199 716/4/199 715/4/199
f 762/4/200 749/4/200 695/4/200
f 780/4/201 706/4/201 750/4/201
f 759/4/202 682/4/202 683/4/202
f 757/4/189 670/4/189 681/4/189
f 770/4/203 751/4/203 717/4/203
f 758/4/204 681/4/204 682/4/204
f 782/4/205 728/4/205 752/4/205
f 705/4/206 766/4/206 704/4/206
f 760/4/207 683/4/207 684/4/207
f 765/4/189 692/4/189 703/4/189
f 766/4/208 703/4/208 704/4/208
f 775/4/209 726/4/209 727/4/209
f 889/4/210 795/4/210 796/4/210
f 784/4/35 752/4/35 737/4/35
f 798/4/35 751/4/35 752/4/35
f 797/4/35 750/4/35 751/4/35
f 796/4/35 749/4/35 750/4/35
f 795/4/35 748/4/35 749/4/35
f 794/4/35 747/4/35 748/4/35
f 799/4/180 745/4/180 743/4/180
f 880/4/35 744/4/35 879/4/35
f 949/4/35 652/4/35 745/4/35
f 790/4/35 743/4/35 744/4/35
f 793/4/35 742/4/35 747/4/35
f 786/4/135 741/4/135 739/4/135
f 783/4/35 740/4/35 736/4/35
f 863/4/35 738/4/35 862/4/35
f 785/4/255 737/4/256 738/4/252
f 788/4/135 736/4/135 741/4/135
f 664/4/162 806/4/162 623/4/162
f 906/4/213 832/4/213 833/4/213
f 931/4/137 865/4/137 866/4/137
f 921/4/139 845/4/139 844/4/139
f 888/4/210 796/4/210 797/4/210
f 907/4/214 833/4/213 818/4/257
f 918/4/136 866/4/136 835/4/136
f 816/4/180 791/4/180 799/4/180
f 881/4/35 790/4/35 880/4/35
f 650/4/35 940/4/35 649/4/35
f 807/4/35 799/4/35 790/4/35
f 905/4/216 809/4/216 881/4/216
f 803/4/135 788/4/135 786/4/135
f 800/4/35 787/4/35 783/4/35
f 922/4/139 846/4/139 845/4/139
f 886/4/210 797/4/210 798/4/210
f 805/4/135 783/4/135 788/4/135
f 818/4/35 729/4/35 574/4/35
f 833/4/35 718/4/35 729/4/35
f 832/4/35 707/4/35 718/4/35
f 831/4/35 696/4/35 707/4/35
f 830/4/35 685/4/35 696/4/35
f 829/4/35 674/4/35 685/4/35
f 824/4/168 653/4/168 635/4/168
f 882/4/35 645/4/35 875/4/35
f 947/4/35 826/4/35 842/4/35
f 825/4/35 635/4/35 645/4/35
f 828/4/35 623/4/35 674/4/35
f 930/4/217 819/4/217 865/4/217
f 820/4/137 610/4/137 588/4/137
f 567/4/35 821/4/35 596/4/35
f 865/4/35 580/4/35 857/4/35
f 580/4/238 818/4/238 574/4/238
f 822/4/137 567/4/137 610/4/137
f 665/4/168 839/4/168 624/4/168
f 923/4/139 847/4/139 846/4/139
f 894/4/219 784/4/258 785/4/219
f 887/4/220 798/4/210 784/4/258
f 896/4/221 864/4/221 802/4/221
f 899/4/216 811/4/216 810/4/216
f 924/4/139 848/4/139 847/4/139
f 840/4/168 826/4/168 824/4/168
f 883/4/35 825/4/35 882/4/35
f 951/4/35 745/4/35 791/4/35
f 841/4/35 824/4/35 825/4/35
f 823/4/159 914/4/159 827/4/159
f 836/4/137 822/4/137 820/4/137
f 850/4/35 821/4/35 817/4/35
f 789/4/159 885/4/159 792/4/159
f 928/4/219 785/4/219 863/4/219
f 838/4/137 817/4/137 822/4/137
f 837/4/35 865/4/35 821/4/35
f 821/4/35 857/4/35 596/4/35
f 804/4/35 863/4/35 787/4/35
f 787/4/35 862/4/35 740/4/35
f 740/4/35 856/4/35 595/4/35
f 604/4/46 861/4/46 860/4/46
f 605/4/136 852/4/136 591/4/136
f 581/4/136 859/4/136 605/4/136
f 596/4/35 864/4/35 804/4/35
f 837/4/35 858/4/35 866/4/35
f 595/4/35 855/4/35 594/4/35
f 592/4/35 854/4/35 853/4/35
f 593/4/35 855/4/35 854/4/35
f 598/4/153 860/4/153 612/4/153
f 853/4/35 598/4/35 592/4/35
f 900/4/216 812/4/216 811/4/216
f 827/4/35 875/4/35 664/4/35
f 925/4/139 849/4/139 848/4/139
f 792/4/35 879/4/35 746/4/35
f 746/4/35 874/4/35 663/4/35
f 646/4/139 870/4/139 656/4/139
f 656/4/139 869/4/139 647/4/139
f 659/4/46 877/4/46 657/4/46
f 660/4/35 868/4/35 666/4/35
f 666/4/170 877/4/170 667/4/170
f 661/4/35 873/4/35 872/4/35
f 660/4/35 872/4/35 871/4/35
f 663/4/35 873/4/35 662/4/35
f 665/4/35 883/4/35 843/4/35
f 664/4/35 881/4/35 809/4/35
f 669/4/169 867/4/169 629/4/169
f 898/4/162 884/4/162 897/4/162
f 895/4/35 886/4/35 887/4/35
f 904/4/35 888/4/35 886/4/35
f 903/4/35 889/4/35 888/4/35
f 902/4/35 890/4/35 889/4/35
f 901/4/35 891/4/35 890/4/35
f 900/4/35 892/4/35 891/4/35
f 899/4/35 884/4/35 892/4/35
f 929/4/35 894/4/35 928/4/35
f 896/4/259 887/4/260 894/4/261
f 920/4/168 915/4/168 919/4/168
f 917/4/35 906/4/35 907/4/35
f 926/4/35 908/4/35 906/4/35
f 925/4/35 909/4/35 908/4/35
f 924/4/35 910/4/35 909/4/35
f 923/4/35 911/4/35 910/4/35
f 922/4/35 912/4/35 911/4/35
f 921/4/35 915/4/35 912/4/35
f 931/4/35 916/4/35 930/4/35
f 916/4/238 917/4/238 907/4/238
f 920/4/35 913/4/35 914/4/35
f 898/4/35 893/4/35 885/4/35
f 916/4/217 818/4/257 819/4/217
f 908/4/213 831/4/213 832/4/213
f 890/4/210 794/4/210 795/4/210
f 927/4/139 843/4/139 883/4/139
f 897/4/216 810/4/216 806/4/216
f 929/4/226 863/4/226 864/4/226
f 909/4/213 830/4/213 831/4/213
f 891/4/210 793/4/210 794/4/210
f 910/4/213 829/4/213 830/4/213
f 911/4/213 828/4/213 829/4/213
f 885/4/210 880/4/210 792/4/210
f 809/4/156 897/4/156 806/4/156
f 919/4/139 844/4/139 839/4/139
f 913/4/168 883/4/168 882/4/168
f 904/4/216 801/4/262 815/4/216
f 801/4/262 896/4/221 802/4/221
f 914/4/213 882/4/213 827/4/213
f 903/4/216 815/4/216 814/4/216
f 892/4/210 789/4/210 793/4/210
f 893/4/229 881/4/229 880/4/229
f 843/4/159 919/4/159 839/4/159
f 902/4/216 814/4/216 813/4/216
f 926/4/139 834/4/263 849/4/139
f 901/4/216 813/4/216 812/4/216
f 834/4/263 918/4/136 835/4/136
f 912/4/213 823/4/213 828/4/213
f 945/4/168 932/4/168 947/4/168
f 944/4/180 934/4/180 946/4/180
f 943/4/179 936/4/179 942/4/179
f 942/4/178 938/4/178 941/4/178
f 941/4/177 939/4/177 940/4/177
f 949/4/180 937/4/180 943/4/180
f 951/4/180 948/4/180 949/4/180
f 946/4/180 950/4/180 951/4/180
f 953/4/168 935/4/168 944/4/168
f 947/4/168 952/4/168 953/4/168
f 955/4/231 959/4/231 960/4/231
f 945/4/35 842/4/35 654/4/35
f 957/4/232 954/4/232 955/4/232
f 957/4/35 960/4/35 958/4/35
f 956/4/233 958/4/233 961/4/233
f 961/4/234 940/4/234 939/4/234
f 958/4/35 649/4/35 940/4/35
f 960/4/231 637/4/231 649/4/231
f 237/4/131 210/4/131 209/4/131
f 209/4/132 211/4/132 243/4/132
f 212/4/133 213/4/133 245/4/133
f 211/4/134 212/4/134 244/4/134
f 420/4/135 214/4/135 246/4/135
f 247/4/136 215/4/136 235/4/136
f 467/4/137 215/4/137 247/4/137
f 238/4/138 222/4/155 353/4/139
f 421/4/140 221/4/337 227/4/141
f 453/4/143 452/4/143 222/4/143
f 219/4/144 220/4/338 226/4/145
f 223/4/147 216/4/339 218/4/148
f 224/4/150 218/4/340 219/4/151
f 239/4/153 217/4/153 229/4/153
f 229/4/341 217/4/341 216/4/341
f 468/4/46 229/4/46 223/4/46
f 240/4/153 229/4/153 468/4/153
f 470/4/46 224/4/46 225/4/46
f 469/4/46 223/4/46 224/4/46
f 225/4/46 226/4/46 472/4/46
f 482/4/46 453/4/46 228/4/46
f 422/4/46 227/4/46 473/4/46
f 238/4/138 241/4/136 228/4/136
f 423/4/46 234/4/46 214/4/46
f 454/4/46 235/4/46 215/4/46
f 232/4/46 233/4/46 213/4/46
f 209/4/46 230/4/46 231/4/46
f 211/4/46 231/4/46 232/4/46
f 248/4/153 236/4/153 210/4/153
f 210/4/46 236/4/46 230/4/46
f 249/4/136 235/4/136 474/4/136
f 600/4/136 249/4/136 475/4/136
f 599/4/153 248/4/153 237/4/153
f 254/4/157 288/4/157 289/4/157
f 255/4/158 289/4/158 290/4/158
f 260/4/153 261/4/153 295/4/153
f 260/4/160 294/4/160 288/4/160
f 262/4/153 259/4/153 293/4/153
f 626/4/161 262/4/153 296/4/161
f 257/4/162 291/4/162 367/4/162
f 590/4/138 591/4/136 241/4/136
f 239/4/163 240/4/342 251/4/164
f 599/4/166 614/4/166 253/4/166
f 590/4/138 238/4/138 357/4/139
f 455/4/137 247/4/137 589/4/137
f 589/4/136 247/4/136 249/4/136
f 424/4/135 246/4/135 588/4/135
f 243/4/134 244/4/134 586/4/134
f 244/4/133 245/4/133 587/4/133
f 242/4/132 243/4/132 585/4/132
f 263/4/167 297/4/167 295/4/167
f 584/4/131 237/4/131 242/4/131
f 239/4/35 250/4/35 355/4/35
f 476/4/35 248/4/35 253/4/35
f 258/4/168 292/4/168 445/4/168
f 252/4/169 287/4/169 493/4/169
f 298/4/46 306/4/46 260/4/46
f 261/4/170 260/4/170 306/4/170
f 299/4/46 255/4/46 256/4/46
f 298/4/46 254/4/46 255/4/46
f 256/4/46 257/4/46 301/4/46
f 456/4/46 259/4/46 303/4/46
f 425/4/46 258/4/46 302/4/46
f 256/4/171 290/4/171 291/4/171
f 271/4/46 265/4/46 264/4/46
f 284/4/172 265/4/172 271/4/172
f 273/4/46 266/4/46 267/4/46
f 272/4/46 264/4/46 266/4/46
f 267/4/46 268/4/46 275/4/46
f 457/4/46 270/4/46 277/4/46
f 435/4/46 269/4/46 276/4/46
f 411/4/46 556/4/46 553/4/46
f 427/4/46 553/4/46 551/4/46
f 282/4/46 551/4/46 557/4/46
f 281/4/46 280/4/46 549/4/46
f 283/4/174 552/4/174 933/4/174
f 278/4/175 284/4/175 638/4/175
f 285/4/139 277/4/139 270/4/139
f 426/4/46 276/4/46 490/4/46
f 458/4/46 277/4/46 491/4/46
f 274/4/46 275/4/46 489/4/46
f 486/4/46 272/4/46 273/4/46
f 487/4/46 273/4/46 274/4/46
f 286/4/173 271/4/172 484/4/170
f 486/4/46 484/4/46 271/4/46
f 286/4/176 287/4/176 658/4/176
f 647/4/139 285/4/139 283/4/139
f 264/4/175 265/4/175 284/4/175
f 278/4/177 279/4/177 266/4/177
f 279/4/178 280/4/178 267/4/178
f 280/4/179 281/4/179 268/4/179
f 427/4/180 282/4/180 269/4/180
f 459/4/168 283/4/168 270/4/168
f 638/4/172 284/4/172 286/4/173
f 295/4/35 297/4/35 493/4/35
f 626/4/139 296/4/139 485/4/139
f 296/4/139 293/4/139 491/4/139
f 429/4/46 302/4/46 312/4/46
f 461/4/46 303/4/46 313/4/46
f 319/4/181 385/4/181 384/4/181
f 300/4/182 374/4/182 377/4/182
f 369/4/183 399/4/183 398/4/183
f 304/4/170 306/4/170 316/4/170
f 308/4/46 316/4/46 306/4/46
f 304/4/35 305/4/35 263/4/35
f 679/4/139 307/4/139 262/4/139
f 307/4/139 303/4/139 259/4/139
f 326/4/46 316/4/46 308/4/46
f 314/4/170 316/4/170 326/4/170
f 319/4/46 309/4/46 310/4/46
f 318/4/46 308/4/46 309/4/46
f 310/4/46 311/4/46 321/4/46
f 462/4/46 313/4/46 323/4/46
f 430/4/46 312/4/46 322/4/46
f 314/4/35 315/4/35 305/4/35
f 690/4/139 317/4/139 307/4/139
f 317/4/139 313/4/139 303/4/139
f 431/4/46 322/4/46 332/4/46
f 463/4/46 323/4/46 333/4/46
f 321/4/184 383/4/184 382/4/184
f 299/4/185 377/4/185 376/4/185
f 301/4/186 375/4/186 374/4/186
f 324/4/170 326/4/170 336/4/170
f 336/4/46 326/4/46 318/4/46
f 324/4/35 325/4/35 315/4/35
f 701/4/139 327/4/139 317/4/139
f 327/4/139 323/4/139 313/4/139
f 346/4/46 336/4/46 328/4/46
f 334/4/170 336/4/170 346/4/170
f 339/4/46 329/4/46 330/4/46
f 338/4/46 328/4/46 329/4/46
f 330/4/46 331/4/46 341/4/46
f 464/4/46 333/4/46 343/4/46
f 432/4/46 332/4/46 342/4/46
f 334/4/35 335/4/35 325/4/35
f 712/4/139 337/4/139 327/4/139
f 337/4/139 333/4/139 323/4/139
f 433/4/46 342/4/46 352/4/46
f 465/4/46 343/4/46 353/4/46
f 371/4/183 401/4/183 400/4/183
f 350/4/187 396/4/187 397/4/187
f 348/4/188 394/4/188 395/4/188
f 344/4/170 346/4/170 356/4/170
f 356/4/46 346/4/46 338/4/46
f 344/4/35 345/4/35 335/4/35
f 723/4/139 347/4/139 337/4/139
f 347/4/139 343/4/139 333/4/139
f 217/4/46 356/4/46 348/4/46
f 354/4/170 356/4/170 217/4/170
f 218/4/46 349/4/46 350/4/46
f 216/4/46 348/4/46 349/4/46
f 350/4/46 351/4/46 220/4/46
f 466/4/46 353/4/46 222/4/46
f 434/4/46 352/4/46 221/4/46
f 354/4/35 355/4/35 345/4/35
f 734/4/139 357/4/139 347/4/139
f 357/4/139 353/4/139 343/4/139
f 351/4/46 373/4/46 359/4/46
f 338/4/189 392/4/189 394/4/189
f 331/4/46 371/4/46 372/4/46
f 330/4/190 388/4/190 389/4/190
f 311/4/46 369/4/46 370/4/46
f 373/4/183 403/4/183 402/4/183
f 281/4/180 366/4/180 364/4/180
f 275/4/46 365/4/46 494/4/46
f 280/4/46 279/4/46 548/4/46
f 268/4/46 364/4/46 365/4/46
f 257/4/46 363/4/46 368/4/46
f 245/4/135 362/4/135 739/4/135
f 363/4/162 367/4/162 412/4/162
f 233/4/46 361/4/46 358/4/46
f 226/4/46 360/4/46 478/4/46
f 220/4/191 359/4/211 360/4/192
f 213/4/135 358/4/135 362/4/135
f 374/4/46 375/4/46 381/4/46
f 378/4/46 376/4/46 377/4/46
f 379/4/46 377/4/46 374/4/46
f 382/4/46 383/4/46 389/4/46
f 386/4/46 384/4/46 385/4/46
f 387/4/46 385/4/46 382/4/46
f 390/4/46 391/4/46 397/4/46
f 394/4/46 392/4/46 393/4/46
f 395/4/46 393/4/46 390/4/46
f 391/4/46 402/4/46 403/4/46
f 383/4/46 400/4/46 401/4/46
f 375/4/46 398/4/46 399/4/46
f 341/4/194 391/4/194 390/4/194
f 320/4/195 382/4/195 385/4/195
f 368/4/196 398/4/196 375/4/196
f 339/4/197 393/4/197 392/4/197
f 311/4/198 381/4/198 399/4/198
f 340/4/199 390/4/199 393/4/199
f 370/4/200 400/4/200 383/4/200
f 331/4/201 389/4/201 401/4/201
f 309/4/202 379/4/202 380/4/202
f 298/4/189 376/4/189 378/4/189
f 372/4/203 402/4/203 391/4/203
f 308/4/204 378/4/204 379/4/204
f 351/4/205 397/4/205 403/4/205
f 329/4/206 387/4/206 388/4/206
f 310/4/207 380/4/207 381/4/207
f 318/4/189 384/4/189 386/4/189
f 328/4/208 386/4/208 387/4/208
f 349/4/209 395/4/209 396/4/209
f 415/4/210 505/4/210 504/4/210
f 373/4/46 418/4/46 405/4/46
f 372/4/46 417/4/46 418/4/46
f 371/4/46 416/4/46 417/4/46
f 370/4/46 415/4/46 416/4/46
f 369/4/46 414/4/46 415/4/46
f 368/4/46 413/4/46 414/4/46
f 366/4/180 411/4/180 419/4/180
f 365/4/46 410/4/46 495/4/46
f 281/4/46 550/4/46 555/4/46
f 364/4/46 419/4/46 410/4/46
f 363/4/46 409/4/46 413/4/46
f 362/4/135 408/4/135 786/4/135
f 361/4/46 407/4/46 404/4/46
f 360/4/46 406/4/46 479/4/46
f 359/4/211 405/4/343 406/4/212
f 358/4/135 404/4/135 408/4/135
f 425/4/162 428/4/162 292/4/162
f 450/4/213 523/4/213 521/4/213
f 481/4/137 545/4/137 546/4/137
f 462/4/139 537/4/139 536/4/139
f 416/4/210 504/4/210 503/4/210
f 451/4/213 521/4/213 522/4/214
f 482/4/136 546/4/136 533/4/136
f 411/4/180 427/4/180 435/4/180
f 410/4/46 426/4/46 496/4/46
f 279/4/46 278/4/46 547/4/46
f 419/4/46 435/4/46 426/4/46
f 428/4/216 513/4/216 520/4/216
f 408/4/135 424/4/135 803/4/135
f 407/4/46 423/4/46 420/4/46
f 463/4/139 538/4/139 537/4/139
f 417/4/210 503/4/210 501/4/210
f 404/4/135 420/4/135 424/4/135
f 352/4/46 451/4/46 437/4/46
f 342/4/46 450/4/46 451/4/46
f 332/4/46 449/4/46 450/4/46
f 322/4/46 448/4/46 449/4/46
f 312/4/46 447/4/46 448/4/46
f 302/4/46 446/4/46 447/4/46
f 282/4/168 444/4/168 442/4/168
f 276/4/46 443/4/46 497/4/46
f 444/4/46 557/4/46 554/4/46
f 269/4/46 442/4/46 443/4/46
f 258/4/46 441/4/46 446/4/46
f 438/4/217 531/4/217 545/4/217
f 246/4/137 440/4/137 820/4/137
f 214/4/46 234/4/46 439/4/46
f 227/4/46 438/4/46 481/4/46
f 227/4/143 221/4/143 437/4/143
f 214/4/137 436/4/137 440/4/137
f 456/4/168 460/4/168 293/4/168
f 464/4/139 539/4/139 538/4/139
f 405/4/218 502/4/220 509/4/219
f 418/4/210 501/4/210 502/4/220
f 480/4/221 544/4/221 511/4/221
f 430/4/216 515/4/216 514/4/216
f 465/4/139 540/4/139 539/4/139
f 444/4/168 459/4/168 457/4/168
f 443/4/46 458/4/46 498/4/46
f 366/4/46 555/4/46 556/4/46
f 442/4/46 457/4/46 458/4/46
f 441/4/153 445/4/153 529/4/153
f 440/4/137 455/4/137 836/4/137
f 439/4/46 454/4/46 467/4/46
f 409/4/156 412/4/156 500/4/156
f 406/4/219 509/4/219 543/4/219
f 436/4/137 467/4/137 455/4/137
f 481/4/46 482/4/46 454/4/46
f 473/4/46 481/4/46 439/4/46
f 479/4/46 480/4/46 423/4/46
f 478/4/46 479/4/46 407/4/46
f 472/4/46 478/4/46 361/4/46
f 240/4/35 476/4/35 477/4/35
f 852/4/136 475/4/136 241/4/136
f 475/4/136 474/4/136 228/4/136
f 480/4/46 473/4/46 234/4/46
f 454/4/46 482/4/46 474/4/46
f 471/4/46 472/4/46 233/4/46
f 230/4/46 469/4/46 470/4/46
f 231/4/46 470/4/46 471/4/46
f 476/4/153 468/4/153 236/4/153
f 236/4/46 468/4/46 469/4/46
f 431/4/222 516/4/222 515/4/216
f 490/4/46 497/4/46 445/4/46
f 466/4/139 541/4/139 540/4/139
f 494/4/46 495/4/46 412/4/46
f 489/4/46 494/4/46 367/4/46
f 485/4/139 491/4/139 277/4/139
f 869/4/139 485/4/139 285/4/139
f 492/4/35 493/4/35 287/4/35
f 288/4/46 294/4/46 484/4/46
f 492/4/170 484/4/170 294/4/170
f 289/4/46 487/4/46 488/4/46
f 288/4/46 486/4/46 487/4/46
f 488/4/46 489/4/46 291/4/46
f 498/4/46 491/4/46 293/4/46
f 496/4/46 490/4/46 292/4/46
f 483/4/169 493/4/169 297/4/169
f 499/4/162 500/4/162 513/4/162
f 501/4/46 519/4/46 510/4/46
f 503/4/46 518/4/46 519/4/46
f 504/4/46 517/4/46 518/4/46
f 505/4/46 516/4/46 517/4/46
f 506/4/46 515/4/46 516/4/46
f 507/4/46 514/4/46 515/4/46
f 499/4/46 512/4/46 514/4/46
f 509/4/46 511/4/46 544/4/46
f 502/4/223 510/4/344 511/4/224
f 530/4/168 529/4/168 535/4/168
f 521/4/46 541/4/46 532/4/46
f 523/4/46 540/4/46 541/4/46
f 524/4/46 539/4/46 540/4/46
f 525/4/46 538/4/46 539/4/46
f 526/4/46 537/4/46 538/4/46
f 527/4/46 536/4/46 537/4/46
f 530/4/46 534/4/46 536/4/46
f 531/4/46 533/4/46 546/4/46
f 531/4/143 522/4/143 532/4/143
f 528/4/46 542/4/46 535/4/46
f 508/4/46 520/4/46 513/4/46
f 437/4/215 522/4/214 531/4/217
f 449/4/213 524/4/213 523/4/213
f 414/4/210 506/4/210 505/4/210
f 460/4/139 535/4/139 542/4/139
f 429/4/216 514/4/216 512/4/216
f 479/4/226 543/4/226 544/4/226
f 448/4/213 525/4/213 524/4/213
f 413/4/210 507/4/210 506/4/210
f 447/4/213 526/4/213 525/4/213
f 446/4/213 527/4/213 526/4/213
f 495/4/210 508/4/210 500/4/210
f 428/4/153 425/4/153 512/4/153
f 461/4/139 536/4/139 534/4/139
f 498/4/168 542/4/168 528/4/168
f 421/4/227 510/4/228 519/4/216
f 421/4/227 422/4/221 511/4/221
f 497/4/213 528/4/213 529/4/213
f 434/4/216 519/4/216 518/4/216
f 409/4/210 499/4/210 507/4/210
f 496/4/229 520/4/229 508/4/229
f 460/4/159 456/4/159 534/4/159
f 433/4/216 518/4/216 517/4/216
f 452/4/230 532/4/155 541/4/139
f 432/4/216 517/4/216 516/4/222
f 452/4/230 453/4/136 533/4/136
f 441/4/213 530/4/213 527/4/213
f 932/4/168 933/4/168 552/4/168
f 934/4/180 935/4/180 551/4/180
f 936/4/179 937/4/179 550/4/179
f 938/4/178 936/4/178 549/4/178
f 939/4/177 938/4/177 548/4/177
f 937/4/180 948/4/180 555/4/180
f 948/4/180 950/4/180 556/4/180
f 950/4/180 934/4/180 553/4/180
f 935/4/168 952/4/168 557/4/168
f 952/4/168 932/4/168 554/4/168
f 959/4/231 954/4/231 558/4/231
f 459/4/46 554/4/46 552/4/46
f 954/4/232 956/4/232 559/4/232
f 561/4/46 558/4/46 559/4/46
f 560/4/233 559/4/233 956/4/233
f 547/4/234 560/4/234 961/4/234
f 278/4/46 561/4/46 560/4/46
f 637/4/231 959/4/231 561/4/231
f 562/4/131 563/4/131 601/4/131
f 607/4/132 564/4/132 562/4/132
f 609/4/133 566/4/133 565/4/133
f 608/4/134 565/4/134 564/4/134
f 610/4/135 567/4/135 800/4/135
f 597/4/136 568/4/136 611/4/136
f 611/4/137 568/4/137 850/4/137
f 730/4/139 575/4/155 602/4/138
f 580/4/235 574/4/345 801/4/236
f 581/4/238 575/4/238 834/4/238
f 579/4/239 573/4/346 572/4/240
f 576/4/242 577/4/347 571/4/243
f 577/4/245 578/4/348 572/4/246
f 582/4/153 570/4/153 603/4/153
f 569/4/349 570/4/349 582/4/349
f 576/4/35 582/4/35 851/4/35
f 851/4/153 582/4/153 604/4/153
f 854/4/35 855/4/35 578/4/35
f 853/4/35 854/4/35 577/4/35
f 856/4/35 579/4/35 578/4/35
f 866/4/35 858/4/35 581/4/35
f 857/4/35 580/4/35 802/4/35
f 602/4/138 575/4/155 581/4/136
f 567/4/35 596/4/35 804/4/35
f 568/4/35 597/4/35 837/4/35
f 566/4/35 595/4/35 594/4/35
f 562/4/35 564/4/35 593/4/35
f 564/4/35 565/4/35 594/4/35
f 563/4/153 598/4/153 612/4/153
f 592/4/35 598/4/35 563/4/35
f 858/4/136 597/4/136 613/4/136
f 859/4/136 613/4/136 600/4/136
f 601/4/153 612/4/153 599/4/153
f 617/4/156 659/4/156 658/4/156
f 661/4/157 660/4/157 619/4/157
f 662/4/158 661/4/158 620/4/158
f 625/4/153 666/4/153 667/4/153
f 660/4/160 666/4/160 625/4/160
f 628/4/153 668/4/250 665/4/249
f 746/4/162 663/4/162 622/4/162
f 590/4/138 602/4/138 605/4/136
f 603/4/350 615/4/350 616/4/350
f 618/4/166 614/4/166 599/4/166
f 735/4/139 602/4/138 590/4/138
f 589/4/137 611/4/137 838/4/137
f 613/4/136 611/4/136 589/4/136
f 588/4/135 610/4/135 805/4/135
f 586/4/134 608/4/134 607/4/134
f 587/4/133 609/4/133 608/4/133
f 585/4/132 607/4/132 606/4/132
f 667/4/167 669/4/167 629/4/167
f 606/4/131 601/4/131 584/4/131
f 732/4/46 615/4/46 603/4/46
f 860/4/46 861/4/46 618/4/46
f 827/4/168 664/4/168 623/4/168
f 878/4/169 659/4/169 617/4/169
f 670/4/35 619/4/35 625/4/35
f 678/4/170 625/4/170 627/4/170
f 671/4/35 672/4/35 621/4/35
f 670/4/35 671/4/35 620/4/35
f 673/4/35 622/4/35 621/4/35
f 675/4/35 624/4/35 839/4/35
f 674/4/35 623/4/35 806/4/35
f 663/4/171 662/4/171 621/4/171
f 630/4/35 631/4/35 640/4/35
f 640/4/172 631/4/172 655/4/172
f 642/4/35 643/4/35 633/4/35
f 641/4/35 642/4/35 632/4/35
f 644/4/35 634/4/35 633/4/35
f 646/4/35 636/4/35 840/4/35
f 645/4/35 635/4/35 816/4/35
f 946/4/35 951/4/35 791/4/35
f 944/4/35 946/4/35 808/4/35
f 953/4/35 944/4/35 653/4/35
f 652/4/35 943/4/35 942/4/35
f 933/4/174 945/4/174 654/4/174
f 649/4/175 637/4/175 638/4/175
f 636/4/139 646/4/139 656/4/139
f 875/4/35 645/4/35 807/4/35
f 876/4/35 646/4/35 841/4/35
f 874/4/35 644/4/35 643/4/35
f 871/4/35 872/4/35 642/4/35
f 872/4/35 873/4/35 643/4/35
f 868/4/170 640/4/172 657/4/173
f 871/4/35 641/4/35 640/4/35
f 658/4/176 659/4/176 657/4/176
f 654/4/139 656/4/139 647/4/139
f 630/4/175 649/4/175 655/4/175
f 632/4/177 650/4/177 649/4/177
f 633/4/178 651/4/178 650/4/178
f 634/4/179 652/4/179 651/4/179
f 635/4/180 653/4/180 808/4/180
f 636/4/168 654/4/168 842/4/168
f 657/4/173 655/4/172 638/4/172
f 878/4/46 669/4/46 667/4/46
f 870/4/139 668/4/139 626/4/139
f 876/4/139 665/4/139 668/4/139
f 685/4/35 674/4/35 810/4/35
f 686/4/35 675/4/35 844/4/35
f 763/4/181 764/4/181 693/4/181
f 756/4/182 753/4/182 672/4/182
f 777/4/183 778/4/183 748/4/183
f 689/4/170 678/4/170 676/4/170
f 681/4/35 670/4/35 678/4/35
f 629/4/46 677/4/46 676/4/46
f 628/4/139 680/4/139 679/4/139
f 624/4/139 675/4/139 680/4/139
f 681/4/35 689/4/35 700/4/35
f 700/4/170 689/4/170 687/4/170
f 693/4/35 694/4/35 683/4/35
f 692/4/35 693/4/35 682/4/35
f 695/4/35 684/4/35 683/4/35
f 697/4/35 686/4/35 845/4/35
f 696/4/35 685/4/35 811/4/35
f 677/4/46 688/4/46 687/4/46
f 680/4/139 691/4/139 690/4/139
f 675/4/139 686/4/139 691/4/139
f 707/4/35 696/4/35 812/4/35
f 708/4/35 697/4/35 846/4/35
f 761/4/184 762/4/184 695/4/184
f 755/4/185 756/4/185 671/4/185
f 753/4/186 754/4/186 673/4/186
f 711/4/170 700/4/170 698/4/170
f 692/4/35 700/4/35 711/4/35
f 688/4/46 699/4/46 698/4/46
f 691/4/139 702/4/139 701/4/139
f 686/4/139 697/4/139 702/4/139
f 703/4/35 711/4/35 722/4/35
f 722/4/170 711/4/170 709/4/170
f 715/4/35 716/4/35 705/4/35
f 714/4/35 715/4/35 704/4/35
f 717/4/35 706/4/35 705/4/35
f 719/4/35 708/4/35 847/4/35
f 718/4/35 707/4/35 813/4/35
f 699/4/46 710/4/46 709/4/46
f 702/4/139 713/4/139 712/4/139
f 697/4/139 708/4/139 713/4/139
f 729/4/35 718/4/35 814/4/35
f 730/4/35 719/4/35 848/4/35
f 779/4/183 780/4/183 750/4/183
f 776/4/187 775/4/187 727/4/187
f 774/4/188 773/4/188 725/4/188
f 733/4/170 722/4/170 720/4/170
f 714/4/35 722/4/35 733/4/35
f 710/4/46 721/4/46 720/4/46
f 713/4/139 724/4/139 723/4/139
f 708/4/139 719/4/139 724/4/139
f 725/4/35 733/4/35 570/4/35
f 570/4/170 733/4/170 731/4/170
f 571/4/35 572/4/35 727/4/35
f 569/4/35 571/4/35 726/4/35
f 573/4/35 728/4/35 727/4/35
f 575/4/35 730/4/35 849/4/35
f 574/4/35 729/4/35 815/4/35
f 721/4/46 732/4/46 731/4/46
f 724/4/139 735/4/139 734/4/139
f 719/4/139 730/4/139 735/4/139
f 737/4/35 752/4/35 728/4/35
f 773/4/189 771/4/189 714/4/189
f 751/4/35 750/4/35 706/4/35
f 768/4/190 767/4/190 705/4/190
f 749/4/35 748/4/35 684/4/35
f 781/4/183 782/4/183 752/4/183
f 743/4/180 745/4/180 652/4/180
f 879/4/35 744/4/35 644/4/35
f 651/4/35 942/4/35 941/4/35
f 744/4/35 743/4/35 634/4/35
f 747/4/35 742/4/35 622/4/35
f 739/4/135 741/4/135 609/4/135
f 792/4/162 746/4/162 742/4/162
f 736/4/35 740/4/35 595/4/35
f 862/4/35 738/4/35 579/4/35
f 738/4/252 737/4/256 573/4/253
f 741/4/135 736/4/135 566/4/135
f 760/4/35 754/4/35 753/4/35
f 757/4/35 758/4/35 756/4/35
f 758/4/35 759/4/35 753/4/35
f 768/4/35 762/4/35 761/4/35
f 765/4/35 766/4/35 764/4/35
f 766/4/35 767/4/35 761/4/35
f 776/4/35 770/4/35 769/4/35
f 773/4/35 774/4/35 772/4/35
f 774/4/35 775/4/35 769/4/35
f 782/4/35 781/4/35 770/4/35
f 780/4/35 779/4/35 762/4/35
f 778/4/35 777/4/35 754/4/35
f 769/4/194 770/4/194 717/4/194
f 764/4/195 761/4/195 694/4/195
f 754/4/196 777/4/196 747/4/196
f 771/4/197 772/4/197 715/4/197
f 778/4/198 760/4/198 684/4/198
f 772/4/199 769/4/199 716/4/199
f 762/4/200 779/4/200 749/4/200
f 780/4/201 768/4/201 706/4/201
f 759/4/202 758/4/202 682/4/202
f 757/4/189 755/4/189 670/4/189
f 770/4/203 781/4/203 751/4/203
f 758/4/204 757/4/204 681/4/204
f 782/4/205 776/4/205 728/4/205
f 705/4/206 767/4/206 766/4/206
f 760/4/207 759/4/207 683/4/207
f 765/4/189 763/4/189 692/4/189
f 766/4/208 765/4/208 703/4/208
f 775/4/209 774/4/209 726/4/209
f 889/4/210 890/4/210 795/4/210
f 784/4/35 798/4/35 752/4/35
f 798/4/35 797/4/35 751/4/35
f 797/4/35 796/4/35 750/4/35
f 796/4/35 795/4/35 749/4/35
f 795/4/35 794/4/35 748/4/35
f 794/4/35 793/4/35 747/4/35
f 799/4/180 791/4/180 745/4/180
f 880/4/35 790/4/35 744/4/35
f 949/4/35 943/4/35 652/4/35
f 790/4/35 799/4/35 743/4/35
f 793/4/35 789/4/35 742/4/35
f 786/4/135 788/4/135 741/4/135
f 783/4/35 787/4/35 740/4/35
f 863/4/35 785/4/35 738/4/35
f 785/4/255 784/4/351 737/4/256
f 788/4/135 783/4/135 736/4/135
f 664/4/162 809/4/162 806/4/162
f 906/4/213 908/4/213 832/4/213
f 931/4/137 930/4/137 865/4/137
f 921/4/139 922/4/139 845/4/139
f 888/4/210 889/4/210 796/4/210
f 907/4/214 906/4/213 833/4/213
f 918/4/136 931/4/136 866/4/136
f 816/4/180 808/4/180 791/4/180
f 881/4/35 807/4/35 790/4/35
f 650/4/35 941/4/35 940/4/35
f 807/4/35 816/4/35 799/4/35
f 905/4/216 898/4/216 809/4/216
f 803/4/135 805/4/135 788/4/135
f 800/4/35 804/4/35 787/4/35
f 922/4/139 923/4/139 846/4/139
f 886/4/210 888/4/210 797/4/210
f 805/4/135 800/4/135 783/4/135
f 818/4/35 833/4/35 729/4/35
f 833/4/35 832/4/35 718/4/35
f 832/4/35 831/4/35 707/4/35
f 831/4/35 830/4/35 696/4/35
f 830/4/35 829/4/35 685/4/35
f 829/4/35 828/4/35 674/4/35
f 824/4/168 826/4/168 653/4/168
f 882/4/35 825/4/35 645/4/35
f 947/4/35 953/4/35 826/4/35
f 825/4/35 824/4/35 635/4/35
f 828/4/35 823/4/35 623/4/35
f 930/4/217 916/4/217 819/4/217
f 820/4/137 822/4/137 610/4/137
f 567/4/35 817/4/35 821/4/35
f 865/4/35 819/4/35 580/4/35
f 580/4/238 819/4/238 818/4/238
f 822/4/137 817/4/137 567/4/137
f 665/4/168 843/4/168 839/4/168
f 923/4/139 924/4/139 847/4/139
f 894/4/219 887/4/220 784/4/258
f 887/4/220 886/4/210 798/4/210
f 896/4/221 929/4/221 864/4/221
f 899/4/216 900/4/216 811/4/216
f 924/4/139 925/4/139 848/4/139
f 840/4/168 842/4/168 826/4/168
f 883/4/35 841/4/35 825/4/35
f 951/4/35 949/4/35 745/4/35
f 841/4/35 840/4/35 824/4/35
f 823/4/352 915/4/352 914/4/352
f 836/4/137 838/4/137 822/4/137
f 850/4/35 837/4/35 821/4/35
f 789/4/153 884/4/153 885/4/153
f 928/4/219 894/4/219 785/4/219
f 838/4/137 850/4/137 817/4/137
f 837/4/35 866/4/35 865/4/35
f 821/4/35 865/4/35 857/4/35
f 804/4/35 864/4/35 863/4/35
f 787/4/35 863/4/35 862/4/35
f 740/4/35 862/4/35 856/4/35
f 604/4/46 616/4/46 861/4/46
f 605/4/136 859/4/136 852/4/136
f 581/4/136 858/4/136 859/4/136
f 596/4/35 857/4/35 864/4/35
f 837/4/35 597/4/35 858/4/35
f 595/4/35 856/4/35 855/4/35
f 592/4/35 593/4/35 854/4/35
f 593/4/35 594/4/35 855/4/35
f 598/4/153 851/4/153 860/4/153
f 853/4/35 851/4/35 598/4/35
f 900/4/216 901/4/216 812/4/216
f 827/4/35 882/4/35 875/4/35
f 925/4/139 926/4/139 849/4/139
f 792/4/35 880/4/35 879/4/35
f 746/4/35 879/4/35 874/4/35
f 646/4/139 876/4/139 870/4/139
f 656/4/139 870/4/139 869/4/139
f 659/4/46 878/4/46 877/4/46
f 660/4/35 871/4/35 868/4/35
f 666/4/170 868/4/170 877/4/170
f 661/4/35 662/4/35 873/4/35
f 660/4/35 661/4/35 872/4/35
f 663/4/35 874/4/35 873/4/35
f 665/4/35 876/4/35 883/4/35
f 664/4/35 875/4/35 881/4/35
f 669/4/169 878/4/169 867/4/169
f 898/4/162 885/4/162 884/4/162
f 895/4/35 904/4/35 886/4/35
f 904/4/35 903/4/35 888/4/35
f 903/4/35 902/4/35 889/4/35
f 902/4/35 901/4/35 890/4/35
f 901/4/35 900/4/35 891/4/35
f 900/4/35 899/4/35 892/4/35
f 899/4/35 897/4/35 884/4/35
f 929/4/35 896/4/35 894/4/35
f 896/4/259 895/4/353 887/4/260
f 920/4/168 914/4/168 915/4/168
f 917/4/35 926/4/35 906/4/35
f 926/4/35 925/4/35 908/4/35
f 925/4/35 924/4/35 909/4/35
f 924/4/35 923/4/35 910/4/35
f 923/4/35 922/4/35 911/4/35
f 922/4/35 921/4/35 912/4/35
f 921/4/35 919/4/35 915/4/35
f 931/4/35 918/4/35 916/4/35
f 916/4/238 918/4/238 917/4/238
f 920/4/35 927/4/35 913/4/35
f 898/4/35 905/4/35 893/4/35
f 916/4/217 907/4/214 818/4/257
f 908/4/213 909/4/213 831/4/213
f 890/4/210 891/4/210 794/4/210
f 927/4/139 920/4/139 843/4/139
f 897/4/216 899/4/216 810/4/216
f 929/4/226 928/4/226 863/4/226
f 909/4/213 910/4/213 830/4/213
f 891/4/210 892/4/210 793/4/210
f 910/4/213 911/4/213 829/4/213
f 911/4/213 912/4/213 828/4/213
f 885/4/210 893/4/210 880/4/210
f 809/4/153 898/4/153 897/4/153
f 919/4/139 921/4/139 844/4/139
f 913/4/168 927/4/168 883/4/168
f 904/4/216 895/4/228 801/4/262
f 801/4/262 895/4/228 896/4/221
f 914/4/213 913/4/213 882/4/213
f 903/4/216 904/4/216 815/4/216
f 892/4/210 884/4/210 789/4/210
f 893/4/229 905/4/229 881/4/229
f 843/4/153 920/4/153 919/4/153
f 902/4/216 903/4/216 814/4/216
f 926/4/139 917/4/155 834/4/263
f 901/4/216 902/4/216 813/4/216
f 834/4/263 917/4/155 918/4/136
f 912/4/213 915/4/213 823/4/213
f 945/4/168 933/4/168 932/4/168
f 944/4/180 935/4/180 934/4/180
f 943/4/179 937/4/179 936/4/179
f 942/4/178 936/4/178 938/4/178
f 941/4/177 938/4/177 939/4/177
f 949/4/180 948/4/180 937/4/180
f 951/4/180 950/4/180 948/4/180
f 946/4/180 934/4/180 950/4/180
f 953/4/168 952/4/168 935/4/168
f 947/4/168 932/4/168 952/4/168
f 955/4/231 954/4/231 959/4/231
f 945/4/35 947/4/35 842/4/35
f 957/4/232 956/4/232 954/4/232
f 957/4/35 955/4/35 960/4/35
f 956/4/233 957/4/233 958/4/233
f 961/4/234 958/4/234 940/4/234
f 958/4/35 960/4/35 649/4/35
f 960/4/231 959/4/231 637/4/231
f 967/7/264 972/7/264 966/7/264
f 971/7/265 972/7/265 973/7/265
f 965/7/266 970/7/266 964/7/266
f 962/7/267 969/7/267 968/7/267
f 967/7/268 968/7/268 973/7/268
f 966/7/269 971/7/269 965/7/269
f 963/7/270 970/7/270 969/7/270
f 967/7/264 973/7/264 972/7/264
f 973/7/265 968/7/265 970/7/265
f 968/7/265 969/7/265 970/7/265
f 970/7/265 971/7/265 973/7/265
f 965/7/266 971/7/266 970/7/266
f 962/7/267 963/7/267 969/7/267
f 967/7/268 962/7/268 968/7/268
f 966/7/354 972/7/354 971/7/354
f 963/7/270 964/7/270 970/7/270
f 60/7/1 7/7/1 8/7/1
f 8/7/2 9/7/2 3/7/2
f 57/7/3 6/7/3 58/7/3
f 1/7/4 4/7/4 2/7/4
f 60/7/5 3/7/5 1/7/5
f 58/7/6 7/7/6 59/7/6
f 57/7/7 4/7/7 5/7/7
f 14/7/8 19/7/8 20/7/8
f 6/7/9 13/7/9 7/7/9
f 5/7/10 10/7/10 11/7/10
f 8/7/11 13/7/11 14/7/11
f 6/7/12 11/7/12 12/7/12
f 3/7/13 10/7/13 4/7/14
f 18/7/15 25/7/15 19/7/15
f 12/7/16 17/7/16 18/7/16
f 9/7/17 16/7/17 10/7/17
f 14/7/18 15/7/18 9/7/18
f 12/7/19 19/7/19 13/7/19
f 11/7/20 16/7/20 17/7/20
f 23/7/21 26/7/21 24/7/21
f 17/7/22 22/7/22 23/7/22
f 20/7/23 25/7/23 26/7/23
f 18/7/24 23/7/24 24/7/24
f 15/7/25 22/7/25 16/7/25
f 20/7/26 21/7/26 15/7/26
f 106/7/66 111/7/66 112/7/66
f 107/7/67 118/7/67 113/7/67
f 105/7/68 109/7/68 110/7/68
f 103/7/69 108/7/69 104/7/69
f 103/7/70 112/7/70 107/7/70
f 162/7/71 110/7/71 111/7/71
f 104/7/72 109/7/72 161/7/72
f 118/7/73 123/7/73 124/7/73
f 110/7/74 117/7/74 111/7/74
f 109/7/75 114/7/75 115/7/75
f 112/7/76 117/7/76 118/7/76
f 110/7/77 115/7/77 116/7/77
f 107/7/78 114/7/78 108/7/78
f 122/7/79 129/7/79 123/7/79
f 116/7/80 121/7/80 122/7/80
f 113/7/81 120/7/81 114/7/81
f 113/7/82 124/7/82 119/7/82
f 116/7/83 123/7/83 117/7/83
f 115/7/84 120/7/84 121/7/84
f 128/7/85 127/7/85 125/7/85
f 121/7/86 126/7/86 127/7/86
f 124/7/87 129/7/87 130/7/87
f 122/7/88 127/7/88 128/7/88
f 119/7/89 126/7/89 120/7/89
f 119/7/90 130/7/90 125/7/90
f 976/7/271 983/7/271 977/7/271
f 983/7/272 984/7/272 978/7/272
f 974/7/273 981/7/273 975/7/273
f 1033/7/274 978/7/274 979/7/274
f 977/7/275 978/7/275 1032/7/275
f 975/7/276 982/7/276 976/7/276
f 974/7/277 979/7/277 980/7/277
f 989/7/278 994/7/278 995/7/278
f 981/7/279 988/7/279 982/7/279
f 980/7/280 985/7/280 986/7/281
f 983/7/282 988/7/282 989/7/282
f 980/7/283 987/7/283 981/7/283
f 978/7/284 985/7/284 979/7/284
f 993/7/285 1000/7/285 994/7/286
f 986/7/287 993/7/287 987/7/287
f 984/7/288 991/7/288 985/7/288
f 989/7/289 990/7/289 984/7/289
f 987/7/290 994/7/290 988/7/290
f 986/7/291 991/7/291 992/7/291
f 998/7/292 1001/7/292 999/7/292
f 992/7/293 997/7/293 998/7/293
f 995/7/294 1000/7/295 1001/7/295
f 992/7/296 999/7/297 993/7/296
f 990/7/298 997/7/298 991/7/298
f 995/7/299 996/7/299 990/7/299
f 60/7/1 59/7/1 7/7/1
f 8/7/2 14/7/2 9/7/2
f 57/7/3 5/7/3 6/7/3
f 1/7/4 3/7/4 4/7/4
f 60/7/5 8/7/5 3/7/5
f 58/7/6 6/7/6 7/7/6
f 57/7/7 2/7/7 4/7/7
f 14/7/8 13/7/8 19/7/8
f 6/7/9 12/7/9 13/7/9
f 5/7/10 4/7/333 10/7/10
f 8/7/11 7/7/11 13/7/11
f 6/7/12 5/7/12 11/7/12
f 3/7/13 9/7/13 10/7/13
f 18/7/15 24/7/15 25/7/15
f 12/7/16 11/7/16 17/7/16
f 9/7/17 15/7/17 16/7/17
f 14/7/18 20/7/18 15/7/18
f 12/7/19 18/7/19 19/7/19
f 11/7/20 10/7/20 16/7/20
f 23/7/21 22/7/21 21/7/21
f 21/7/21 26/7/21 23/7/21
f 26/7/21 25/7/21 24/7/21
f 17/7/22 16/7/22 22/7/22
f 20/7/23 19/7/23 25/7/23
f 18/7/24 17/7/24 23/7/24
f 15/7/25 21/7/25 22/7/25
f 20/7/26 26/7/26 21/7/26
f 106/7/66 162/7/66 111/7/66
f 107/7/67 112/7/67 118/7/67
f 105/7/68 161/7/68 109/7/68
f 103/7/69 107/7/69 108/7/69
f 103/7/70 106/7/70 112/7/70
f 162/7/71 105/7/71 110/7/71
f 104/7/72 108/7/72 109/7/72
f 118/7/73 117/7/73 123/7/73
f 110/7/74 116/7/334 117/7/74
f 109/7/75 108/7/75 114/7/75
f 112/7/76 111/7/76 117/7/76
f 110/7/77 109/7/77 115/7/77
f 107/7/78 113/7/78 114/7/78
f 122/7/79 128/7/79 129/7/79
f 116/7/80 115/7/80 121/7/80
f 113/7/81 119/7/81 120/7/81
f 113/7/82 118/7/82 124/7/82
f 116/7/83 122/7/83 123/7/83
f 115/7/84 114/7/84 120/7/84
f 127/7/85 126/7/85 125/7/85
f 125/7/85 130/7/85 128/7/85
f 130/7/85 129/7/85 128/7/85
f 121/7/86 120/7/86 126/7/86
f 124/7/87 123/7/87 129/7/87
f 122/7/88 121/7/88 127/7/88
f 119/7/89 125/7/89 126/7/89
f 119/7/90 124/7/90 130/7/90
f 976/7/271 982/7/271 983/7/271
f 983/7/272 989/7/272 984/7/272
f 974/7/273 980/7/273 981/7/273
f 1033/7/274 1032/7/274 978/7/274
f 977/7/275 983/7/275 978/7/275
f 975/7/276 981/7/276 982/7/276
f 974/7/277 1033/7/277 979/7/277
f 989/7/278 988/7/278 994/7/278
f 981/7/279 987/7/279 988/7/279
f 980/7/280 979/7/280 985/7/280
f 983/7/282 982/7/282 988/7/282
f 980/7/283 986/7/283 987/7/283
f 978/7/284 984/7/284 985/7/284
f 993/7/285 999/7/285 1000/7/285
f 986/7/287 992/7/287 993/7/287
f 984/7/288 990/7/288 991/7/288
f 989/7/289 995/7/289 990/7/289
f 987/7/290 993/7/290 994/7/290
f 986/7/291 985/7/291 991/7/291
f 998/7/292 997/7/292 996/7/292
f 996/7/292 1001/7/292 998/7/292
f 1001/7/292 1000/7/292 999/7/292
f 992/7/293 991/7/293 997/7/293
f 995/7/294 994/7/294 1000/7/295
f 992/7/296 998/7/297 999/7/297
f 990/7/298 996/7/298 997/7/298
f 995/7/299 1001/7/299 996/7/299
f 206/9/35 1080/9/35 1086/9/35
f 206/9/35 1089/9/35 208/9/35
f 1088/9/129 208/9/129 1089/9/129
f 208/9/130 205/9/130 206/9/130
f 1084/9/129 1088/9/129 1085/9/129
f 1079/9/335 1077/9/335 1082/9/335
f 1082/9/335 1087/9/335 1079/9/335
f 1084/9/46 205/9/46 207/9/46
f 1080/9/336 1078/9/336 1081/9/336
f 208/9/130 207/9/130 205/9/130
f 1078/9/336 205/9/336 1076/9/336
f 1076/9/336 1077/9/336 1078/9/336
f 1079/9/355 1080/9/356 1081/9/357
f 1083/9/358 1085/9/358 1082/9/358
f 1086/9/153 1088/9/153 1089/9/153
f 1087/9/359 1080/9/356 1079/9/355
f 1082/9/358 1076/9/358 1083/9/358
f 1083/9/46 1076/9/46 205/9/46
f 206/9/153 1086/9/153 1089/9/153
f 1088/9/129 207/9/129 208/9/129
f 207/9/129 1088/9/129 1084/9/129
f 1088/9/129 1087/9/129 1085/9/129
f 1079/9/335 1081/9/335 1077/9/335
f 1082/9/335 1085/9/335 1087/9/335
f 1084/9/46 1083/9/46 205/9/46
f 206/9/336 1078/9/336 1080/9/336
f 1078/9/336 1077/9/336 1081/9/336
f 1078/9/336 206/9/336 205/9/336
f 1083/9/360 1084/9/360 1085/9/360
f 1086/9/129 1087/9/129 1088/9/129
f 1087/9/359 1086/9/361 1080/9/356
f 1082/9/358 1077/9/358 1076/9/358
