# Material-color atlas conversion for FMUR / Minecraft 1.7.10
# Shared texture: AKM.png
# Blender 5.2.0 LTS
# www.blender.org
o AKM_Main
v 0.791817 1.122033 0.082839
v 0.791817 1.237147 0.082839
v 0.791817 1.122033 0.057729
v 0.791817 1.237147 0.057729
v 0.874444 1.122033 0.082839
v 0.874444 1.237147 0.082839
v 0.874444 1.122033 0.057729
v 0.874444 1.237147 0.057729
v 0.705823 1.074259 0.082839
v 0.705823 1.189372 0.082839
v 0.705823 1.074259 0.057729
v 0.705823 1.189372 0.057729
v 0.610275 1.041773 0.082839
v 0.610275 1.156886 0.082839
v 0.610275 1.041773 0.057729
v 0.610275 1.156886 0.057729
v 0.514727 1.022663 0.082839
v 0.514727 1.137776 0.082839
v 0.514727 1.022663 0.057729
v 0.514727 1.137776 0.057729
v 0.946901 1.099473 0.082839
v 0.946901 1.214586 0.082839
v 0.946901 1.099473 0.057729
v 0.946901 1.214586 0.057729
v 1.007150 1.092838 0.082839
v 1.007150 1.207951 0.082839
v 1.007150 1.092838 0.057729
v 1.007150 1.207951 0.057729
v 0.903383 1.260311 0.082839
v 0.903383 1.260311 0.057729
v 0.934736 1.251204 0.082839
v 0.934736 1.251204 0.057729
v 0.433892 1.143308 0.103325
v 1.104933 0.841007 0.103325
v 1.104933 1.143308 0.103325
v 0.976417 0.841007 0.103325
v 0.976417 1.212581 0.103325
v 1.059909 0.841007 0.103325
v 1.059909 1.212581 0.103325
v 0.794035 1.143308 0.103325
v 0.794035 0.841007 0.103325
v 0.905132 0.841007 0.103325
v 0.909591 1.153261 0.103325
v 1.104933 0.992158 0.103325
v 0.976417 1.026794 0.103325
v 1.059909 1.026794 0.103325
v 0.794035 0.992158 0.103325
v 0.907361 0.997134 0.103325
v 0.474946 1.143308 0.103325
v 0.474946 0.841007 0.103325
v 0.474946 0.992158 0.103325
v 0.791817 1.122033 -0.082839
v 0.791817 1.237147 -0.082839
v 0.791817 1.122033 -0.057729
v 0.791817 1.237147 -0.057729
v 0.874444 1.122033 -0.082839
v 0.874444 1.237147 -0.082839
v 0.874444 1.122033 -0.057729
v 0.874444 1.237147 -0.057729
v 0.705823 1.074259 -0.082839
v 0.705823 1.189372 -0.082839
v 0.705823 1.074259 -0.057729
v 0.705823 1.189372 -0.057729
v 0.610275 1.041773 -0.082839
v 0.610275 1.156886 -0.082839
v 0.610275 1.041773 -0.057729
v 0.610275 1.156886 -0.057729
v 0.514727 1.022663 -0.082839
v 0.514727 1.137776 -0.082839
v 0.514727 1.022663 -0.057729
v 0.514727 1.137776 -0.057729
v 0.946902 1.099473 -0.082839
v 0.946902 1.214586 -0.082839
v 0.946902 1.099473 -0.057729
v 0.946902 1.214586 -0.057729
v 1.007150 1.092838 -0.082839
v 1.007150 1.207951 -0.082839
v 1.007150 1.092838 -0.057729
v 1.007150 1.207951 -0.057729
v 0.903383 1.260311 -0.082839
v 0.903383 1.260311 -0.057729
v 0.934736 1.251204 -0.082839
v 0.934736 1.251204 -0.057729
v 0.433892 1.143308 -0.103325
v 1.104933 0.841007 -0.103325
v 1.104933 1.143308 -0.103325
v 0.976417 0.841007 -0.103325
v 0.976417 1.212581 -0.103325
v 1.059909 0.841007 -0.103325
v 1.059909 1.212581 -0.103325
v 0.794035 1.143308 -0.103325
v 0.794035 0.841007 -0.103325
v 0.905132 0.841007 -0.103325
v 0.909591 1.153261 -0.103325
v 1.104933 0.992158 -0.103325
v 0.976417 1.026794 -0.103325
v 1.059909 1.026794 -0.103325
v 0.794035 0.992158 -0.103325
v 0.907361 0.997134 -0.103325
v 0.474946 1.143308 -0.103325
v 0.474946 0.841007 -0.103325
v 0.474946 0.992158 -0.103325
v 0.433892 1.143308 0.000000
v 1.104933 0.841007 0.000000
v 1.104933 1.143308 0.000000
v 0.976417 1.212581 0.000000
v 0.976417 0.841007 0.000000
v 1.059909 1.212581 0.000000
v 1.059909 0.841007 0.000000
v 0.794035 0.841007 0.000000
v 0.794035 1.143308 0.000000
v 0.909591 1.153261 0.000000
v 0.905132 0.841007 0.000000
v 1.104933 0.992158 0.000000
v 0.474946 0.992158 0.000000
v 0.474946 0.841007 0.000000
v 0.474946 1.143308 0.000000
v 0.433892 1.033180 0.103325
v 0.474914 0.992158 0.103325
v 0.474914 0.992158 -0.103325
v 0.433892 1.033180 -0.103325
v 0.433892 1.033180 0.000000
v 0.474914 0.992158 0.000000
v 0.161393 1.095220 0.078141
v 0.200721 1.095220 0.078141
v 0.161393 1.040986 0.094262
v 0.200721 1.089019 0.073056
v 0.161393 1.089019 0.073056
v 0.200721 1.040986 0.094262
v 0.161393 1.034786 0.089177
v 0.200721 1.034786 0.089177
v -0.571957 1.095220 0.078141
v -0.571957 0.919893 0.150470
v -0.532629 0.919893 0.150470
v -0.532629 1.095220 0.078141
v -0.532629 0.932888 0.153521
v -0.571957 0.932888 0.153521
v -0.571957 0.971304 0.114975
v -0.532629 1.089019 0.073056
v -0.571957 1.089019 0.073056
v -0.532629 0.971304 0.114975
v -0.571957 0.965103 0.109890
v -0.532629 0.965103 0.109890
v -1.299822 1.095220 0.078141
v -1.299822 0.919893 0.150470
v -1.260494 0.919893 0.150470
v -1.260494 1.095220 0.078141
v -1.260494 0.932888 0.153521
v -1.299822 0.932888 0.153521
v -1.299822 0.971304 0.114974
v -1.260494 1.089019 0.073056
v -1.299822 1.089019 0.073056
v -1.260494 0.971304 0.114974
v -1.299822 0.965103 0.109890
v -1.260494 0.965103 0.109890
v 0.161393 1.095220 -0.078141
v 0.200721 1.095220 -0.078141
v 0.161393 1.124159 -0.000000
v 0.200721 1.124159 -0.000000
v 0.200721 1.089019 -0.073056
v 0.161393 1.089019 -0.073056
v 0.200721 0.970499 -0.114851
v 0.161393 1.117958 -0.000000
v 0.200721 1.117958 -0.000000
v -0.571957 1.095220 -0.078141
v -0.571957 0.919893 -0.150470
v -0.532629 0.919893 -0.150470
v -0.532629 1.095220 -0.078141
v -0.532629 0.932888 -0.153522
v -0.571957 0.932888 -0.153522
v -0.571957 1.124159 -0.000000
v -0.532629 1.124159 -0.000000
v -0.571957 0.971304 -0.114975
v -0.532629 1.089019 -0.073056
v -0.571957 1.089019 -0.073056
v -0.532629 0.971304 -0.114975
v -0.571957 1.117958 -0.000000
v -0.532629 1.117958 -0.000000
v -0.571957 0.965103 -0.109890
v -0.532629 0.965103 -0.109890
v -1.299822 1.095220 -0.078141
v -1.299822 0.919893 -0.150470
v -1.260494 0.919893 -0.150470
v -1.260494 1.095220 -0.078141
v -1.260494 0.932888 -0.153522
v -1.299822 0.932888 -0.153522
v -1.299822 1.124159 -0.000000
v -1.260494 1.124159 -0.000000
v -1.299822 0.971304 -0.114975
v -1.260494 1.089019 -0.073056
v -1.299822 1.089019 -0.073056
v -1.260494 0.971304 -0.114975
v -1.299822 1.117958 -0.000000
v -1.260494 1.117958 -0.000000
v -1.299822 0.965103 -0.109890
v -1.260494 0.965103 -0.109890
v 0.161393 0.970499 -0.114851
v 0.161393 0.964298 -0.109766
v 0.200721 0.964298 -0.109766
v 0.161393 0.933112 -0.153302
v 0.200721 0.933112 -0.153302
v 0.161393 0.919363 -0.150497
v 0.200721 0.919363 -0.150497
v -1.436939 0.717317 -0.148436
v -1.436939 0.717317 0.194777
v -1.392770 0.694260 -0.148436
v -1.392770 0.694260 0.194777
v -1.390654 0.644479 -0.148436
v -1.390654 0.644479 0.194777
v -1.432707 0.617757 -0.148436
v -1.432707 0.617757 0.194777
v -1.476876 0.640814 -0.148436
v -1.476876 0.640814 0.194777
v -1.478992 0.690594 -0.148436
v -1.478992 0.690594 0.194777
v -1.437959 0.741315 0.150760
v -1.437959 0.741315 0.187833
v -1.372497 0.707142 0.150760
v -1.372497 0.707142 0.187833
v -1.369361 0.633364 0.150760
v -1.369361 0.633364 0.187833
v -1.431686 0.593759 0.150760
v -1.431686 0.593759 0.187833
v -1.497149 0.627932 0.150760
v -1.497149 0.627932 0.187833
v -1.500285 0.701710 0.150760
v -1.500285 0.701710 0.187833
v 2.473856 0.898776 0.000000
v 2.473856 0.944757 -0.079642
v 2.473856 1.044934 -0.093869
v 2.473856 1.099130 0.000000
v 2.473856 1.044934 0.093869
v 2.473856 0.936544 0.093869
v 2.473856 0.882348 0.000000
v 2.473856 0.936544 -0.093869
v 2.305606 1.044934 -0.093869
v 2.305606 1.099130 0.000000
v 2.305606 1.044934 0.093869
v 2.305606 0.936544 0.093869
v 2.305606 0.882348 0.000000
v 2.305606 0.936544 -0.093869
v 2.305606 1.040795 -0.086699
v 2.305606 1.090850 0.000000
v 2.305606 1.040795 0.086699
v 2.305606 0.940683 -0.086699
v 3.289437 0.545642 0.056901
v 3.289436 0.673482 0.056901
v 3.289436 0.545642 -0.056900
v 3.289437 0.673482 -0.056900
v 3.393314 0.545642 0.056901
v 3.393314 0.673482 0.056901
v 3.393314 0.545642 -0.056900
v 3.393314 0.673482 -0.056900
v 3.289437 0.583881 0.056901
v 3.289437 0.612399 0.056901
v 3.289437 0.612399 -0.056900
v 3.289437 0.583881 -0.056900
v 3.393314 0.612399 -0.056900
v 3.393314 0.583881 -0.056900
v 3.393314 0.612399 0.056901
v 3.393314 0.583881 0.056901
v 3.289437 0.583881 0.037655
v 3.289437 0.612399 0.037655
v 3.289437 0.612399 -0.037654
v 3.289437 0.583881 -0.037654
v 3.393314 0.612399 -0.037654
v 3.393314 0.583881 -0.037654
v 3.393314 0.612399 0.037655
v 3.393314 0.583881 0.037655
v 2.449070 0.768515 -0.079958
v 2.089913 0.768515 -0.079958
v 2.449070 0.814679 0.000000
v 2.089913 0.814679 0.000000
v 2.449070 0.768515 0.079959
v 2.089913 0.768515 0.079959
v 2.449070 0.676186 0.079959
v 2.089913 0.676187 0.079959
v 2.449070 0.630022 0.000000
v 2.089913 0.630022 0.000000
v 2.449070 0.676186 -0.079958
v 2.089913 0.676186 -0.079958
v 2.449070 0.757886 -0.061550
v 2.449070 0.793422 0.000000
v 2.449070 0.757886 0.061550
v 2.449070 0.686815 0.061550
v 2.449070 0.651279 0.000000
v 2.449070 0.686815 -0.061550
v 2.089913 0.757675 -0.061184
v 2.089913 0.793000 0.000000
v 2.089913 0.757675 0.061184
v 2.089913 0.687026 0.061184
v 2.089913 0.651702 0.000000
v 2.089913 0.687026 -0.061184
v 2.902275 1.033222 0.073583
v 2.902275 1.036895 -0.079944
v 2.902275 1.083051 0.000000
v 2.902275 1.036895 0.079945
v 2.902275 0.944583 0.079945
v 2.902275 0.898427 0.000000
v 2.902275 0.944583 -0.079944
v 3.130065 1.036895 -0.079944
v 3.115252 1.083050 0.000000
v 3.130065 1.036895 0.079945
v 3.182331 0.944583 0.079945
v 3.235435 0.898427 0.000000
v 3.182331 0.944583 -0.079944
v 3.451020 0.765565 -0.074849
v 3.114815 0.765565 -0.074849
v 3.451020 0.808779 0.000000
v 3.114815 0.808779 0.000000
v 3.451020 0.765565 0.074850
v 3.114815 0.765565 0.074849
v 3.451020 0.679136 0.074850
v 3.114815 0.679136 0.074849
v 3.451020 0.635922 0.000000
v 3.114815 0.635922 0.000000
v 3.451020 0.679136 -0.074849
v 3.114815 0.679136 -0.074849
v 3.451020 0.755616 -0.057616
v 3.451020 0.788881 0.000000
v 3.451020 0.755616 0.057617
v 3.451020 0.689085 0.057617
v 3.451020 0.655820 0.000000
v 3.451020 0.689085 -0.057616
v 3.114815 0.755418 -0.057274
v 3.114815 0.788485 0.000000
v 3.114815 0.755418 0.057274
v 3.114815 0.689283 0.057274
v 3.114815 0.656216 0.000000
v 3.114815 0.689283 -0.057274
v 3.115234 0.773538 0.044305
v 3.014623 0.944682 0.044305
v 3.115234 0.773538 -0.044304
v 3.014623 0.944682 -0.044304
v 3.177733 0.948102 0.044305
v 3.177733 0.948102 -0.044304
v 3.022655 0.910191 0.044305
v 3.022655 0.910191 -0.044304
v 3.235132 0.899063 -0.044304
v 3.235132 0.899063 0.044305
v 3.090008 0.871872 -0.044304
v 3.113868 0.819405 -0.044304
v 3.295915 0.857222 -0.044304
v 3.379656 0.815380 -0.044304
v 3.295915 0.857222 0.044305
v 3.379656 0.815380 0.044305
v 3.113868 0.819405 0.044305
v 3.090008 0.871872 0.044305
v 3.445941 0.773538 0.044305
v 3.447613 0.780449 0.044305
v 3.447613 0.780449 -0.044304
v 3.445941 0.773538 -0.044304
v -4.699262 0.696581 0.106814
v -4.700650 0.776635 0.049302
v -4.675001 -0.269068 0.042939
v -4.676208 -0.184511 0.106814
v -4.767372 0.673505 0.104390
v -4.768697 0.749931 0.049484
v -4.744210 -0.248385 0.043409
v -4.745363 -0.167659 0.104390
v -4.699262 0.696581 -0.106816
v -4.700650 0.776635 -0.049304
v -4.675001 -0.269068 -0.042941
v -4.744210 -0.248385 -0.000001
v -4.768697 0.749931 -0.000001
v -4.767372 0.673505 -0.104391
v -4.768697 0.749931 -0.049485
v -4.744210 -0.248385 -0.043410
v -4.745363 -0.167659 -0.104391
v 0.495215 0.711010 -0.099904
v 0.596199 0.711010 -0.099904
v 0.495215 0.653330 0.000000
v 0.596199 0.653330 0.000000
v 0.495215 0.711010 0.099904
v 0.596199 0.711010 0.099904
v 0.495215 0.826369 0.099904
v 0.596199 0.826369 0.099904
v 0.495215 0.884049 0.000000
v 0.596198 0.884049 -0.000000
v 0.495215 0.826369 -0.099904
v 0.596199 0.826369 -0.099904
v 0.495215 0.727551 -0.071254
v 0.495215 0.686412 0.000000
v 0.495215 0.727551 0.071254
v 0.495215 0.809828 0.071254
v 0.495215 0.850967 0.000000
v 0.495215 0.809828 -0.071254
v -0.210011 0.727551 -0.071254
v -0.210011 0.686412 0.000000
v -0.210011 0.727551 0.071254
v -0.210011 0.809828 0.071254
v -0.210011 0.850967 0.000000
v -0.210011 0.809828 -0.071254
v 0.596199 0.727394 -0.071526
v 0.596199 0.686098 0.000000
v 0.596199 0.727394 0.071527
v 0.596199 0.809985 0.071527
v 0.596198 0.851281 0.000000
v 0.596199 0.809985 -0.071526
v 0.569955 0.727394 -0.071527
v 0.569955 0.686098 0.000000
v 0.569955 0.727394 0.071527
v 0.569955 0.809985 0.071527
v 0.569955 0.851281 0.000000
v 0.569955 0.809985 -0.071526
v 0.569955 0.759790 -0.015415
v 0.569955 0.750890 0.000000
v 0.569955 0.759790 0.015415
v 0.569955 0.777589 0.015415
v 0.569955 0.786489 0.000000
v 0.569955 0.777589 -0.015415
v 0.285270 0.759789 -0.015415
v 0.285270 0.750890 0.000000
v 0.285270 0.759789 0.015415
v 0.285270 0.777589 0.015415
v 0.285270 0.786489 0.000000
v 0.285270 0.777589 -0.015415
v 0.578859 1.040611 -0.070927
v 0.415061 1.040612 -0.070927
v 0.578859 1.081561 0.000000
v 0.415061 1.081561 0.000000
v 0.578859 1.040611 0.070927
v 0.415061 1.040612 0.070927
v 0.578859 0.958712 0.070927
v 0.415061 0.958712 0.070927
v 0.578859 0.917762 0.000000
v 0.415061 0.917762 0.000000
v 0.578859 0.958712 -0.070927
v 0.415061 0.958712 -0.070927
v 0.822356 1.027777 -0.048697
v 0.822356 1.055893 0.000000
v 0.822356 1.027777 0.048698
v 0.822356 0.971546 0.048698
v 0.822356 0.943430 0.000000
v 0.822356 0.971546 -0.048697
v 2.376990 1.027777 -0.048697
v 2.376990 1.055892 0.000000
v 2.376990 1.027777 0.048698
v 2.376990 0.971546 0.048698
v 2.376990 0.943430 0.000000
v 2.376990 0.971546 -0.048697
v 4.166208 0.626227 -0.020630
v 3.257363 0.604548 -0.020630
v 4.166208 0.638138 0.000001
v 3.257363 0.616459 0.000000
v 4.166208 0.626227 0.020631
v 3.257363 0.604548 0.020631
v 4.166208 0.602405 0.020631
v 3.257363 0.580727 0.020631
v 4.166208 0.590495 0.000001
v 3.257363 0.568816 0.000000
v 4.166208 0.602405 -0.020630
v 3.257363 0.580727 -0.020630
v 4.413346 0.626227 -0.020630
v 4.413346 0.638138 0.000001
v 4.413346 0.626227 0.020631
v 4.413346 0.602406 0.020631
v 4.413346 0.590495 0.000001
v 4.413346 0.602406 -0.020629
v 4.445865 0.633400 -0.033054
v 4.445865 0.652484 0.000001
v 4.445865 0.633400 0.033055
v 4.445865 0.595233 0.033055
v 4.445865 0.576149 0.000001
v 4.445865 0.595233 -0.033054
v 4.493558 0.633400 -0.033054
v 4.493558 0.652484 0.000001
v 4.493558 0.633400 0.033055
v 4.493558 0.595233 0.033055
v 4.493558 0.576149 0.000001
v 4.493558 0.595233 -0.033054
v 4.523908 0.623923 -0.016639
v 4.523908 0.633530 0.000001
v 4.523908 0.623923 0.016640
v 4.523908 0.604710 0.016640
v 4.523908 0.595103 0.000001
v 4.523908 0.604710 -0.016639
v 2.794087 0.599346 -0.020630
v 2.794087 0.611257 0.000000
v 2.794087 0.599346 0.020631
v 2.794087 0.575524 0.020631
v 2.794087 0.563613 0.000000
v 2.794087 0.575524 -0.020630
v 2.228269 0.584171 -0.020630
v 2.228269 0.596082 0.000001
v 2.228269 0.584171 0.020631
v 2.228269 0.560350 0.020631
v 2.228269 0.548439 0.000001
v 2.228269 0.560350 -0.020630
v 0.132539 0.466136 0.120873
v 0.120670 0.604082 0.120873
v 0.132539 0.466136 -0.120873
v 0.120670 0.604082 -0.120873
v 0.453621 0.534494 0.120873
v 0.441753 0.672440 0.120873
v 0.453621 0.534494 -0.120873
v 0.441753 0.672440 -0.120873
v 0.132539 0.466136 -0.072524
v 0.132539 0.466136 -0.024175
v 0.132539 0.466136 0.024175
v 0.132539 0.466136 0.072524
v 0.120670 0.604082 0.072524
v 0.123506 0.571118 0.024175
v 0.123506 0.571118 -0.024175
v 0.120670 0.604082 -0.072524
v 0.453621 0.534494 0.072524
v 0.453621 0.534494 0.024175
v 0.453621 0.534494 -0.024175
v 0.453621 0.534494 -0.072524
v 0.441753 0.672440 -0.072524
v 0.444589 0.639476 -0.024175
v 0.444589 0.639476 0.024175
v 0.441753 0.672440 0.072524
v 0.318018 1.097513 0.023231
v 0.318018 1.113147 0.023231
v 0.318018 1.097513 -0.023231
v 0.318018 1.113147 -0.023231
v 0.755982 1.097513 0.023232
v 0.755982 1.113147 0.023232
v 0.755982 1.097513 -0.023231
v 0.755982 1.113147 -0.023231
v 0.303160 1.106950 0.000000
v 0.303160 1.122584 0.000000
v 0.770840 1.106950 0.000000
v 0.770840 1.122584 0.000000
v -0.407787 1.097513 0.023231
v -0.407787 1.113147 0.023231
v -0.407787 1.097513 -0.023232
v -0.407787 1.113147 -0.023232
v 0.030177 1.097513 0.023231
v 0.030177 1.113147 0.023231
v 0.030177 1.097513 -0.023232
v 0.030177 1.113147 -0.023232
v -0.422645 1.106950 -0.000000
v -0.422645 1.122584 -0.000000
v 0.045034 1.106950 -0.000000
v 0.045034 1.122584 -0.000000
v -1.129690 1.097513 0.023231
v -1.129690 1.113147 0.023231
v -1.129690 1.097513 -0.023232
v -1.129690 1.113147 -0.023232
v -0.691726 1.097513 0.023231
v -0.691726 1.113147 0.023231
v -0.691726 1.097513 -0.023232
v -0.691726 1.113147 -0.023232
v -1.144548 1.106950 -0.000000
v -1.144548 1.122584 -0.000000
v -0.676868 1.106950 -0.000000
v -0.676868 1.122584 -0.000000
v -1.671659 1.097513 0.023231
v -1.671659 1.113147 0.023231
v -1.671659 1.097513 -0.023232
v -1.671659 1.113147 -0.023232
v -1.413629 1.097513 0.023231
v -1.413629 1.113147 0.023231
v -1.413629 1.097513 -0.023232
v -1.413629 1.113147 -0.023232
v -1.686517 1.106950 -0.000000
v -1.686517 1.122584 -0.000000
v -1.398772 1.106950 -0.000000
v -1.398772 1.122584 -0.000000
v -2.089995 0.786760 0.152899
v -2.089995 0.825774 0.152899
v -1.864901 1.088975 0.075837
v 0.475269 1.088975 0.075837
v -1.999627 0.930042 0.152899
v -1.963930 0.969636 0.110473
v -2.089995 0.786760 -0.152900
v 0.475269 1.117523 0.000000
v -2.089995 0.825774 -0.152900
v -1.864901 1.088975 -0.075837
v 0.475269 1.088975 -0.075837
v 0.475269 0.930042 -0.152900
v -1.999627 0.930042 -0.152900
v -1.963930 0.969636 -0.110474
v 0.475269 0.969636 -0.110473
v -2.089995 0.786760 -0.000000
v -1.797127 1.117523 -0.000000
v -2.089995 0.825774 -0.000000
v -1.864901 1.089115 -0.000000
v -1.999627 0.930042 -0.000000
v -1.945477 0.991069 -0.000000
v -0.088139 0.786760 -0.152900
v 0.422908 0.838924 -0.152900
v -0.059661 0.836399 -0.152900
v 0.475269 0.875843 -0.152900
v -2.089995 0.786760 -0.132890
v 0.475269 0.930042 -0.132889
v -0.088139 0.786760 -0.132889
v 0.422908 0.838924 -0.132889
v -0.059661 0.836399 -0.132889
v 0.475269 0.875843 -0.132889
v 0.475269 1.088975 -0.056836
v 0.475269 0.969636 -0.091472
v -1.178051 0.830546 0.152900
v -1.224010 0.786760 0.152900
v -0.406210 0.930042 0.152900
v -0.401928 0.969636 0.110473
v 0.475269 1.031391 0.092550
v -1.117350 0.888378 0.152900
v -0.453981 0.888378 0.152900
v -0.407950 0.913965 0.152900
v -0.349237 1.013325 0.097793
v -0.251381 1.031391 0.092550
v -1.178051 0.830546 0.130386
v -1.224010 0.786760 0.130386
v -0.406210 0.930042 0.130386
v -0.401928 0.969636 0.087959
v 0.475269 1.031391 0.070036
v -1.117350 0.888378 0.130386
v -0.453981 0.888378 0.130386
v -0.407950 0.913965 0.130386
v -0.349237 1.013325 0.075279
v -0.251381 1.031391 0.070036
v -1.888257 0.831597 0.159689
v -1.888257 0.876072 0.159689
v -1.888257 0.831597 0.138108
v -1.888257 0.876072 0.138108
v -1.309905 0.831597 0.159689
v -1.309905 0.876072 0.159689
v -1.309905 0.831597 0.138108
v -1.309905 0.876072 0.138108
v -1.919536 0.853834 0.159689
v -1.919536 0.853834 0.138108
v -1.278625 0.853834 0.138108
v -1.278625 0.853834 0.159689
v -1.888257 0.831597 -0.159690
v -1.888257 0.876072 -0.159690
v -1.888257 0.831597 -0.138109
v -1.888257 0.876072 -0.138109
v -0.194089 0.831597 -0.159690
v -0.194089 0.876072 -0.159690
v -0.194089 0.831597 -0.138108
v -0.194089 0.876072 -0.138108
v -1.919536 0.853834 -0.159690
v -1.919536 0.853834 -0.138109
v -0.162809 0.853834 -0.138108
v -0.162809 0.853834 -0.159690
v 1.034150 1.181525 -0.111529
v 1.034150 1.181525 0.127463
v 1.069809 1.160938 -0.111529
v 1.069809 1.160938 0.127463
v 1.069809 1.119763 -0.111529
v 1.069809 1.119763 0.127463
v 1.034150 1.099176 -0.111529
v 1.034150 1.099176 0.127463
v 0.998492 1.119763 -0.111529
v 0.998492 1.119763 0.127463
v 0.998492 1.160938 -0.111529
v 0.998492 1.160938 0.127463
v 0.930561 1.157649 0.119603
v 0.779716 1.070324 0.119603
v 0.930561 1.157649 0.103898
v 0.779716 1.070324 0.103898
v 1.084962 1.093623 0.119603
v 1.018445 1.208525 0.119603
v 1.084962 1.093623 0.103898
v 1.018445 1.208525 0.103898
v 1.118167 1.150498 0.119603
v 1.084302 1.208997 0.119603
v 1.118167 1.150498 0.103898
v 1.084302 1.208997 0.103898
v 0.791810 1.049433 0.119603
v 0.791810 1.049433 0.103898
v 1.030539 1.187634 0.103898
v 1.030539 1.187634 0.119603
v 1.090459 1.198361 0.103898
v 1.090459 1.198361 0.119603
v 0.820327 1.000172 0.119603
v 0.890983 0.981328 0.119603
v 0.890983 0.981328 0.103898
v 0.820327 1.000172 0.103898
v 0.942655 1.136758 0.119603
v 0.942655 1.136758 0.103898
v 0.930561 1.157649 0.162122
v 0.779716 1.070324 0.162122
v 0.791810 1.049433 0.162122
v 0.942655 1.136758 0.162122
v 0.908392 1.234619 -0.087600
v 0.908392 1.234619 0.087600
v 0.929199 1.219371 -0.087600
v 0.929199 1.219371 0.087600
v 0.926398 1.193727 -0.087600
v 0.926398 1.193727 0.087600
v 0.902790 1.183332 -0.087600
v 0.902790 1.183332 0.087600
v 0.881983 1.198579 -0.087600
v 0.881983 1.198579 0.087600
v 0.884784 1.224223 -0.087600
v 0.884784 1.224223 0.087600
v -2.332738 0.676987 -0.039436
v -2.347033 0.766931 -0.039436
v -2.287766 0.684135 -0.039436
v -2.302062 0.774078 -0.039436
v -2.265280 0.687709 -0.000000
v -2.279576 0.777652 -0.000000
v -2.287766 0.684135 0.039435
v -2.302062 0.774078 0.039435
v -2.332738 0.676987 0.039435
v -2.347033 0.766931 0.039435
v -2.355223 0.673414 -0.000000
v -2.369519 0.763357 -0.000000
v -2.310782 0.737376 0.084967
v -2.310782 0.767664 0.084967
v -2.310782 0.737376 -0.084968
v -2.310782 0.767664 -0.084968
v -2.103928 0.750444 0.084967
v -2.103928 0.780732 0.084967
v -2.103928 0.750444 -0.084968
v -2.103928 0.780732 -0.084968
v -2.385303 0.719028 0.062723
v -2.385303 0.749316 0.062723
v -2.385303 0.719028 -0.062724
v -2.385303 0.749316 -0.062724
v -2.310782 0.737376 -0.000001
v -2.310782 0.767664 -0.000001
v -2.103928 0.750444 -0.000000
v -2.103928 0.780732 -0.000000
v -2.432724 0.707267 -0.000001
v -2.432724 0.737554 -0.000001
v -0.458096 0.500498 0.004962
v -0.457649 0.484406 0.032845
v -0.458096 0.500498 0.060727
v -0.458990 0.532682 0.060727
v -0.459437 0.548774 0.032845
v -0.458990 0.532682 0.004962
v -0.468345 0.500213 0.004962
v -0.467898 0.484121 0.032845
v -0.468345 0.500213 0.060727
v -0.469239 0.532397 0.060727
v -0.469686 0.548489 0.032845
v -0.469239 0.532397 0.004962
v -0.457259 0.550526 -0.073661
v -0.457623 0.534128 -0.045956
v -0.458869 0.549912 -0.017922
v -0.459752 0.582094 -0.017593
v -0.459388 0.598493 -0.045298
v -0.458142 0.582709 -0.073332
v -0.467504 0.550248 -0.073960
v -0.467868 0.533850 -0.046255
v -0.469114 0.549634 -0.018221
v -0.469997 0.581817 -0.017892
v -0.469633 0.598215 -0.045597
v -0.468387 0.582431 -0.073631
v 0.052083 0.573574 -0.149208
v 0.052083 0.573574 0.149208
v 0.080605 0.557107 -0.149208
v 0.080605 0.557107 0.149208
v 0.080605 0.524174 -0.149208
v 0.080605 0.524174 0.149208
v 0.052083 0.507707 -0.149208
v 0.052083 0.507707 0.149208
v 0.023562 0.524174 -0.149208
v 0.023562 0.524174 0.149208
v 0.023562 0.557107 -0.149208
v 0.023562 0.557107 0.149208
v 0.561416 0.760565 0.134224
v 0.561416 0.760565 0.149208
v 0.589937 0.744098 0.134224
v 0.589937 0.744098 0.149208
v 0.589937 0.711165 0.134224
v 0.589937 0.711165 0.149208
v 0.561416 0.694698 0.134224
v 0.561416 0.694698 0.149208
v 0.532895 0.711165 0.134224
v 0.532895 0.711165 0.149208
v 0.532895 0.744098 0.134224
v 0.532895 0.744098 0.149208
v 0.561416 0.760565 -0.134224
v 0.561416 0.760565 -0.149208
v 0.589937 0.744098 -0.134224
v 0.589937 0.744098 -0.149208
v 0.589937 0.711165 -0.134224
v 0.589937 0.711165 -0.149208
v 0.561416 0.694698 -0.134224
v 0.561416 0.694698 -0.149208
v 0.532895 0.711165 -0.134224
v 0.532895 0.711165 -0.149208
v 0.532895 0.744098 -0.134224
v 0.532895 0.744098 -0.149208
v -0.625851 0.523834 -0.149208
v -0.625851 0.523834 0.149208
v -0.597330 0.507367 -0.149208
v -0.597330 0.507368 0.149208
v -0.597330 0.474434 -0.149208
v -0.597330 0.474434 0.149208
v -0.625851 0.457967 -0.149208
v -0.625851 0.457967 0.149208
v -0.654373 0.474434 -0.149208
v -0.654373 0.474434 0.149208
v -0.654373 0.507367 -0.149208
v -0.654373 0.507368 0.149208
v -0.781938 0.594073 -0.149208
v -0.781938 0.594073 0.149208
v -0.753417 0.577606 -0.149208
v -0.753417 0.577606 0.149208
v -0.753417 0.544673 -0.149208
v -0.753417 0.544673 0.149208
v -0.781938 0.528206 -0.149208
v -0.781938 0.528206 0.149208
v -0.810459 0.544673 -0.149208
v -0.810459 0.544673 0.149208
v -0.810459 0.577606 -0.149208
v -0.810459 0.577606 0.149208
v -1.200769 0.487414 -0.149208
v -1.200769 0.487414 0.149208
v -1.172248 0.470947 -0.149208
v -1.172248 0.470947 0.149208
v -1.172248 0.438014 -0.149208
v -1.172248 0.438014 0.149208
v -1.200769 0.421547 -0.149208
v -1.200769 0.421547 0.149208
v -1.229290 0.438014 -0.149208
v -1.229290 0.438014 0.149208
v -1.229290 0.470947 -0.149208
v -1.229290 0.470947 0.149208
v 0.392352 0.760565 0.134224
v 0.392352 0.760565 0.149208
v 0.420873 0.744098 0.134224
v 0.420873 0.744098 0.149208
v 0.420873 0.711165 0.134224
v 0.420873 0.711165 0.149208
v 0.392352 0.694698 0.134224
v 0.392352 0.694698 0.149208
v 0.363831 0.711165 0.134224
v 0.363831 0.711165 0.149208
v 0.363831 0.744098 0.134224
v 0.363831 0.744098 0.149208
v 0.392352 0.760565 -0.134224
v 0.392352 0.760565 -0.149208
v 0.420873 0.744098 -0.134224
v 0.420873 0.744098 -0.149208
v 0.420873 0.711165 -0.134224
v 0.420873 0.711165 -0.149208
v 0.392352 0.694698 -0.134224
v 0.392352 0.694698 -0.149208
v 0.363831 0.711165 -0.134224
v 0.363831 0.711165 -0.149208
v 0.363831 0.744098 -0.134224
v 0.363831 0.744098 -0.149208
v -1.961430 0.766809 -0.149209
v -1.961430 0.766809 0.149208
v -1.932909 0.750342 -0.149209
v -1.932909 0.750342 0.149208
v -1.932909 0.717409 -0.149209
v -1.932909 0.717409 0.149208
v -1.961430 0.700942 -0.149209
v -1.961430 0.700942 0.149208
v -1.989951 0.717409 -0.149209
v -1.989951 0.717409 0.149208
v -1.989951 0.750342 -0.149209
v -1.989951 0.750342 0.149208
v -1.674231 0.620087 -0.149209
v -1.674231 0.620087 0.149208
v -1.645710 0.603621 -0.149209
v -1.645710 0.603621 0.149208
v -1.645710 0.570687 -0.149209
v -1.645710 0.570687 0.149208
v -1.674231 0.554221 -0.149209
v -1.674231 0.554221 0.149208
v -1.702752 0.570687 -0.149209
v -1.702752 0.570687 0.149208
v -1.702752 0.603621 -0.149209
v -1.702752 0.603621 0.149208
v -0.624594 0.608795 -0.180022
v -0.624594 0.608795 -0.048277
v -0.584812 0.585827 -0.180022
v -0.584812 0.585827 -0.048277
v -0.584812 0.539891 -0.180022
v -0.584812 0.539892 -0.048277
v -0.624594 0.516924 -0.180022
v -0.624594 0.516924 -0.048277
v -0.664375 0.539891 -0.180022
v -0.664375 0.539892 -0.048277
v -0.664375 0.585827 -0.180022
v -0.664375 0.585827 -0.048277
v -1.691373 0.577787 -0.190052
v -1.691373 0.577787 -0.039243
v -1.661247 0.560394 -0.190052
v -1.661247 0.560394 -0.039243
v -1.661247 0.525608 -0.190052
v -1.661247 0.525608 -0.039243
v -1.691373 0.508215 -0.190052
v -1.691373 0.508215 -0.039243
v -1.721499 0.525608 -0.190052
v -1.721499 0.525608 -0.039243
v -1.721499 0.560394 -0.190052
v -1.721499 0.560394 -0.039243
v 0.475384 0.800307 0.148087
v 0.475384 0.868474 0.148087
v 0.475384 0.800307 0.102824
v 0.475384 0.957641 0.102824
v 0.670869 0.800307 0.148087
v 0.670869 0.800307 0.102824
v 0.670869 0.907956 0.102824
v 0.518215 0.800307 0.102824
v 0.518215 0.957641 0.102824
v 0.518215 0.800307 0.148087
v 0.518215 0.822386 0.122919
v 0.475384 0.800307 0.122919
v 0.670869 0.800307 0.122919
v 0.670869 0.907956 0.122919
v 0.518215 0.957641 0.122919
v 0.518215 0.800307 0.122919
v 0.475384 0.822271 0.148087
v 0.475384 0.822271 0.102824
v 0.670869 0.822419 0.102824
v 0.670869 0.822419 0.148087
v 0.518215 0.822271 0.148087
v 0.518215 0.822271 0.102824
v 0.670869 0.822419 0.122919
v 0.475384 0.822271 0.122919
v 0.498819 0.800307 0.102824
v 0.498819 0.868474 0.148087
v 0.498819 0.957641 0.102824
v 0.498819 0.800307 0.148087
v 0.498819 0.800307 0.122919
v 0.498819 0.957641 0.122919
v 0.498819 0.822271 0.102824
v 0.498819 0.844406 0.122919
v 0.498819 0.844291 0.148087
v 0.476799 0.822271 0.148087
v 0.475384 0.800307 0.142920
v 0.518215 0.800307 0.142920
v 0.475384 0.957641 0.122919
v 0.670869 0.800307 0.142920
v 0.475384 0.822271 0.142920
v 0.670869 0.822419 0.142920
v 0.498819 0.800307 0.142920
v 0.518215 0.822328 0.142920
v 0.498819 0.844348 0.142920
v 0.475384 0.800307 -0.164045
v 0.475384 0.868474 -0.164045
v 0.475384 0.800307 -0.103947
v 0.475384 0.957641 -0.103947
v 0.670869 0.800307 -0.164044
v 0.670869 0.800307 -0.103947
v 0.670869 0.907956 -0.103947
v 0.518215 0.800307 -0.103947
v 0.518215 0.957641 -0.103947
v 0.518215 0.800307 -0.164044
v 0.518215 0.822386 -0.124042
v 0.475384 0.800307 -0.124042
v 0.670869 0.800307 -0.124042
v 0.670869 0.907956 -0.124042
v 0.518215 0.957641 -0.124042
v 0.518215 0.800307 -0.124042
v 0.475384 0.822271 -0.164045
v 0.475384 0.822271 -0.103947
v 0.670869 0.822419 -0.103947
v 0.670869 0.822419 -0.164044
v 0.518215 0.822271 -0.164044
v 0.518215 0.822271 -0.103947
v 0.670869 0.822419 -0.124042
v 0.475384 0.822271 -0.124042
v 0.498819 0.800307 -0.103947
v 0.498819 0.868474 -0.164045
v 0.498819 0.957641 -0.103947
v 0.498819 0.800307 -0.164045
v 0.498819 0.800307 -0.124042
v 0.498819 0.957641 -0.124042
v 0.498819 0.822271 -0.103947
v 0.498819 0.844406 -0.124042
v 0.498819 0.844291 -0.164045
v 0.476799 0.822271 -0.164045
v 0.475384 0.800307 -0.144043
v 0.518215 0.800307 -0.144043
v 0.475384 0.957641 -0.124042
v 0.670869 0.800307 -0.144043
v 0.475384 0.822271 -0.144043
v 0.670869 0.822419 -0.144043
v 0.498819 0.800307 -0.144043
v 0.518215 0.822328 -0.144043
v 0.498819 0.844348 -0.144043
v -0.077105 0.800307 -0.124042
v -0.077105 0.822271 -0.124042
v -0.077105 0.800307 -0.144043
v -0.077105 0.949135 -0.124042
v -0.077105 0.822271 -0.144043
v 0.460617 0.822271 -0.144043
v 0.460617 0.949135 -0.124042
v 0.460617 0.800307 -0.124042
v 0.460617 0.800307 -0.144043
v 0.460617 0.822271 -0.124042
v 0.322103 1.190868 0.092256
v 0.322103 1.266462 0.092256
v 0.322103 1.190868 -0.092256
v 0.322103 1.266462 -0.092256
v 0.408314 1.190868 0.092256
v 0.347269 1.266462 0.092256
v 0.408314 1.190868 -0.092256
v 0.347269 1.266462 -0.092256
v 0.322103 1.236765 0.092256
v 0.322103 1.236765 -0.092256
v 0.408314 1.236765 -0.092256
v 0.408314 1.236765 0.092256
v 0.322103 1.248461 0.092256
v 0.322103 1.248461 -0.092256
v 0.364233 1.245939 -0.092256
v 0.364233 1.245939 0.092256
v 0.322103 1.190868 -0.015417
v 0.322103 1.190868 0.015417
v 0.322103 1.266462 0.012013
v 0.322103 1.266462 -0.012013
v 0.408314 1.190868 0.015417
v 0.408314 1.190868 -0.015417
v 0.347269 1.266462 -0.012013
v 0.347269 1.266462 0.012013
v 0.408314 1.236765 -0.015417
v 0.408314 1.236765 0.015417
v 0.322103 1.236765 0.015417
v 0.322103 1.236765 -0.015417
v 0.364233 1.245939 -0.012013
v 0.364233 1.245939 0.012013
v 0.322103 1.248461 0.012013
v 0.322103 1.248461 -0.012013
v 0.642963 1.184889 -0.115093
v 0.668347 1.199544 0.115093
v 0.668347 1.199544 -0.115093
v 0.642963 1.243511 0.115093
v 0.617578 1.228856 0.115093
v 0.617578 1.228856 -0.115093
v 0.617578 1.199544 0.115093
v 0.642963 1.184889 0.141865
v 0.642963 1.184889 -0.141865
v 0.668347 1.199544 0.141865
v 0.668347 1.199544 -0.141865
v 0.668347 1.228856 0.141865
v 0.668347 1.228856 -0.141865
v 0.642963 1.243511 0.141865
v 0.642963 1.243511 -0.141865
v 0.617578 1.228856 0.141865
v 0.617578 1.228856 -0.141865
v 0.617578 1.199544 0.141865
v 0.617578 1.199544 -0.141865
v 0.642963 1.167845 0.115093
v 0.642963 1.167845 -0.115093
v 0.683107 1.191023 0.115093
v 0.683107 1.191023 -0.115093
v 0.683107 1.237378 0.115093
v 0.683107 1.237378 -0.115093
v 0.642963 1.260555 0.115093
v 0.642963 1.260555 -0.115093
v 0.602818 1.237378 0.115093
v 0.602818 1.237378 -0.115093
v 0.602818 1.191023 0.115093
v 0.602818 1.191023 -0.115093
v 0.642963 1.167845 0.036144
v 0.642963 1.167845 -0.036144
v 0.683107 1.191023 -0.036144
v 0.683107 1.191023 0.036144
v 0.683107 1.237378 -0.036144
v 0.683107 1.237378 0.036144
v 0.642963 1.260555 -0.036144
v 0.642963 1.260555 0.036144
v 0.602818 1.237378 -0.036144
v 0.602818 1.237378 0.036144
v 0.602818 1.191023 -0.036144
v 0.602818 1.191023 0.036144
v 0.642963 1.184889 0.115093
v 0.668347 1.228856 0.115093
v 0.668347 1.228856 -0.115093
v 0.642963 1.243511 -0.115093
v 0.617578 1.199544 -0.115093
v 0.973645 1.221024 0.055845
v 0.973121 1.198713 0.055845
v 0.973645 1.221024 -0.055844
v 0.973121 1.198713 -0.055844
v 0.371883 1.234541 0.055845
v 0.371358 1.212229 0.055845
v 0.371883 1.234541 -0.055845
v 0.371358 1.212229 -0.055845
v 0.874710 1.223246 -0.055844
v 0.874186 1.200935 -0.055845
v 0.874710 1.223246 0.055845
v 0.874186 1.200935 0.055845
v 0.941514 1.221746 -0.055844
v 0.940990 1.199434 0.055845
v 0.940990 1.199434 -0.055844
v 0.941514 1.221745 0.055845
v 0.918722 1.199934 -0.055844
v 0.896454 1.200435 -0.055845
v 0.919769 1.238189 0.055845
v 0.897501 1.238689 0.055845
v 0.897501 1.238689 -0.055844
v 0.919769 1.238189 -0.055844
v 0.896454 1.200435 0.055845
v 0.918722 1.199934 0.055845
v -2.081459 0.889912 0.052079
v -2.028907 0.964587 0.052079
v -2.081459 0.889912 -0.052080
v -2.028907 0.964587 -0.052080
v -1.947862 0.889912 0.052079
v -1.947862 0.964587 0.052079
v -1.947862 0.889912 -0.052080
v -1.947862 0.964587 -0.052080
v -2.081459 0.927249 0.052079
v -2.081459 0.927249 -0.052080
v -1.947862 0.927249 -0.052080
v -1.947862 0.927249 0.052079
v 1.235580 0.908878 0.141473
v 1.235580 1.114232 0.095825
v 1.235580 1.004708 0.141473
v 1.235580 0.908878 0.118147
v 1.235580 1.120369 0.080032
v 1.150013 0.908878 0.141473
v 1.150013 1.114232 0.095825
v 1.150013 1.004708 0.141473
v 1.150013 0.908878 0.118147
v 1.150013 1.010554 0.118147
v 1.150013 1.120369 0.080032
v 2.283092 0.892076 0.134138
v 2.283092 1.080143 0.094640
v 2.355583 0.892076 0.134138
v 2.355583 1.080143 0.094640
v 2.355583 1.080143 -0.094639
v 2.283092 0.994781 0.134138
v 2.283092 0.994781 -0.134138
v 2.355583 0.994781 -0.134138
v 2.355583 0.994781 0.134138
v 2.284726 0.603453 0.154929
v 2.284726 0.515134 0.084107
v 2.360874 0.866674 0.154929
v 2.360874 0.603453 0.154929
v 2.360874 0.515134 0.084107
v 1.235580 1.114232 -0.095825
v 1.235580 1.004708 -0.141473
v 1.235580 0.908878 0.000000
v 1.235580 1.151420 0.000000
v 1.235580 1.120369 -0.080032
v 1.150013 0.908878 -0.141473
v 1.150013 1.114232 -0.095825
v 1.150013 1.040134 0.000000
v 1.150013 1.004708 -0.141473
v 1.150013 0.908878 0.000000
v 1.150013 1.151420 0.000000
v 1.150013 0.908878 -0.118147
v 1.150013 1.010554 -0.118147
v 1.150013 1.120369 -0.080032
v 2.283092 0.892076 -0.134138
v 2.283092 1.080143 -0.094639
v 2.355583 0.892076 -0.134138
v 2.283092 0.892076 0.000000
v 2.283092 1.117411 0.000000
v 2.355583 0.892076 0.000000
v 2.355583 1.117411 0.000000
v 2.355583 0.994781 0.000000
v 2.283092 0.994781 0.000000
v 2.284726 0.866674 -0.154929
v 2.284726 0.515134 0.000000
v 2.284726 0.866674 0.000000
v 2.284726 0.603453 -0.154929
v 2.284726 0.515134 -0.084106
v 2.360874 0.866674 -0.154929
v 2.360874 0.515134 0.000000
v 2.360874 0.866674 0.000000
v 2.360874 0.603453 -0.154929
v 2.360874 0.515134 -0.084106
v -1.206318 0.294715 0.041224
v -1.246531 0.408747 0.041224
v -1.206318 0.294715 -0.041224
v -1.246531 0.408747 -0.041224
v -1.155093 0.284759 0.041224
v -1.070692 0.411040 0.041224
v -1.155093 0.284759 -0.041224
v -1.070692 0.411040 -0.041224
v -1.246531 0.347199 0.041224
v -1.246531 0.347199 -0.041224
v -1.131365 0.348537 -0.041224
v -1.131365 0.348537 0.041224
v -1.335550 0.403174 0.041224
v -1.335550 0.403174 -0.041224
v -1.310230 0.347199 0.041224
v -1.310230 0.347199 -0.041224
v -1.194942 0.200595 0.041224
v -1.194942 0.200595 -0.041224
v -1.151394 0.215340 0.041224
v -1.151394 0.215340 -0.041224
v -1.125483 0.111313 0.041224
v -1.125483 0.111313 -0.041224
v -1.105700 0.138597 0.041224
v -1.105700 0.138597 -0.041224
v -1.039064 0.084712 0.041224
v -1.039064 0.084712 -0.041224
v -1.028046 0.102509 0.041224
v -1.028046 0.102509 -0.041224
v -1.356574 0.385398 0.123389
v -1.435562 0.166589 0.123389
v -1.356433 0.150359 0.054793
v -1.356433 0.219410 0.123389
v -1.539707 0.097872 0.123389
v -1.462950 0.080077 0.054793
v -1.598818 -0.047515 0.123389
v -1.525698 -0.074255 0.054793
v -1.732003 -0.499797 0.123389
v -1.655624 -0.515273 0.054793
v -1.702189 -0.590500 0.123389
v -1.627391 -0.601165 0.054793
v -1.675034 -0.710537 0.054793
v -1.748652 -0.697162 0.123389
v -1.961917 0.274544 0.059467
v -1.887254 0.259231 0.123389
v -1.961813 0.361856 0.059467
v -1.887180 0.364759 0.123389
v -1.883561 0.177586 0.059467
v -1.806914 0.159817 0.123389
v -1.889826 0.058907 0.059467
v -1.813709 0.031071 0.123389
v -2.055804 -0.434189 0.059467
v -1.975860 -0.450387 0.123389
v -2.083655 -0.536105 0.059467
v -2.002449 -0.547684 0.123389
v -1.973077 -0.656388 0.123389
v -2.055185 -0.641471 0.059467
v -1.356574 0.385398 -0.123390
v -1.961917 0.274544 -0.000001
v -1.961813 0.361856 -0.000001
v -1.356433 0.150359 -0.000000
v -1.356574 0.385398 -0.000000
v -1.883561 0.177586 -0.000000
v -1.462950 0.080077 -0.000000
v -1.889826 0.058907 -0.000000
v -1.525698 -0.074255 -0.000000
v -2.055804 -0.434189 -0.000001
v -1.655624 -0.515273 -0.000000
v -2.083655 -0.536105 -0.000001
v -1.627391 -0.601165 -0.000000
v -2.055185 -0.641471 -0.000001
v -1.675034 -0.710537 -0.000000
v -1.435562 0.166589 -0.123390
v -1.356433 0.150359 -0.054794
v -1.356433 0.219410 -0.123390
v -1.539707 0.097872 -0.123390
v -1.462950 0.080077 -0.054794
v -1.598818 -0.047515 -0.123390
v -1.525698 -0.074255 -0.054794
v -1.732003 -0.499797 -0.123390
v -1.655624 -0.515273 -0.054794
v -1.702189 -0.590500 -0.123390
v -1.627391 -0.601165 -0.054794
v -1.675034 -0.710537 -0.054794
v -1.748652 -0.697162 -0.123390
v -1.961917 0.274544 -0.059468
v -1.887254 0.259231 -0.123390
v -1.961813 0.361856 -0.059468
v -1.887180 0.364759 -0.123390
v -1.883561 0.177586 -0.059468
v -1.806914 0.159817 -0.123390
v -1.889826 0.058907 -0.059468
v -1.813709 0.031071 -0.123390
v -2.055804 -0.434189 -0.059468
v -1.975860 -0.450387 -0.123390
v -2.083655 -0.536105 -0.059468
v -2.002449 -0.547684 -0.123390
v -1.973077 -0.656388 -0.123390
v -2.055185 -0.641471 -0.059468
v -0.772101 0.357550 0.052708
v -0.772101 0.527221 0.052708
v -0.772101 0.357550 -0.052709
v -0.772101 0.527221 -0.052709
v -0.577353 0.357550 0.052709
v -0.577353 0.527221 0.052709
v -0.577353 0.357550 -0.052709
v -0.577353 0.527221 -0.052709
v -0.641876 0.207862 -0.092622
v -0.641876 0.207862 0.092621
v -0.616195 0.193035 -0.092622
v -0.616195 0.193035 0.092621
v -0.616195 0.163381 -0.092622
v -0.616195 0.163381 0.092621
v -0.641876 0.148554 -0.092622
v -0.641876 0.148554 0.092621
v -0.667558 0.163381 -0.092622
v -0.667558 0.163381 0.092621
v -0.667558 0.193035 -0.092622
v -0.667558 0.193035 0.092621
v -0.649186 -0.099042 0.057119
v -0.653573 0.303935 0.057119
v -0.649186 -0.099042 -0.057120
v -0.653573 0.303935 -0.057120
v -0.623680 -0.099043 0.057119
v -0.582397 0.306021 0.057119
v -0.623680 -0.099043 -0.057120
v -0.582397 0.306021 -0.057120
v -0.669162 0.117255 0.057119
v -0.669162 0.117255 -0.057120
v -0.605869 0.089204 -0.057120
v -0.605869 0.089204 0.057119
v -0.646593 0.071827 -0.057120
v -0.607214 0.042539 -0.057120
v -0.607214 0.042539 0.057119
v -0.646593 0.071827 0.057119
v -0.772465 0.161987 0.085200
v -0.772465 0.336881 0.085200
v -0.598577 0.114007 0.065538
v -0.687615 0.088545 0.065538
v -0.577451 0.161987 0.085200
v -0.577451 0.336881 0.085200
v -0.577451 0.161987 0.065538
v -0.772465 0.365769 0.050609
v -0.772465 0.088545 0.085200
v -0.772465 0.117226 0.065538
v -0.687615 0.088545 0.085200
v -0.772465 0.088545 0.065538
v -0.577451 0.365769 0.050609
v -0.772465 0.161987 0.065538
v -0.772465 0.117226 0.085200
v -0.598577 0.114007 0.085200
v -0.734507 0.314563 0.065538
v -0.755265 0.088545 0.065538
v -0.732933 0.161987 0.085200
v -0.732933 0.336881 0.085200
v -0.755265 0.088545 0.085200
v -0.737216 0.116574 0.085200
v -0.732933 0.365769 0.050609
v -0.772465 0.314563 0.085200
v -0.577451 0.314563 0.085200
v -0.577451 0.314563 0.065538
v -0.772465 0.314563 0.065538
v -0.732933 0.314563 0.085200
v -0.772465 0.161987 -0.085200
v -0.772465 0.336881 -0.085200
v -0.598577 0.114007 -0.065539
v -0.687615 0.088545 -0.065539
v -0.577451 0.161987 -0.085200
v -0.577451 0.336881 -0.085200
v -0.577451 0.161987 -0.065539
v -0.772465 0.365769 -0.050610
v -0.772465 0.088545 -0.085200
v -0.772465 0.117226 -0.065539
v -0.687615 0.088545 -0.085200
v -0.772465 0.088545 -0.065539
v -0.577451 0.365769 -0.050610
v -0.772465 0.161987 -0.065539
v -0.772465 0.117226 -0.085200
v -0.598577 0.114007 -0.085200
v -0.772465 0.161987 -0.000000
v -0.772465 0.365769 -0.000000
v -0.577451 0.365769 -0.000000
v -0.772465 0.088545 -0.000000
v -0.734507 0.314563 -0.000000
v -0.734507 0.314563 -0.065539
v -0.772465 0.117226 -0.000000
v -0.755265 0.088545 -0.065539
v -0.732933 0.161987 -0.085200
v -0.732933 0.336881 -0.085200
v -0.755265 0.088545 -0.085200
v -0.737216 0.116574 -0.085200
v -0.732933 0.365769 -0.050610
v -0.755265 0.088545 -0.000000
v -0.732933 0.365769 -0.000000
v -0.772465 0.314563 -0.085200
v -0.577451 0.314563 -0.085200
v -0.577451 0.314563 -0.065539
v -0.772465 0.314563 -0.065539
v -0.577451 0.314563 -0.000000
v -0.772465 0.314563 -0.000000
v -0.732933 0.314563 -0.085200
v 2.076661 0.847412 0.172139
v 1.226935 0.665528 0.225422
v 1.188007 0.665528 0.177538
v 1.281149 0.594299 0.172139
v 1.188007 0.760504 0.177538
v 1.226935 0.760504 0.225422
v 1.281149 0.847412 0.172139
v 2.130875 0.760504 0.225423
v 2.169804 0.760504 0.177538
v 2.169804 0.665528 0.177538
v 2.130875 0.665528 0.225423
v 2.076661 0.594299 0.172139
v 2.076661 0.847412 0.138329
v 1.188007 0.665528 0.143728
v 1.281149 0.594299 0.138329
v 1.188007 0.760504 0.143728
v 1.281149 0.847412 0.138329
v 2.169804 0.760504 0.143728
v 2.169804 0.665528 0.143728
v 2.076661 0.594299 0.138329
v -2.385302 0.765195 0.062723
v -2.310782 0.783496 0.084967
v -2.315875 0.783137 0.083447
v -2.124039 0.772256 0.084967
v -2.124039 0.796676 0.084967
v -2.385302 0.711212 0.062723
v -2.310782 0.729513 0.084967
v -2.315875 0.729154 0.083447
v -2.124039 0.742692 0.084967
v -2.804868 0.664535 0.059959
v -2.804810 0.584597 0.119243
v -2.954360 0.675441 0.059959
v -2.954755 0.595536 0.119243
v -3.096461 0.759589 0.059959
v -3.092167 0.676908 0.119243
v -4.471253 0.796551 0.059959
v -4.469260 0.714040 0.119243
v -3.192802 0.698931 0.119243
v -3.196409 0.781461 0.059959
v -4.699615 0.710204 0.119243
v -4.701046 0.792724 0.059959
v -2.599144 0.266178 0.057445
v -2.794021 0.307617 0.119243
v -2.793971 0.219948 0.053399
v -2.945522 0.257227 0.119243
v -2.945869 0.169425 0.053399
v -3.061796 0.221318 0.119243
v -3.058143 0.134753 0.053399
v -4.440492 -0.186258 0.119243
v -4.438759 -0.273396 0.053399
v -3.160543 0.103357 0.053399
v -3.163630 0.190097 0.119243
v -4.674607 -0.285203 0.053399
v -4.675850 -0.198040 0.119243
v -2.113417 0.385455 0.136326
v -2.113417 0.355667 0.113112
v -2.305253 0.342128 0.113112
v -2.305253 0.371917 0.136326
v -2.599144 0.353859 0.123289
v -2.315875 0.758340 0.136326
v -2.315875 0.783137 0.117002
v -2.609766 0.707188 0.064005
v -2.609766 0.627237 0.123289
v -2.124039 0.796676 0.117002
v -2.124039 0.771879 0.136326
v 1.235580 0.908295 0.154933
v 1.235580 1.123117 0.104897
v 2.284010 0.908295 0.154933
v 2.284010 1.093173 0.104897
v 1.680853 1.003065 0.154933
v 2.284010 0.987413 0.154933
v 1.235580 1.003065 0.154933
v 1.680853 0.908295 0.154933
v 1.680853 1.123117 0.104897
v 1.235580 0.908295 0.129365
v 2.284010 1.099899 0.087586
v 2.284010 0.993821 0.129365
v 1.680853 1.129844 0.087586
v 1.680853 0.908295 0.129365
v 1.235580 1.129844 0.087586
v 2.284010 0.908295 0.129365
v 2.247801 0.988322 0.154933
v 2.247801 0.908295 0.154933
v 2.247801 1.094912 0.104897
v 2.247801 1.101639 0.087586
v 2.247801 0.908295 0.129365
v 1.261913 1.003065 0.154933
v 1.261913 1.123117 0.104897
v 1.261913 0.908295 0.154933
v 1.261913 0.908295 0.129365
v 1.261913 1.129844 0.087586
v 1.680853 0.974033 0.129365
v 2.247801 0.974033 0.129365
v 1.261913 0.974033 0.129365
v 1.307317 0.908295 0.154933
v 1.307317 0.908295 0.129365
v 1.307317 0.908735 0.129365
v 1.307317 0.908735 0.154933
v 1.335352 0.938168 0.129365
v 1.335352 0.938168 0.154933
v 1.603854 0.938168 0.154933
v 1.603854 0.938168 0.129365
v 1.631889 0.908295 0.154933
v 1.631889 0.908295 0.129365
v 1.631889 0.908735 0.129365
v 1.631889 0.908735 0.154933
v 1.817528 0.908735 0.154933
v 1.817528 0.908295 0.154933
v 1.817528 0.908735 0.129365
v 1.817528 0.908295 0.129365
v 1.845563 0.938168 0.154933
v 1.845563 0.938168 0.129365
v 2.114066 0.938168 0.154933
v 2.114066 0.938168 0.129365
v 2.142100 0.908735 0.154933
v 2.142100 0.908735 0.129365
v 2.142100 0.908295 0.154933
v 2.142100 0.908295 0.129365
v 2.284726 0.880997 0.176434
v 1.176035 0.880997 0.176434
v 0.754554 0.880997 0.176434
v 0.916753 0.880997 0.176434
v 1.058919 0.880997 0.176434
v 2.284726 0.598268 0.176434
v 2.284726 0.503403 0.100363
v 1.176035 0.598268 0.176434
v 1.176035 0.503403 0.100363
v 0.737131 0.417208 0.137436
v 0.746637 0.470752 0.176434
v 0.891638 0.413269 0.137436
v 0.896876 0.467182 0.176434
v 1.067063 0.577852 0.176434
v 1.069601 0.483373 0.100363
v 2.284726 0.866673 0.154929
v 2.284726 0.880997 0.147096
v 1.176035 0.880997 0.062836
v 0.754554 0.880997 0.098133
v 0.916753 0.880997 0.098133
v 1.058919 0.880997 0.098133
v 2.284726 0.866673 0.129167
v 2.261977 0.880997 0.176434
v 2.261977 0.503403 0.100363
v 2.261977 0.598268 0.176434
v 2.261977 0.880997 0.111799
v 1.176035 0.587815 0.062836
v 0.754554 0.587815 0.098133
v 0.916753 0.587815 0.098133
v 1.058919 0.587815 0.098133
v 2.261977 0.587815 0.111799
v 1.631889 0.880997 0.111799
v 1.631889 0.879302 0.176434
v 1.631889 0.880997 0.176434
v 1.631889 0.879302 0.111799
v 1.817528 0.880997 0.111799
v 1.817528 0.879302 0.176434
v 1.817528 0.880997 0.176434
v 1.817528 0.879302 0.111799
v 1.603854 0.849869 0.176434
v 1.603854 0.849869 0.111799
v 1.335352 0.849869 0.176434
v 1.335352 0.849869 0.111799
v 2.114066 0.849869 0.176434
v 2.114066 0.849869 0.111799
v 1.845563 0.849869 0.176434
v 1.845563 0.849869 0.111799
v 1.307317 0.880997 0.111799
v 1.307317 0.879302 0.176434
v 1.307317 0.880997 0.176434
v 1.307317 0.879302 0.111799
v 2.142100 0.879302 0.176434
v 2.142100 0.879302 0.111799
v 2.142100 0.880997 0.111799
v 2.142100 0.880997 0.176434
v 2.076661 0.594299 -0.172139
v 2.076661 0.847412 -0.172139
v 1.226935 0.665528 -0.225422
v 1.188007 0.665528 -0.177538
v 1.281149 0.594299 -0.172139
v 1.188007 0.760504 -0.177538
v 1.226935 0.760504 -0.225422
v 1.281149 0.847412 -0.172139
v 2.130875 0.760504 -0.225422
v 2.169804 0.760504 -0.177538
v 2.169804 0.665528 -0.177538
v 2.130875 0.665528 -0.225422
v 1.281149 0.847412 -0.138329
v 2.076661 0.594299 -0.138329
v 2.076661 0.847412 -0.138329
v 1.188007 0.665528 -0.143728
v 1.281149 0.594299 -0.138329
v 1.188007 0.760504 -0.143728
v 2.169804 0.760504 -0.143728
v 2.169804 0.665528 -0.143728
v -2.305253 0.342128 -0.000000
v -2.113417 0.355667 -0.000000
v -2.599144 0.266178 -0.000001
v -2.609766 0.707188 -0.000001
v -2.793971 0.219948 -0.000001
v -2.804868 0.664535 -0.000001
v -2.945869 0.169425 -0.000001
v -2.954360 0.675441 -0.000001
v -3.058143 0.134753 -0.000001
v -3.096461 0.759589 -0.000001
v -4.438759 -0.273396 -0.000001
v -4.471253 0.796551 -0.000001
v -3.196409 0.781461 -0.000001
v -3.160543 0.103357 -0.000001
v -4.674607 -0.285203 -0.000001
v -4.701046 0.792724 -0.000001
v -2.425972 0.754900 -0.000000
v -2.385302 0.765195 -0.062724
v -2.310782 0.783496 -0.084968
v -2.315875 0.783137 -0.083448
v -2.124039 0.772256 -0.084968
v -2.124039 0.772256 -0.000000
v -2.124039 0.796676 -0.084968
v -2.425972 0.700917 -0.000000
v -2.385302 0.711212 -0.062724
v -2.310782 0.729513 -0.084968
v -2.315875 0.729154 -0.083448
v -2.124039 0.742692 -0.084968
v -2.609766 0.627237 -0.123290
v -2.804868 0.664535 -0.059960
v -2.804810 0.584597 -0.119244
v -2.954360 0.675441 -0.059960
v -2.954755 0.595536 -0.119245
v -3.096461 0.759589 -0.059960
v -3.092167 0.676908 -0.119245
v -4.471253 0.796551 -0.059960
v -4.469260 0.714040 -0.119245
v -3.192802 0.698931 -0.119245
v -3.196409 0.781461 -0.059960
v -4.699615 0.710204 -0.119245
v -4.701046 0.792724 -0.059960
v -2.599144 0.353859 -0.123290
v -2.794021 0.307617 -0.119244
v -2.793971 0.219948 -0.053401
v -2.945522 0.257227 -0.119245
v -2.945869 0.169425 -0.053401
v -3.061796 0.221318 -0.119245
v -3.058143 0.134753 -0.053401
v -4.440492 -0.186258 -0.119245
v -4.438759 -0.273396 -0.053401
v -3.160543 0.103357 -0.053401
v -3.163630 0.190097 -0.119245
v -4.674607 -0.285203 -0.053401
v -4.675850 -0.198040 -0.119245
v -2.113417 0.385455 -0.136326
v -2.113417 0.355667 -0.113113
v -2.305253 0.342128 -0.113113
v -2.305253 0.371917 -0.136327
v -2.599144 0.266178 -0.057446
v -2.315875 0.758340 -0.136327
v -2.315875 0.783137 -0.117003
v -2.609766 0.707188 -0.064006
v -2.124039 0.796676 -0.117003
v -2.124039 0.771879 -0.136326
v -4.675001 -0.269067 -0.000001
v -4.700651 0.776635 -0.000001
v -4.676208 -0.184510 -0.106816
v 1.235580 0.908295 -0.154933
v 1.235580 1.123117 -0.104897
v 2.284010 0.908295 -0.154932
v 2.284010 1.093173 -0.104897
v 2.284010 1.026244 0.000000
v 1.680853 1.003065 -0.154933
v 2.284010 0.987413 -0.154932
v 1.235580 1.003065 -0.154933
v 1.680853 0.908295 -0.154933
v 1.680853 1.123117 -0.104897
v 1.235580 0.908295 0.000000
v 1.235580 1.163880 0.000000
v 2.284010 0.908295 0.000000
v 2.284010 1.133935 0.000000
v 1.680853 1.163879 0.000000
v 1.235580 0.908295 -0.129365
v 2.284010 1.099899 -0.087586
v 2.284010 0.993821 -0.129364
v 1.680853 1.129844 -0.087586
v 1.680853 0.908295 -0.129365
v 1.235580 1.129844 -0.087586
v 2.284010 0.908295 -0.129364
v 2.247801 0.988322 -0.154932
v 2.247801 0.908295 -0.154932
v 2.247801 1.094912 -0.104897
v 2.247801 1.135675 0.000000
v 2.247801 0.908295 0.000000
v 2.247801 1.101639 -0.087586
v 2.247801 0.908295 -0.129364
v 1.261913 1.003065 -0.154933
v 1.261913 1.123117 -0.104897
v 1.261913 0.908295 -0.154933
v 1.261913 0.908295 0.000000
v 1.261913 1.163880 0.000000
v 1.261913 0.908295 -0.129365
v 1.261913 1.129844 -0.087586
v 1.680853 0.974033 0.000000
v 1.680853 0.974033 -0.129365
v 2.247801 0.974033 0.000000
v 2.247801 0.974033 -0.129364
v 1.261913 0.974033 0.000000
v 1.261913 0.974033 -0.129365
v 1.307317 0.908295 -0.154933
v 1.307317 0.908295 -0.129365
v 1.307317 0.908735 -0.129365
v 1.307317 0.908735 -0.154933
v 1.335352 0.938168 -0.129365
v 1.335352 0.938168 -0.154933
v 1.603854 0.938168 -0.154933
v 1.603854 0.938168 -0.129365
v 1.631889 0.908295 -0.154933
v 1.631889 0.908295 -0.129365
v 1.631889 0.908735 -0.129365
v 1.631889 0.908735 -0.154933
v 1.817528 0.908735 -0.154932
v 1.817528 0.908295 -0.154932
v 1.817528 0.908735 -0.129365
v 1.817528 0.908295 -0.129365
v 1.845563 0.938168 -0.154932
v 1.845563 0.938168 -0.129365
v 2.114066 0.938168 -0.154932
v 2.114066 0.938168 -0.129364
v 2.142100 0.908735 -0.154932
v 2.142100 0.908735 -0.129364
v 2.142100 0.908295 -0.154932
v 2.142100 0.908295 -0.129364
v 1.235580 0.908878 -0.141473
v 1.235580 0.908878 -0.118147
v 0.670258 0.880997 -0.176434
v 2.284726 0.880997 -0.176434
v 1.176035 0.880997 -0.176434
v 0.754554 0.880997 -0.176434
v 0.916753 0.880997 -0.176434
v 1.058919 0.880997 -0.176434
v 0.670257 0.503403 0.000000
v 0.670257 0.880997 0.000000
v 2.284726 0.503403 0.000000
v 2.284726 0.880997 0.000000
v 1.176035 0.503403 0.000000
v 0.737131 0.417208 0.000000
v 0.754554 0.880997 0.000000
v 0.891638 0.413269 0.000000
v 1.069601 0.483373 0.000000
v 0.670258 0.503403 -0.148154
v 0.670258 0.529173 -0.176434
v 2.284726 0.598268 -0.176434
v 2.284726 0.503403 -0.100362
v 1.176035 0.598268 -0.176434
v 1.176035 0.503403 -0.100362
v 0.737131 0.417208 -0.137436
v 0.746637 0.470752 -0.176434
v 0.891638 0.413269 -0.137436
v 0.896876 0.467182 -0.176434
v 1.067063 0.577852 -0.176434
v 1.069601 0.483373 -0.100362
v 2.284726 0.880997 -0.147096
v 1.176035 0.880997 -0.062836
v 0.754554 0.880997 -0.098133
v 0.916753 0.880997 -0.098133
v 1.058919 0.880997 -0.098133
v 0.670258 0.880997 -0.147096
v 2.284726 0.866673 -0.129166
v 2.261977 0.880997 -0.176434
v 2.261977 0.880997 0.000000
v 2.261977 0.503403 0.000000
v 2.261977 0.503403 -0.100362
v 2.261977 0.598268 -0.176434
v 2.261977 0.880997 -0.111798
v 1.058919 0.587815 0.000000
v 1.176035 0.587815 0.000000
v 0.916753 0.587815 0.000000
v 0.754554 0.587815 0.000000
v 1.176035 0.587815 -0.062836
v 0.754554 0.587815 -0.098133
v 0.916753 0.587815 -0.098133
v 1.058919 0.587815 -0.098133
v 2.261977 0.587815 0.000000
v 2.261977 0.587815 -0.111798
v 1.631889 0.880997 -0.111798
v 1.631889 0.879302 -0.176434
v 1.631889 0.880997 -0.176434
v 1.631889 0.879302 -0.111798
v 1.817528 0.880997 -0.111798
v 1.817528 0.879302 -0.176434
v 1.817528 0.880997 -0.176434
v 1.817528 0.879302 -0.111798
v 1.603854 0.849869 -0.176434
v 1.603854 0.849869 -0.111798
v 1.335352 0.849869 -0.176434
v 1.335352 0.849869 -0.111798
v 2.114066 0.849869 -0.176434
v 2.114066 0.849869 -0.111798
v 1.845563 0.849869 -0.176434
v 1.845563 0.849869 -0.111798
v 1.307317 0.880997 -0.111798
v 1.307317 0.879302 -0.176434
v 1.307317 0.880997 -0.176434
v 1.307317 0.879302 -0.111798
v 2.142100 0.879302 -0.176434
v 2.142100 0.879302 -0.111798
v 2.142100 0.880997 -0.111798
v 2.142100 0.880997 -0.176434
v 0.670257 0.880997 0.147096
v 0.691301 0.880997 0.176434
v 0.691301 0.508357 0.176434
v 0.670257 0.503403 0.148154
v 4.187487 0.825133 -0.053282
v 4.187487 0.825133 0.053284
v 4.203866 0.815676 -0.053282
v 4.203866 0.815676 0.053284
v 4.203866 0.796763 -0.053282
v 4.203866 0.796763 0.053284
v 4.187487 0.787307 -0.053282
v 4.187487 0.787307 0.053284
v 4.171108 0.796763 -0.053282
v 4.171108 0.796763 0.053284
v 4.171108 0.815676 -0.053282
v 4.171108 0.815676 0.053284
v 4.306552 0.825133 -0.053282
v 4.306552 0.825133 0.053284
v 4.322931 0.815676 -0.053282
v 4.322931 0.815676 0.053284
v 4.322931 0.796763 -0.053282
v 4.322931 0.796763 0.053284
v 4.306552 0.787307 -0.053282
v 4.306552 0.787307 0.053284
v 4.290173 0.796763 -0.053282
v 4.290173 0.796763 0.053284
v 4.290173 0.815676 -0.053282
v 4.290173 0.815676 0.053284
v 4.275621 1.142285 -0.056972
v 4.275621 1.142285 0.056973
v 4.328057 1.112011 -0.056972
v 4.328057 1.112011 0.056973
v 4.328057 1.051463 -0.056972
v 4.328057 1.051463 0.056973
v 4.275621 1.021189 -0.056972
v 4.275621 1.021189 0.056973
v 4.223185 1.051463 -0.056972
v 4.223185 1.051463 0.056973
v 4.223185 1.112011 -0.056972
v 4.223185 1.112011 0.056973
v 4.292430 1.173958 -0.006914
v 4.292430 1.221607 -0.006914
v 4.298418 1.173958 -0.003457
v 4.298418 1.221607 -0.003457
v 4.298418 1.173958 0.003458
v 4.298418 1.221607 0.003458
v 4.292430 1.173958 0.006915
v 4.292430 1.221607 0.006915
v 4.286442 1.173958 0.003458
v 4.286442 1.221607 0.003458
v 4.286442 1.173958 -0.003457
v 4.286442 1.221607 -0.003457
v 4.292430 1.173958 -0.017652
v 4.307718 1.173958 -0.008826
v 4.307718 1.173958 0.008827
v 4.292430 1.173958 0.017653
v 4.277143 1.173958 0.008827
v 4.277143 1.173958 -0.008826
v 4.292430 1.096320 -0.017652
v 4.307718 1.096320 -0.008826
v 4.307718 1.096320 0.008827
v 4.292430 1.096320 0.017653
v 4.277143 1.096320 0.008827
v 4.277143 1.096320 -0.008826
v 4.374918 0.763115 -0.070605
v 4.141399 0.763115 -0.070605
v 4.374918 0.803879 0.000001
v 4.141399 0.803879 0.000001
v 4.374918 0.763115 0.070606
v 4.141399 0.763115 0.070606
v 4.374918 0.681586 0.070606
v 4.141399 0.681587 0.070606
v 4.374918 0.640822 0.000001
v 4.141399 0.640822 0.000001
v 4.374918 0.681586 -0.070605
v 4.141399 0.681587 -0.070605
v 4.374918 0.752202 -0.051704
v 4.374918 0.782054 0.000001
v 4.374918 0.752202 0.051705
v 4.374918 0.692499 0.051705
v 4.374918 0.662648 0.000001
v 4.374918 0.692499 -0.051704
v 4.141399 0.755179 -0.056860
v 4.141399 0.788008 0.000001
v 4.141399 0.755179 0.056861
v 4.141399 0.689522 0.056861
v 4.141399 0.656693 0.000001
v 4.141399 0.689522 -0.056860
v 4.208240 0.584965 0.037292
v 4.161269 0.683033 0.037292
v 4.208240 0.584965 -0.037291
v 4.161269 0.683033 -0.037291
v 4.355085 0.584965 0.037292
v 4.355085 0.683033 0.037292
v 4.355085 0.584965 -0.037291
v 4.355085 0.683033 -0.037291
v 4.161269 0.644896 0.037292
v 4.161269 0.644896 -0.037291
v 4.355085 0.644896 -0.037291
v 4.355085 0.644896 0.037292
v 4.141363 0.736787 0.047495
v 4.221922 1.154663 0.047495
v 4.141363 0.855131 0.033526
v 4.355840 0.736787 0.033526
v 4.355840 0.736787 0.047495
v 4.355840 1.154663 0.047495
v 4.221922 1.163136 0.030124
v 4.355840 0.855131 0.033526
v 4.141363 0.855131 0.047495
v 4.355840 1.163136 0.030124
v 4.141363 0.736787 0.033526
v 4.355840 0.855131 0.047495
v 4.355840 1.182421 0.061065
v 4.355840 1.187590 0.049847
v 4.244791 1.220753 0.063102
v 4.355840 1.220753 0.063103
v 4.244791 1.217907 0.051068
v 4.355840 1.217907 0.051068
v 4.258315 1.251969 0.042914
v 4.355840 1.251969 0.042914
v 4.254720 1.245542 0.037235
v 4.355840 1.245542 0.037235
v 4.326128 0.961457 0.047495
v 4.294332 0.855131 0.047495
v 4.219690 0.855131 0.047495
v 4.219745 0.855075 0.047495
v 4.187894 0.886927 0.047495
v 4.231492 1.182421 0.061065
v 4.231492 1.187590 0.049847
v 4.219745 0.993309 0.047495
v 4.187894 0.961457 0.047495
v 4.294276 0.993309 0.047495
v 4.326128 0.886927 0.047495
v 4.294276 0.855075 0.047495
v 4.141363 0.736787 -0.047494
v 4.221922 1.154663 -0.047494
v 4.141363 0.855131 -0.033525
v 4.355840 0.736787 -0.033525
v 4.355840 0.736787 -0.047494
v 4.355840 1.154663 -0.047494
v 4.221922 1.163136 -0.030123
v 4.355840 0.855131 -0.033525
v 4.141363 0.855131 -0.047494
v 4.355840 1.163136 -0.030123
v 4.141363 0.736787 -0.033525
v 4.355840 0.855131 -0.047494
v 4.141363 0.736787 0.000001
v 4.221922 1.159873 0.000001
v 4.355840 0.736787 0.000001
v 4.355840 1.159873 0.000001
v 4.355840 0.855131 0.000001
v 4.141363 0.855131 0.000001
v 4.231492 1.182421 -0.061064
v 4.355840 1.182421 -0.061064
v 4.355840 1.187590 -0.049845
v 4.244791 1.220753 -0.063101
v 4.355840 1.220753 -0.063101
v 4.244791 1.217907 -0.051067
v 4.355840 1.217907 -0.051067
v 4.258315 1.251969 -0.042913
v 4.355840 1.251969 -0.042913
v 4.254720 1.245542 -0.037234
v 4.355840 1.245542 -0.037234
v 4.187894 0.961457 -0.047494
v 4.326128 0.886927 -0.047494
v 4.294332 0.855131 -0.047494
v 4.219690 0.855131 -0.047494
v 4.219746 0.855075 -0.047494
v 4.231492 1.187590 -0.049845
v 4.219746 0.993309 -0.047494
v 4.294276 0.993309 -0.047494
v 4.326128 0.961457 -0.047494
v 4.294276 0.855075 -0.047494
v 4.187894 0.886927 -0.047494
v 4.294276 0.855075 0.000001
v 4.219745 0.855075 0.000001
v 4.219745 0.993309 0.000001
v 4.187894 0.961457 0.000001
v 4.294276 0.993309 0.000001
v 4.326128 0.961457 0.000001
v 4.326128 0.886927 0.000001
v 4.294332 0.855131 0.000001
v 4.219690 0.855131 0.000001
v 4.187894 0.886927 0.000001
v 2.898139 1.036721 -0.079642
v 2.473856 1.036721 -0.079642
v 2.898139 1.082702 0.000000
v 2.473856 1.082702 0.000000
v 2.898139 1.036721 0.079643
v 2.473856 1.036721 0.079643
v 2.898139 0.944757 0.079643
v 2.473856 0.944757 0.079643
v 2.898139 0.898776 0.000000
v 2.898139 0.944757 -0.079642
v 2.305606 0.940683 0.086699
v 2.305606 0.890628 0.000000
v 1.079788 1.040795 -0.086699
v 1.079788 1.090851 0.000000
v 1.079788 1.040795 0.086699
v 1.079788 0.940684 0.086699
v 1.079788 0.890628 0.000000
v 1.079788 0.940684 -0.086699
v 2.898139 1.033222 -0.073582
v 2.898139 1.075705 0.000000
v 2.898139 1.033222 0.073583
v 2.898139 0.948256 0.073583
v 2.898139 0.905773 0.000000
v 2.898139 0.948256 -0.073582
v 2.902275 1.033222 -0.073582
v 2.902275 1.075705 0.000000
v 2.902275 0.948256 0.073583
v 2.902275 0.905773 0.000000
v 2.902275 0.948256 -0.073582
v 4.384388 0.758468 -0.062557
v 1.177778 0.758468 -0.062558
v 4.384388 0.794586 0.000001
v 1.177778 0.794586 0.000000
v 4.384388 0.758468 0.062558
v 1.177778 0.758468 0.062558
v 4.384388 0.686233 0.062558
v 1.177778 0.686233 0.062558
v 4.384388 0.650115 0.000001
v 1.177778 0.650115 0.000000
v 4.384388 0.686233 -0.062557
v 1.177778 0.686233 -0.062558
v 0.932615 0.782380 -0.103974
v 0.932614 0.842410 -0.000000
v 0.932614 0.782380 0.103974
v 0.932614 0.662321 0.103974
v 0.932614 0.602291 -0.000000
v 0.932615 0.662321 -0.103974
v 0.446155 0.782380 -0.103974
v 0.446155 0.842410 -0.000000
v 0.446155 0.782380 0.103974
v 0.446155 0.662321 0.103974
v 0.446155 0.602291 -0.000000
v 0.446155 0.662321 -0.103974
v 4.384388 0.754141 0.055063
v 4.384388 0.658769 0.000001
v 4.384388 0.690560 -0.055062
v 4.384388 0.754141 -0.055062
v 4.384388 0.785931 0.000001
v 4.384388 0.690560 0.055063
v 4.400487 0.754141 -0.055062
v 4.400487 0.785931 0.000001
v 4.400487 0.754141 0.055063
v 4.400487 0.690560 0.055063
v 4.400487 0.658769 0.000001
v 4.400487 0.690560 -0.055062
v 4.400487 0.758271 -0.062216
v 4.400487 0.794192 0.000001
v 4.400487 0.758271 0.062217
v 4.400487 0.686430 0.062217
v 4.400487 0.650509 0.000001
v 4.400487 0.686430 -0.062216
v 4.564063 0.758271 -0.062216
v 4.511570 0.794191 0.000001
v 4.564063 0.758271 0.062217
v 4.669340 0.686430 0.062217
v 4.669340 0.650509 0.000001
v 4.669340 0.686430 -0.062216
v 4.571985 0.752870 -0.050604
v 4.529288 0.782087 0.000001
v 4.571985 0.752870 0.050605
v 4.669158 0.693438 0.050605
v 4.669157 0.665220 0.000001
v 4.669158 0.693438 -0.050604
v 4.407612 0.752870 -0.050604
v 4.407644 0.782087 0.000001
v 4.407612 0.752870 0.050605
v 4.407109 0.693438 0.050605
v 4.407109 0.665220 0.000001
v 4.407109 0.693438 -0.050604
v 4.407516 0.741264 -0.030727
v 4.407535 0.759004 0.000001
v 4.407516 0.741264 0.030729
v 4.407210 0.705176 0.030729
v 4.407209 0.688041 0.000001
v 4.407210 0.705175 -0.030727
v 1.176646 0.741264 -0.030728
v 1.176665 0.759005 0.000000
v 1.176646 0.741264 0.030728
v 1.176340 0.705176 0.030728
v 1.176340 0.688041 0.000000
v 1.176340 0.705176 -0.030728
v 0.932089 0.766448 -0.073856
v 0.932126 0.809089 -0.000000
v 0.932089 0.766448 0.073857
v 0.931483 0.679708 0.073857
v 0.931483 0.638524 0.000000
v 0.931483 0.679708 -0.073856
v 0.446014 0.766448 -0.073857
v 0.446051 0.809089 -0.000000
v 0.446014 0.766448 0.073856
v 0.445408 0.679708 0.073856
v 0.445408 0.638524 -0.000000
v 0.445408 0.679708 -0.073857
v 0.147294 0.423034 0.092628
v 0.134079 0.572154 0.092628
v 0.147294 0.423034 -0.092628
v 0.134079 0.572154 -0.092628
v 0.147294 0.423034 0.071495
v 0.147294 0.423034 -0.071495
v 0.134079 0.572154 -0.071495
v 0.134079 0.572154 0.071495
v 0.115734 0.422963 -0.092628
v 0.105707 0.572224 -0.092628
v 0.115734 0.422963 0.092628
v 0.105707 0.572224 0.092628
v 0.105707 0.572224 -0.071495
v 0.105707 0.572224 0.071495
v 0.115734 0.422963 -0.071495
v 0.115734 0.422963 0.071495
v 0.016483 0.455219 0.092628
v 0.048960 0.422814 0.092628
v 0.048960 0.422814 -0.092628
v 0.016483 0.455219 -0.092628
v 0.016483 0.455219 -0.071495
v 0.048960 0.422814 -0.071495
v 0.048960 0.422814 0.071495
v 0.016483 0.455219 0.071495
v 0.049837 0.572363 0.092628
v 0.016483 0.539092 0.092628
v 0.016483 0.539092 -0.092628
v 0.049837 0.572363 -0.092628
v 0.016483 0.539092 0.071495
v 0.049837 0.572363 0.071495
v 0.049837 0.572363 -0.071495
v 0.016483 0.539092 -0.071495
v 0.138484 0.522447 -0.092628
v 0.142889 0.472740 -0.092628
v 0.138484 0.522447 0.092628
v 0.142889 0.472740 0.092628
v 0.138484 0.522447 -0.071495
v 0.142889 0.472740 -0.071495
v 0.138484 0.522447 0.071495
v 0.142889 0.472740 0.071495
v 0.109049 0.522470 0.092628
v 0.112392 0.472717 0.092628
v 0.109049 0.522470 -0.092628
v 0.112392 0.472717 -0.092628
v 0.186816 0.480119 -0.071495
v 0.184181 0.509811 0.071495
v 0.186816 0.480119 0.071495
v 0.184181 0.509811 -0.071495
v -0.469220 0.636417 0.118817
v -0.469220 0.636417 0.099698
v -0.054693 0.636417 0.118817
v -0.054693 0.636417 0.099698
v -0.090080 0.384167 0.125793
v -0.054693 0.418350 0.125793
v -0.054693 0.418350 0.099698
v -0.090080 0.384167 0.099698
v -0.469220 0.439951 0.125793
v -0.413437 0.384167 0.125793
v -0.413437 0.384167 0.099698
v -0.469220 0.439951 0.099698
v -0.469220 0.671189 0.095812
v -0.469220 0.653699 0.088090
v -0.201175 0.671189 0.095812
v -0.201175 0.653699 0.088090
v -0.469220 0.681600 0.059949
v -0.469220 0.662536 0.061395
v -0.339793 0.681600 0.059949
v -0.339793 0.662536 0.061395
v -0.469220 0.636417 -0.118817
v -0.469220 0.636417 -0.099698
v -0.054693 0.636417 -0.118817
v -0.054693 0.636417 -0.099698
v -0.090080 0.384167 -0.125793
v -0.054693 0.418350 -0.125793
v -0.054693 0.418350 -0.099698
v -0.090080 0.384167 -0.099698
v -0.469220 0.439951 -0.125793
v -0.413437 0.384167 -0.125793
v -0.413437 0.384167 -0.099698
v -0.469220 0.439951 -0.099698
v -0.469220 0.671189 -0.095812
v -0.469220 0.653699 -0.088090
v -0.201175 0.671189 -0.095812
v -0.201175 0.653699 -0.088090
v -0.469220 0.681600 -0.059950
v -0.469220 0.662536 -0.061395
v -0.339793 0.681600 -0.059950
v -0.339793 0.662536 -0.061395
v -0.243784 0.496500 0.125330
v -0.243784 0.599524 0.125330
v -0.101683 0.496500 0.125330
v -0.101683 0.599524 0.125330
v -0.277954 0.565183 0.125330
v -0.277954 0.530841 0.125330
v -0.067513 0.565183 0.125330
v -0.067513 0.530841 0.125330
v -1.383675 0.375876 0.124863
v 0.676307 0.478695 0.142798
v -2.120753 0.351071 0.142797
v -2.131713 0.807831 0.124862
v -2.120753 0.351071 0.124862
v 0.676307 0.807831 0.142798
v -2.131713 0.807831 0.142797
v -1.383675 0.807831 0.124863
v 0.676307 0.807831 0.124863
v -1.383675 0.375876 0.142797
v 0.676307 0.478695 0.124863
v -1.383675 0.807831 0.142797
v -2.097124 0.351867 0.142797
v -2.082642 0.807831 0.142797
v -2.097124 0.351867 0.124862
v -2.082642 0.807831 0.124862
v -1.383285 0.410759 0.124863
v 0.674894 0.496931 0.124863
v -2.106709 0.380471 0.124862
v -0.568803 0.415896 0.124685
v -0.568803 0.444313 0.124685
v 0.164182 0.454034 0.124685
v 0.164182 0.476304 0.124685
v -0.258816 0.610423 0.142798
v -0.086651 0.610423 0.142798
v -0.258816 0.485601 0.142798
v -0.300216 0.527208 0.142798
v -0.300216 0.568816 0.142798
v -0.086651 0.485601 0.142798
v -0.045251 0.568816 0.142798
v -0.045251 0.527208 0.142798
v -0.755767 0.420178 -0.053088
v -0.785284 0.424612 -0.053088
v -1.372458 0.170353 0.053087
v -1.340216 0.387656 0.053087
v -0.243784 0.496500 -0.125330
v -0.243784 0.599524 -0.125330
v -0.101683 0.496500 -0.125330
v -0.101683 0.599524 -0.125330
v -0.277954 0.565183 -0.125330
v -0.277954 0.530841 -0.125330
v -0.067513 0.565183 -0.125330
v -0.067513 0.530841 -0.125330
v -1.383675 0.375876 -0.124863
v 0.676307 0.478695 -0.142798
v -2.120753 0.351071 -0.142798
v -2.131713 0.807831 -0.124863
v -2.120753 0.351071 -0.124863
v 0.676307 0.807831 -0.142798
v -2.131713 0.807831 -0.142798
v -1.383675 0.807831 -0.124863
v 0.676307 0.807831 -0.124863
v -1.383675 0.375876 -0.142798
v 0.676307 0.478695 -0.124863
v -1.383675 0.807831 -0.142798
v 0.676307 0.478695 -0.000000
v -2.120753 0.351071 -0.000000
v 0.676307 0.807831 -0.000000
v -2.131713 0.807831 -0.000000
v -1.383675 0.375876 -0.000000
v -2.097124 0.351867 -0.142798
v -2.082642 0.807831 -0.142798
v -2.097124 0.351867 -0.124863
v -2.082642 0.807831 -0.124863
v -2.082642 0.807831 -0.000000
v -2.097124 0.351867 -0.000000
v -1.383285 0.410759 -0.124863
v 0.674894 0.496931 -0.124863
v 0.674894 0.496931 -0.000000
v -1.383285 0.410759 -0.000000
v -2.106709 0.380471 -0.124863
v -2.106709 0.380471 -0.000000
v -0.568803 0.415896 -0.124686
v -0.568803 0.444313 -0.124686
v -0.568803 0.415896 -0.000000
v -0.568803 0.444313 -0.000000
v 0.164182 0.454034 -0.124686
v 0.164182 0.476304 -0.124686
v 0.164181 0.454034 -0.000000
v 0.164182 0.476304 -0.000000
v -0.258816 0.610423 -0.142798
v -0.086651 0.610423 -0.142798
v -0.258816 0.485601 -0.142798
v -0.300216 0.527208 -0.142798
v -0.300216 0.568816 -0.142798
v -0.086651 0.485601 -0.142798
v -0.045251 0.568816 -0.142798
v -0.045251 0.527208 -0.142798
v -1.221238 -0.001406 -0.053088
v -1.213124 0.027363 -0.053088
v -1.221238 -0.001406 0.053087
v -1.213124 0.027363 0.053087
v -0.866165 0.005467 -0.053088
v -0.866165 0.034235 -0.053088
v -0.866165 0.005467 0.053087
v -0.866165 0.034235 0.053087
v -0.792853 0.032054 -0.053088
v -0.809654 0.054013 -0.053088
v -0.792853 0.032054 0.053087
v -0.809654 0.054013 0.053087
v -0.755767 0.104905 -0.053088
v -0.785284 0.113975 -0.053088
v -0.755767 0.104905 0.053087
v -0.785284 0.113975 0.053087
v -0.755767 0.420178 0.053087
v -0.785284 0.424612 0.053087
v -1.296663 0.023358 -0.053088
v -1.274094 0.047319 -0.053088
v -1.296663 0.023358 0.053087
v -1.274094 0.047319 0.053087
v -1.353500 0.093151 -0.053088
v -1.323903 0.104144 -0.053088
v -1.353500 0.093151 0.053087
v -1.323903 0.104144 0.053087
v -1.372458 0.170353 -0.053088
v -1.340216 0.170766 -0.053088
v -1.340216 0.170766 0.053087
v -1.372458 0.387243 -0.053088
v -1.340216 0.387656 -0.053088
v -1.372458 0.387243 0.053087
v 0.557652 0.905119 0.105867
v 0.557652 0.905119 0.134106
v 0.594304 0.883957 0.105867
v 0.594304 0.883957 0.134106
v 0.594304 0.841635 0.105867
v 0.594304 0.841635 0.134106
v 0.557652 0.820474 0.105867
v 0.557652 0.820474 0.134106
v 0.521000 0.841635 0.105867
v 0.521000 0.841635 0.134106
v 0.521000 0.883957 0.105867
v 0.521000 0.883957 0.134106
v 0.557652 0.905119 -0.105867
v 0.557652 0.905119 -0.134106
v 0.594304 0.883957 -0.105867
v 0.594304 0.883957 -0.134106
v 0.594304 0.841635 -0.105867
v 0.594304 0.841635 -0.134106
v 0.557652 0.820474 -0.105867
v 0.557652 0.820474 -0.134106
v 0.520999 0.841635 -0.105867
v 0.520999 0.841635 -0.134106
v 0.520999 0.883957 -0.105867
v 0.520999 0.883957 -0.134106
v -1.521644 0.561365 -0.167917
v -1.521644 0.638771 -0.167917
v -1.159427 0.561365 -0.167917
v -1.159427 0.638771 -0.167917
v -1.547210 0.587167 -0.167917
v -1.547210 0.612969 -0.167917
v -1.133861 0.612969 -0.167917
v -1.133861 0.587167 -0.167917
v -0.905339 0.561365 -0.167917
v -0.905339 0.638771 -0.167917
v -0.748557 0.561365 -0.167916
v -0.748557 0.638771 -0.167916
v -0.930905 0.587167 -0.167916
v -0.930905 0.612969 -0.167916
v -0.722991 0.612969 -0.167916
v -0.722991 0.587167 -0.167916
v -0.693883 0.570916 -0.166514
v -0.693883 0.532559 -0.166514
v -0.788548 0.532559 -0.166514
v -0.852447 0.495208 -0.166514
v -0.553165 0.570916 -0.166514
v -0.553165 0.536447 -0.166514
v -0.674962 0.613144 -0.166514
v -0.572086 0.613144 -0.166514
v -0.637834 0.632204 -0.166514
v -0.609214 0.632204 -0.166514
v -1.487999 0.497187 -0.139187
v -1.487999 0.677995 -0.139187
v -1.487999 0.497187 -0.194477
v -1.487999 0.677995 -0.194477
v -0.596768 0.497187 -0.139187
v -0.454771 0.677995 -0.139187
v -0.454771 0.677995 -0.194477
v -1.708833 0.497187 -0.139187
v -1.708833 0.592116 -0.139187
v -1.754226 0.505822 -0.139187
v -1.754226 0.565321 -0.139187
v -1.487999 0.572827 -0.139187
v -0.454771 0.572826 -0.194477
v -0.454771 0.572826 -0.139187
v -1.708833 0.532340 -0.139187
v -1.754226 0.533871 -0.139187
v -0.741278 0.677995 -0.194477
v -0.846644 0.497187 -0.139187
v -0.741278 0.677995 -0.139187
v -0.741278 0.572826 -0.139187
v -1.239295 0.497187 -0.194477
v -1.199669 0.677995 -0.139187
v -1.199669 0.572827 -0.139187
v -1.199669 0.677995 -0.194477
v -1.239295 0.497187 -0.139187
v -0.900732 0.677995 -0.194477
v -1.182669 0.468788 -0.139187
v -0.903270 0.468788 -0.139187
v -0.903270 0.468788 -0.194477
v -1.182669 0.468788 -0.194477
v -0.900732 0.677995 -0.139187
v -1.040215 0.677995 -0.139187
v -0.900732 0.572826 -0.139187
v -1.040215 0.572826 -0.139187
v -0.527255 0.534216 -0.166514
v -0.458358 0.570916 -0.166514
v -0.553165 0.520414 -0.166514
v -0.609214 0.632204 -0.194477
v -0.693883 0.497187 -0.166514
v -0.596768 0.497187 -0.166514
v -0.674962 0.613144 -0.194477
v -0.572086 0.613144 -0.194477
v -0.637834 0.632204 -0.194477
v -0.775079 0.532559 -0.194477
v -0.788548 0.532559 -0.194477
v -0.850591 0.495208 -0.166514
v -0.852447 0.494277 -0.166514
v -0.846644 0.497187 -0.166514
v -0.852447 0.495208 -0.194477
v -0.852447 0.494277 -0.194477
v -0.964173 0.572826 -0.194477
v -0.964173 0.677995 -0.194477
v -0.964173 0.468788 -0.194477
v -0.992473 0.677995 -0.166178
v -0.992473 0.468788 -0.166178
v -1.040215 0.677995 -0.166178
v -1.081925 0.468788 -0.166178
v -1.081925 0.677995 -0.166178
v -1.110225 0.468788 -0.194477
v -1.110225 0.521696 -0.194477
v -1.110225 0.572826 -0.194477
v -1.110225 0.677995 -0.194477
v -1.625485 0.497187 -0.179235
v -1.650386 0.614845 -0.179235
v -1.708833 0.592116 -0.179235
v -1.708833 0.497187 -0.179235
v -1.754226 0.505822 -0.179235
v -1.754226 0.565321 -0.179235
v -1.754226 0.533871 -0.179235
v -0.693883 0.532559 -0.194477
v -0.693883 0.570916 -0.194477
v -0.693028 0.572826 -0.194477
v -0.554021 0.572826 -0.194477
v -0.553165 0.570916 -0.194477
v -0.458358 0.570916 -0.194477
v -1.650386 0.614845 -0.194477
v -1.625485 0.497187 -0.194477
v -1.635760 0.545737 -0.194477
v -1.487999 0.638771 -0.194477
v -1.521644 0.638771 -0.194477
v -1.199669 0.638771 -0.194477
v -1.159427 0.638771 -0.194477
v -1.547210 0.587167 -0.194477
v -1.547210 0.612969 -0.194477
v -1.521644 0.561365 -0.194477
v -1.526083 0.565844 -0.194477
v -1.487999 0.561365 -0.194477
v -1.159427 0.561365 -0.194477
v -1.205674 0.561365 -0.194477
v -1.133861 0.612969 -0.194477
v -1.148070 0.572827 -0.194477
v -1.133861 0.587167 -0.194477
v -0.905339 0.561365 -0.194477
v -0.916696 0.572826 -0.194477
v -0.930905 0.587167 -0.194477
v -0.930905 0.612969 -0.194477
v -0.905339 0.638771 -0.194477
v -0.901012 0.561365 -0.194477
v -0.748557 0.561365 -0.194477
v -0.750899 0.561365 -0.194477
v -0.748557 0.638771 -0.194477
v -0.900732 0.638771 -0.194477
v -0.722991 0.612969 -0.194477
v -0.741278 0.631425 -0.194477
v -0.722991 0.587167 -0.194477
v -0.737200 0.572826 -0.194477
v -1.428875 0.542469 0.171317
v -1.475964 0.793438 0.171317
v -1.428875 0.542469 0.150410
v -1.475964 0.793438 0.150410
v -1.245213 0.736860 0.171317
v -1.245213 0.736860 0.150410
v -0.375431 0.549153 0.171317
v -0.355625 0.629933 0.171317
v -0.375431 0.549153 0.150410
v -0.355625 0.629933 0.150410
v -1.061700 0.803056 0.171317
v -1.061700 0.803056 0.150410
v -1.121466 0.548564 0.150410
v -1.121466 0.548564 0.171317
v -1.161916 0.785798 0.150410
v -1.218763 0.547239 0.150410
v -1.161916 0.785798 0.171317
v -1.218763 0.547239 0.171317
v -1.554110 0.591996 0.169533
v -1.565322 0.715426 0.169533
v -1.554110 0.591996 0.152194
v -1.565322 0.715426 0.152194
v -0.652928 0.702829 0.171317
v -0.689560 0.548905 0.171317
v -0.652928 0.702829 0.150410
v -0.689560 0.548905 0.150410
v -0.414805 0.644444 0.171317
v -0.437961 0.549104 0.171317
v -0.414805 0.644444 0.150410
v -0.437961 0.549104 0.150410
v -0.372423 0.561423 0.150410
v -0.372423 0.561423 0.171317
v -1.112388 0.587219 0.171317
v -1.112388 0.587219 0.150410
v -1.210129 0.583474 0.150410
v -1.210129 0.583474 0.171317
v -0.685542 0.565790 0.171317
v -0.685542 0.565790 0.150410
v -0.434444 0.563585 0.171317
v -0.434444 0.563585 0.150410
v -0.689560 0.548905 0.219404
v -0.437961 0.549104 0.219404
v -0.685542 0.565790 0.219404
v -0.434444 0.563585 0.219404
v -0.654972 0.548932 0.246385
v -0.472081 0.549077 0.246385
v -0.651023 0.565487 0.246385
v -0.468496 0.563884 0.246385
v -1.419617 0.569357 0.180142
v -1.463006 0.763217 0.180142
v -1.419617 0.569357 0.167373
v -1.463006 0.763217 0.167373
v -1.248942 0.710731 0.180142
v -1.248942 0.710731 0.167373
v -1.522866 0.608735 0.180142
v -1.531614 0.700600 0.180142
v -1.522866 0.608735 0.167373
v -1.531614 0.700600 0.167373
v -0.553059 0.639452 0.180142
v -0.553059 0.639452 0.167373
v -1.078274 0.773292 0.180142
v -1.078274 0.773292 0.167373
v -0.560819 0.565114 0.167373
v -0.560819 0.565114 0.180142
v -1.146594 0.765490 0.167373
v -1.146594 0.765490 0.180142
vn -0.4856 0.8742 -0.0000
vn -0.0000 -0.0000 -1.0000
vn -0.6249 0.7807 -0.0000
vn -0.0000 -0.0000 1.0000
vn -0.0000 -1.0000 -0.0000
vn -0.0000 1.0000 -0.0000
vn 0.4856 -0.8742 -0.0000
vn -0.1961 0.9806 -0.0000
vn -0.3219 0.9468 -0.0000
vn 0.3219 -0.9468 -0.0000
vn -1.0000 -0.0000 -0.0000
vn 0.1961 -0.9806 -0.0000
vn -0.2973 -0.9548 -0.0000
vn 1.0000 -0.0000 -0.0000
vn -0.1095 -0.9940 -0.0000
vn 0.1095 0.9940 -0.0000
vn 0.2789 0.9603 -0.0000
vn 0.9490 0.3153 -0.0000
vn 0.8385 0.5450 -0.0000
vn -0.0858 0.9963 -0.0000
vn -0.6639 0.7479 -0.0000
vn -0.0000 0.0001 1.0000
vn -0.7071 -0.7071 -0.0000
vn -0.0000 0.2849 0.9585
vn -0.0000 0.9378 0.3473
vn -0.0000 -0.6341 0.7733
vn -0.0000 0.7083 0.7059
vn -0.0000 -0.2286 0.9735
vn -0.0000 0.2824 -0.9593
vn -0.0000 0.9378 -0.3473
vn -0.0000 0.7083 -0.7059
vn -0.0000 0.2849 -0.9585
vn -0.0000 -0.2286 -0.9735
vn -0.0000 -0.6716 0.7409
vn -0.0000 -0.1999 -0.9798
vn -0.0000 0.7170 -0.6971
vn 0.4628 0.8865 -0.0000
vn 0.9991 0.0425 -0.0000
vn 0.5363 -0.8440 -0.0000
vn -0.4628 -0.8865 -0.0000
vn -0.9991 -0.0425 -0.0000
vn -0.5363 0.8440 -0.0000
vn -0.0000 -0.8660 0.5000
vn -0.0000 0.8660 0.5000
vn -0.0000 -0.8660 -0.5000
vn -0.0000 0.8660 -0.5000
vn -0.8944 0.4472 -0.0000
vn 0.9522 0.3056 -0.0000
vn 0.6560 0.7548 -0.0000
vn 0.8702 0.4927 -0.0000
vn -0.9739 -0.2268 -0.0000
vn 0.6496 0.7603 -0.0000
vn -0.0210 0.9998 -0.0000
vn 0.5670 0.8237 -0.0000
vn -0.4945 -0.8692 -0.0000
vn -0.9996 -0.0298 -0.0000
vn -0.9103 -0.4140 -0.0000
vn 0.4521 0.8920 -0.0000
vn 0.4470 0.8945 -0.0000
vn 0.9720 -0.2352 -0.0000
vn 0.4572 0.8894 -0.0000
vn -0.0353 -0.0009 0.9994
vn -0.9997 -0.0245 -0.0000
vn -0.9999 -0.0118 -0.0000
vn -0.9999 -0.0168 0.0011
vn -0.1726 -0.5953 0.7848
vn -0.2202 0.5666 0.7940
vn -0.2863 -0.9581 -0.0000
vn -0.3653 0.9309 -0.0000
vn -0.0353 -0.0009 -0.9994
vn -0.9996 -0.0262 0.0065
vn -0.9998 -0.0179 -0.0002
vn -0.9998 -0.0193 0.0011
vn -0.1726 -0.5953 -0.7848
vn -0.2202 0.5666 -0.7940
vn 0.0909 -0.8624 0.4979
vn 0.0909 0.8624 0.4979
vn 0.0909 -0.8624 -0.4979
vn 0.0909 0.8624 -0.4979
vn 0.0909 -0.0000 0.9959
vn 0.0909 -0.0000 -0.9959
vn -0.0207 0.8658 -0.4999
vn -0.0204 0.8658 -0.4999
vn -0.0204 0.8658 0.4999
vn -0.0207 0.8658 0.4999
vn 0.0204 -0.8658 0.4999
vn 0.0207 -0.8658 0.4999
vn 0.0100 -0.8660 -0.5000
vn 0.0204 -0.8658 -0.4999
vn 0.0207 -0.8658 -0.4999
vn -0.3569 -0.0000 -0.9341
vn -0.3569 -0.8090 0.4671
vn -0.3569 0.8090 0.4671
vn -0.3569 -0.8090 -0.4671
vn -0.3569 -0.0000 0.9341
vn -0.3569 0.8090 -0.4671
vn 0.4757 -0.0000 -0.8796
vn 0.4757 -0.7618 0.4398
vn 0.4757 0.7617 0.4398
vn 0.4757 -0.7618 -0.4398
vn 0.4757 -0.0000 0.8796
vn 0.4757 0.7617 -0.4398
vn 0.0229 -0.8658 0.4999
vn 0.0232 -0.8658 0.4999
vn -0.0099 0.8660 -0.5000
vn -0.0100 0.8660 -0.4999
vn 0.0100 -0.8660 0.5000
vn -0.0100 0.8660 0.4999
vn -0.0100 0.8660 0.5000
vn -0.0229 0.8658 0.4999
vn -0.0232 0.8658 0.4999
vn 0.0229 -0.8658 -0.4999
vn 0.0232 -0.8658 -0.4999
vn -0.0229 0.8658 -0.4999
vn -0.0232 0.8658 -0.4999
vn -0.9963 -0.0857 -0.0000
vn 0.9963 0.0857 -0.0000
vn 0.2082 -0.9781 -0.0000
vn -0.2082 0.9781 -0.0000
vn -0.1723 0.8092 0.5618
vn -0.1723 0.8092 -0.5618
vn -0.8424 -0.0000 -0.5388
vn 0.8424 -0.0000 0.5388
vn -0.0000 -0.9265 -0.3764
vn -0.0000 0.9265 0.3764
vn -0.0000 0.9265 -0.3764
vn -0.0000 -0.9265 0.3764
vn 0.8424 -0.0000 -0.5388
vn -0.8424 -0.0000 0.5388
vn -0.0000 0.9359 0.3523
vn -0.7468 0.6650 0.0038
vn -0.7430 0.6693 -0.0000
vn -0.7427 0.6696 -0.0000
vn -0.7557 0.6549 -0.0000
vn -0.7704 0.6375 -0.0052
vn -0.7740 0.6332 -0.0000
vn -0.7702 0.6377 -0.0049
vn -0.3866 0.9223 0.0017
vn -0.3866 0.9223 -0.0000
vn -0.0000 0.9359 -0.3523
vn -0.0000 0.2787 -0.9604
vn -0.0000 0.7311 -0.6823
vn -0.7468 0.6650 -0.0038
vn -0.7704 0.6375 0.0052
vn -0.7702 0.6377 0.0049
vn 0.8674 -0.4976 -0.0000
vn 0.5763 -0.8173 -0.0000
vn 0.0052 -1.0000 -0.0000
vn -0.0000 0.7311 0.6823
vn -0.0000 0.2787 0.9604
vn 0.9942 -0.1075 -0.0000
vn 0.6898 -0.7240 -0.0000
vn 0.4858 -0.8740 -0.0000
vn 0.6383 -0.7698 -0.0000
vn 0.9942 -0.1076 -0.0000
vn 0.1815 -0.9834 -0.0000
vn -0.5794 0.8150 -0.0000
vn 0.5794 0.8150 -0.0000
vn 0.5794 -0.8150 -0.0000
vn -0.5794 -0.8150 -0.0000
vn 0.5000 0.8660 -0.0000
vn 0.5000 -0.8660 -0.0000
vn -0.5000 -0.8660 -0.0000
vn -0.5000 0.8660 -0.0000
vn -0.8654 -0.5010 -0.0000
vn 0.5010 -0.8654 -0.0000
vn -0.5010 0.8654 -0.0000
vn 0.8654 0.5010 -0.0000
vn 0.8636 -0.5042 -0.0000
vn -0.0072 1.0000 -0.0000
vn -0.2577 -0.9662 -0.0000
vn 0.5911 0.8066 -0.0000
vn 0.9941 -0.1086 -0.0000
vn 0.4030 -0.9152 -0.0000
vn -0.5911 -0.8066 -0.0000
vn -0.9941 0.1086 -0.0000
vn -0.4030 0.9152 -0.0000
vn 0.8553 0.1359 -0.5000
vn 0.8553 0.1359 0.5000
vn -0.1570 0.9876 -0.0000
vn -0.8553 -0.1359 0.5000
vn -0.8553 -0.1359 -0.5000
vn 0.1570 -0.9876 -0.0000
vn -0.2860 -0.0000 -0.9582
vn 0.0631 -0.9980 -0.0000
vn -0.0631 0.9980 -0.0000
vn -0.7977 -0.0000 -0.6031
vn -0.2860 -0.0000 0.9582
vn -0.2394 0.9709 -0.0000
vn -0.2392 0.9710 -0.0000
vn -0.2397 0.9708 -0.0000
vn 0.2394 -0.9709 -0.0000
vn 0.2392 -0.9710 0.0001
vn 0.2397 -0.9708 -0.0000
vn 0.2392 -0.9710 -0.0000
vn 0.2391 -0.9710 -0.0000
vn -0.2392 0.9710 -0.0001
vn -0.2391 0.9710 -0.0000
vn -0.7977 -0.0000 0.6031
vn -0.0241 0.8657 -0.5000
vn -0.9996 -0.0278 -0.0000
vn 0.0241 -0.8657 -0.5000
vn -0.0241 0.8657 0.5000
vn 0.0240 -0.8657 0.5000
vn -0.0093 0.8712 -0.4909
vn -0.9992 -0.0271 -0.0292
vn -0.0289 -0.0110 0.9995
vn 0.0382 -0.8601 -0.5086
vn 0.0289 0.0110 -0.9995
vn -0.0382 0.8601 0.5086
vn 0.0093 -0.8712 0.4909
vn -0.0000 0.2716 0.9624
vn 0.3095 0.9509 -0.0000
vn -0.0005 1.0000 0.0019
vn -0.0003 1.0000 0.0005
vn -0.0006 1.0000 0.0007
vn 0.7504 0.6610 0.0073
vn 0.7504 0.6610 0.0078
vn 0.7504 0.6610 0.0014
vn 0.7504 0.6610 0.0019
vn -0.0009 1.0000 0.0094
vn -0.0010 0.9999 0.0111
vn -0.0000 0.4093 -0.9124
vn -0.0000 0.1557 -0.9878
vn -0.0005 1.0000 -0.0019
vn -0.0003 1.0000 -0.0005
vn -0.0002 1.0000 -0.0000
vn 0.7504 0.6610 -0.0019
vn -0.0009 1.0000 -0.0025
vn -0.0007 1.0000 -0.0011
vn -0.0839 0.1456 -0.9858
vn 0.7708 0.6371 -0.0000
vn 0.2038 0.9790 -0.0000
vn 0.0597 0.9982 -0.0000
vn 0.9997 -0.0235 -0.0000
vn -0.9997 0.0235 -0.0000
vn 0.0225 0.9997 -0.0000
vn -0.0225 -0.9997 -0.0000
vn -0.5610 0.8278 -0.0000
vn 0.6032 0.7976 -0.0000
vn -0.5792 0.8152 -0.0000
vn -0.0000 0.9322 0.3620
vn -0.0000 0.9321 0.3622
vn -0.0000 0.9323 0.3617
vn -0.0000 0.3847 0.9230
vn -0.0000 0.4199 -0.9076
vn -0.0000 0.4199 0.9076
vn -0.0000 0.9305 0.3664
vn -0.0000 0.9305 -0.3664
vn -0.0000 -0.6256 0.7801
vn -0.0000 0.9321 -0.3622
vn -0.0000 0.9322 -0.3620
vn -0.0000 0.9323 -0.3617
vn -0.0000 0.3847 -0.9230
vn -0.0000 -0.6256 -0.7801
vn 0.7175 -0.6965 -0.0000
vn -0.0130 0.9999 -0.0000
vn 0.9372 -0.3487 -0.0000
vn -0.7938 -0.6082 -0.0000
vn -0.9111 -0.4121 -0.0000
vn -0.0625 0.9980 -0.0000
vn 0.8592 0.5116 -0.0000
vn -0.9928 -0.1200 -0.0000
vn 0.9986 0.0532 -0.0000
vn -0.2942 -0.9557 -0.0000
vn -0.7893 -0.6140 -0.0000
vn 0.8502 -0.5264 -0.0000
vn 0.4214 0.9069 -0.0000
vn -0.9477 0.3190 -0.0000
vn -0.9986 0.0527 -0.0000
vn 0.9264 -0.3766 -0.0000
vn 1.0000 0.0007 -0.0000
vn 1.0000 0.0009 -0.0000
vn 1.0000 0.0006 -0.0002
vn 0.5507 -0.8347 -0.0000
vn -0.9654 -0.2608 -0.0000
vn -0.9646 0.2636 -0.0000
vn 0.9592 -0.2826 -0.0000
vn 0.9168 -0.3994 -0.0000
vn 0.9500 0.3123 -0.0000
vn -0.1788 -0.9839 -0.0000
vn -0.0389 0.9992 -0.0000
vn 0.4251 -0.6385 0.6416
vn 0.4244 -0.6396 0.6409
vn 0.4257 -0.6377 0.6420
vn 0.4232 -0.6414 0.6399
vn 0.6126 -0.2491 0.7501
vn 0.6349 -0.1870 0.7496
vn 0.6351 -0.1870 0.7494
vn 0.6760 0.2222 0.7026
vn 0.6286 -0.2738 0.7280
vn -0.7778 -0.6285 -0.0000
vn -0.6504 0.0006 0.7596
vn -0.6503 0.0005 0.7597
vn -0.6199 -0.5009 0.6040
vn -0.6355 0.0335 0.7714
vn -0.5874 0.1977 0.7848
vn -0.5871 0.1977 0.7850
vn -0.5958 0.1628 0.7864
vn -0.6244 -0.1687 0.7627
vn -1.0000 0.0012 -0.0000
vn 1.0000 0.0006 0.0002
vn -0.1787 -0.9839 -0.0000
vn 0.4250 -0.6386 -0.6415
vn 0.4257 -0.6377 -0.6420
vn 0.4244 -0.6396 -0.6409
vn 0.4232 -0.6414 -0.6399
vn 0.6126 -0.2491 -0.7501
vn 0.6349 -0.1870 -0.7496
vn 0.6351 -0.1870 -0.7494
vn 0.6760 0.2222 -0.7026
vn 0.6286 -0.2738 -0.7280
vn -0.6504 0.0006 -0.7596
vn -0.6503 0.0005 -0.7597
vn -0.6199 -0.5009 -0.6040
vn -0.6355 0.0335 -0.7714
vn -0.5874 0.1977 -0.7848
vn -0.5871 0.1977 -0.7850
vn -0.5870 0.1977 -0.7851
vn -0.5958 0.1628 -0.7864
vn -0.6244 -0.1687 -0.7627
vn -0.9965 0.0832 -0.0000
vn -0.0293 0.9996 -0.0000
vn 0.9996 -0.0288 -0.0000
vn -0.8956 -0.4449 -0.0000
vn -0.9999 0.0152 -0.0000
vn 0.9933 -0.1155 -0.0000
vn -0.0000 0.7675 0.6410
vn 0.2749 -0.9615 -0.0000
vn 0.9152 -0.4030 -0.0000
vn 0.9958 -0.0915 -0.0000
vn -0.0000 0.7675 -0.6410
vn -0.0000 0.5227 0.8525
vn -0.0000 -0.5990 0.8007
vn -0.5318 -0.7282 0.4323
vn -0.5852 0.6567 0.4757
vn 0.5852 0.6567 0.4757
vn 0.5318 -0.7282 0.4323
vn -0.7759 -0.0000 0.6308
vn 0.7759 -0.0000 0.6308
vn -0.6822 0.7312 -0.0000
vn 0.6822 0.7312 -0.0000
vn -0.6075 -0.7943 -0.0000
vn 0.6075 -0.7943 -0.0000
vn 0.0704 -0.9975 -0.0000
vn -0.0704 0.9975 -0.0000
vn -0.0206 -0.0008 0.9998
vn -0.2136 0.9769 -0.0000
vn 0.0728 0.9973 -0.0000
vn 0.5095 0.8605 -0.0000
vn 0.0118 0.9999 -0.0000
vn 0.2138 0.9769 -0.0000
vn -0.0167 0.9999 -0.0000
vn -0.9997 -0.0249 0.0003
vn -0.9997 -0.0222 0.0034
vn -0.9998 -0.0218 0.0040
vn 0.2827 -0.9592 -0.0000
vn 0.2930 -0.9561 -0.0000
vn 0.2931 -0.9561 -0.0000
vn 0.2948 -0.9555 -0.0000
vn 0.0500 -0.9987 -0.0000
vn 0.2951 -0.9555 -0.0000
vn 0.3156 -0.9489 -0.0000
vn -0.2499 0.9683 0.0023
vn -0.2502 0.9682 -0.0000
vn -0.2503 0.9682 0.0026
vn 0.2860 -0.0000 -0.9582
vn 0.8391 -0.0000 -0.5440
vn -0.0440 -0.0014 0.9990
vn -0.0438 -0.0012 0.9990
vn -0.1453 0.5893 0.7947
vn 0.0434 0.5952 0.8024
vn 0.0434 0.5951 0.8024
vn 0.3322 0.5610 0.7583
vn 0.0069 0.5836 0.8120
vn 0.1274 0.5823 0.8029
vn -0.0097 0.5833 0.8122
vn 0.1249 -0.5958 0.7934
vn 0.1959 -0.5888 0.7842
vn 0.1960 -0.5889 0.7841
vn 0.1822 -0.5903 0.7863
vn 0.1818 -0.5904 0.7863
vn 0.1743 -0.5914 0.7873
vn 0.1744 -0.5914 0.7873
vn 0.1810 -0.5906 0.7864
vn 0.1816 -0.5905 0.7864
vn 0.0301 -0.6022 0.7978
vn 0.2309 -0.9730 -0.0000
vn 0.0037 -0.6005 0.7996
vn 0.0433 -0.6141 0.7880
vn -0.2885 0.5703 0.7691
vn -0.0433 0.6141 0.7880
vn -0.9997 -0.0243 -0.0018
vn -0.9998 -0.0205 0.0073
vn -0.9997 -0.0246 -0.0000
vn -0.9997 -0.0230 -0.0025
vn -0.9997 -0.0227 -0.0029
vn -0.9997 -0.0244 -0.0000
vn -0.9997 -0.0249 -0.0004
vn 0.0455 0.9311 0.3618
vn 0.0463 0.9311 0.3618
vn 0.0452 0.9311 0.3618
vn 0.0119 0.4249 0.9052
vn 0.0110 0.4249 0.9052
vn 0.0163 0.4256 0.9048
vn -1.0000 -0.0001 -0.0000
vn 0.0460 0.9311 0.3618
vn 0.0447 0.9312 0.3618
vn 0.0137 0.4268 0.9042
vn 0.0107 0.4276 0.9039
vn -0.7241 -0.6897 -0.0000
vn 0.7241 -0.6897 -0.0000
vn -0.7901 -0.6130 -0.0000
vn -0.4897 -0.7207 0.4907
vn -0.0255 -0.9997 -0.0000
vn 0.3665 -0.9304 -0.0000
vn 0.1849 -0.9827 -0.0000
vn 0.1166 -0.6211 0.7750
vn 0.1166 -0.6212 0.7750
vn 0.1169 -0.6209 0.7751
vn -0.0147 -0.5865 0.8098
vn -0.0142 -0.5856 0.8105
vn -0.0150 -0.5869 0.8095
vn 0.3752 -0.5689 0.7318
vn 0.3749 -0.5738 0.7282
vn 0.3760 -0.5668 0.7331
vn -0.2886 -0.0000 -0.9575
vn -0.7241 0.6897 -0.0000
vn 0.7241 0.6897 -0.0000
vn -0.0000 0.5227 -0.8525
vn -0.0000 -0.5990 -0.8007
vn -0.5318 -0.7282 -0.4323
vn -0.5852 0.6567 -0.4757
vn 0.5852 0.6567 -0.4757
vn 0.5318 -0.7282 -0.4323
vn -0.7759 -0.0000 -0.6308
vn 0.7759 -0.0000 -0.6308
vn 0.9996 0.0275 -0.0001
vn 0.9998 0.0222 -0.0000
vn 0.9996 0.0272 -0.0002
vn -0.0206 -0.0008 -0.9998
vn -0.9997 -0.0222 -0.0034
vn -0.9997 -0.0249 -0.0002
vn -0.9998 -0.0218 -0.0040
vn 0.2934 -0.9560 -0.0000
vn -0.2499 0.9683 -0.0024
vn -0.2503 0.9682 -0.0028
vn 0.2860 -0.0000 0.9582
vn 0.8391 -0.0000 0.5440
vn -0.0440 -0.0014 -0.9990
vn -0.0438 -0.0012 -0.9990
vn -0.1453 0.5893 -0.7947
vn 0.0434 0.5951 -0.8024
vn 0.3322 0.5610 -0.7583
vn 0.0069 0.5836 -0.8120
vn 0.1274 0.5823 -0.8029
vn -0.0097 0.5833 -0.8122
vn 0.1249 -0.5958 -0.7934
vn 0.1959 -0.5889 -0.7841
vn 0.1959 -0.5888 -0.7842
vn 0.1823 -0.5903 -0.7863
vn 0.1818 -0.5904 -0.7863
vn 0.1745 -0.5914 -0.7873
vn 0.1743 -0.5914 -0.7873
vn 0.1809 -0.5906 -0.7864
vn 0.1816 -0.5905 -0.7864
vn 0.0301 -0.6022 -0.7978
vn 0.0028 -0.6147 -0.7888
vn 0.0433 -0.6141 -0.7880
vn -0.2883 0.5886 -0.7553
vn -0.0433 0.6141 -0.7880
vn -0.9997 -0.0243 0.0018
vn -0.9997 -0.0249 0.0004
vn -0.9997 -0.0230 0.0025
vn -0.9997 -0.0227 0.0029
vn 0.0455 0.9311 -0.3618
vn 0.0463 0.9311 -0.3618
vn 0.0110 0.4249 -0.9052
vn 0.0119 0.4249 -0.9052
vn 0.0163 0.4256 -0.9048
vn 0.0447 0.9312 -0.3618
vn 0.0137 0.4268 -0.9042
vn 0.0107 0.4276 -0.9039
vn 0.0448 0.9312 -0.3618
vn 0.1166 -0.6212 -0.7750
vn 0.1166 -0.6211 -0.7750
vn 0.1169 -0.6209 -0.7751
vn -0.4748 -0.4615 -0.7494
vn -0.0142 -0.5856 -0.8105
vn -0.0146 -0.5864 -0.8099
vn -0.0150 -0.5869 -0.8095
vn 0.3749 -0.5738 -0.7281
vn 0.3752 -0.5689 -0.7318
vn 0.3760 -0.5668 -0.7331
vn -0.2886 -0.0000 0.9575
vn -0.8024 0.0017 0.5968
vn 0.5000 -0.0000 -0.8660
vn 0.5000 -0.0000 0.8660
vn -0.5000 -0.0000 0.8660
vn -0.5000 -0.0000 -0.8660
vn -0.7871 -0.6169 -0.0000
vn -0.0000 0.6278 -0.7784
vn -0.0000 -0.0531 0.9986
vn -0.0000 -0.4392 0.8984
vn -0.0000 0.9942 -0.1077
vn -0.9657 0.2597 -0.0000
vn -0.9668 0.2556 -0.0000
vn -0.9543 0.2711 0.1260
vn -0.9551 0.2666 0.1295
vn -0.9540 0.2722 0.1254
vn -0.0000 -0.4476 -0.8942
vn -0.0000 0.0403 -0.9992
vn -0.9102 0.4031 -0.0953
vn -0.0000 0.6622 -0.7494
vn -0.9496 0.3051 -0.0722
vn -0.0000 0.5431 0.8397
vn 0.7071 -0.7071 -0.0000
vn -0.7071 0.7071 -0.0000
vn 0.7071 0.7071 -0.0000
vn -0.0000 0.6278 0.7784
vn -0.0000 0.0001 -1.0000
vn -0.0000 0.0003 -1.0000
vn -0.0000 -0.0531 -0.9986
vn -0.0000 -0.4392 -0.8984
vn -0.0000 0.9942 0.1077
vn -0.9672 0.2527 0.0274
vn -0.9543 0.2711 -0.1259
vn -0.9551 0.2666 -0.1295
vn -0.9552 0.2659 -0.1297
vn -0.0000 -0.4476 0.8942
vn -0.0000 0.0403 0.9992
vn -0.9370 0.3173 -0.1462
vn -0.0000 0.6622 0.7494
vn -0.9496 0.3051 0.0722
vn -0.0000 0.5431 -0.8397
vn 0.1666 -0.0000 0.9860
vn 0.1666 -0.0000 -0.9860
vn 0.1666 -0.8539 0.4930
vn 0.1666 0.8539 0.4930
vn 0.1666 -0.8539 -0.4930
vn 0.1666 0.8539 -0.4930
vn -0.9997 -0.0000 0.0248
vn 0.9999 0.0128 0.0073
vn 0.9999 0.0130 0.0074
vn 0.9999 0.0124 0.0072
vn 0.5637 0.8260 0.0004
vn 0.5639 0.8259 0.0005
vn 0.5639 0.8258 0.0006
vn 0.5639 0.8258 -0.0006
vn 0.5641 0.8257 -0.0000
vn 0.5639 0.8259 -0.0005
vn 0.4654 0.7610 -0.4520
vn 0.9999 0.0133 -0.0075
vn 0.9999 0.0130 -0.0074
vn 0.9999 0.0135 -0.0075
vn -0.0000 0.8734 -0.4870
vn -0.0000 0.8734 0.4870
vn 1.0000 -0.0046 -0.0026
vn 1.0000 -0.0044 -0.0000
vn 1.0000 -0.0085 0.0003
vn 1.0000 -0.0082 -0.0002
vn 1.0000 -0.0049 -0.0024
vn 1.0000 -0.0084 -0.0003
vn 1.0000 -0.0047 -0.0000
vn 1.0000 -0.0050 0.0023
vn 1.0000 -0.0082 0.0002
vn 1.0000 -0.0046 0.0026
vn -0.1735 0.0014 -0.9848
vn -0.1736 0.0012 -0.9848
vn -0.1735 0.0015 -0.9848
vn -0.1746 -0.8527 0.4924
vn -0.1735 0.0014 0.9848
vn -0.1736 0.0012 0.9848
vn -0.1739 0.8601 -0.4796
vn -0.1746 -0.8527 -0.4924
vn -0.1739 0.8601 0.4796
vn -1.0000 0.0039 0.0016
vn -1.0000 0.0059 -0.0000
vn -1.0000 0.0058 0.0016
vn -1.0000 0.0040 -0.0016
vn -1.0000 0.0031 -0.0000
vn -1.0000 0.0070 -0.0010
vn -1.0000 0.0058 -0.0016
vn -0.9997 -0.0215 -0.0121
vn -0.9997 -0.0208 -0.0119
vn -0.9997 -0.0219 -0.0122
vn -0.9997 -0.0210 0.0119
vn -0.9997 -0.0217 0.0122
vn -0.9997 -0.0206 0.0119
vn 0.9961 0.0883 -0.0000
vn 0.0022 -1.0000 -0.0000
vn 0.0025 1.0000 -0.0000
vn -0.7063 -0.7079 -0.0000
vn -0.7062 0.7080 -0.0000
vn 0.2665 0.9638 -0.0000
vn 0.9961 0.0884 -0.0000
vn 0.4280 0.0380 0.9030
vn 0.4281 0.0379 0.9030
vn 0.1656 -0.9862 -0.0000
vn 0.4281 0.0380 -0.9030
vn 0.4280 0.0380 -0.9030
vn 0.0355 0.0355 0.9987
vn -0.0000 0.5518 0.8340
vn 0.6948 -0.7192 -0.0000
vn -0.0000 0.9604 0.2788
vn -0.0000 -0.5576 -0.8301
vn 0.2330 0.3928 -0.8896
vn -0.0000 -0.0756 -0.9971
vn -0.0000 -0.9493 -0.3143
vn 0.2446 -0.0733 -0.9668
vn -0.0000 0.0276 -0.9996
vn -0.0000 0.5518 -0.8340
vn -0.0000 0.9604 -0.2788
vn -0.0000 -0.5576 0.8301
vn 0.1172 0.9931 -0.0000
vn -0.0000 -0.0756 0.9971
vn -0.0000 -0.9493 0.3143
vn 0.1979 0.3959 0.8967
vn -0.4889 -0.4864 0.7242
vn -0.0000 0.8484 0.5293
vn -0.0000 -0.8484 0.5293
vn -0.4889 0.4864 0.7242
vn -0.6173 -0.0000 0.7867
vn 0.0336 -0.9994 -0.0000
vn -1.0000 0.0045 -0.0000
vn 0.0499 -0.9988 -0.0000
vn 0.0046 -0.0891 -0.9960
vn -0.9997 -0.0240 -0.0000
vn -0.0129 0.3084 -0.9512
vn -0.0418 0.9991 -0.0000
vn -0.0415 0.9991 -0.0000
vn -0.0412 0.9992 -0.0000
vn 0.9984 -0.0562 -0.0000
vn 0.4889 0.4864 0.7242
vn 0.4889 -0.4864 0.7242
vn 0.6173 -0.0000 0.7867
vn 0.3111 0.9504 -0.0000
vn 0.0194 -0.9998 -0.0000
vn -0.0198 0.9998 -0.0000
vn 0.3409 -0.9401 -0.0000
vn -0.3303 0.9439 -0.0000
vn 0.8912 -0.4537 -0.0000
vn -0.9264 0.3765 -0.0000
vn 0.1486 0.9889 -0.0000
vn 0.9713 0.2378 -0.0000
vn 0.7520 0.6592 -0.0000
vn -0.7754 -0.6315 -0.0000
vn -0.9711 -0.2385 -0.0000
vn -0.0128 0.9999 -0.0000
vn -0.4889 -0.4864 -0.7242
vn -0.0000 0.8484 -0.5293
vn -0.0000 -0.8484 -0.5293
vn -0.4889 0.4864 -0.7242
vn -0.6173 -0.0000 -0.7867
vn 0.0131 -0.2624 -0.9649
vn -0.0046 0.1062 -0.9943
vn 0.4889 0.4864 -0.7242
vn 0.4889 -0.4864 -0.7242
vn 0.6173 -0.0000 -0.7867
vn -0.3119 -0.9501 -0.0000
vn 0.7103 -0.7038 -0.0000
vn 0.7104 0.7038 -0.0000
vn 0.7103 0.7039 -0.0000
vn 0.7103 -0.7039 -0.0000
vn 0.5046 -0.8633 -0.0000
vn -0.4567 -0.8896 -0.0000
vn -0.9126 -0.4089 -0.0000
vn -0.9125 -0.4090 -0.0000
vn -0.5083 0.8612 -0.0000
vn -0.3624 0.9320 -0.0000
vn 0.4483 -0.8939 -0.0000
vn -0.4483 -0.8939 -0.0000
vn 0.4701 -0.8826 -0.0000
vn -0.1869 -0.9824 -0.0000
vn 0.4567 -0.8896 -0.0000
vn 0.9126 -0.4089 -0.0000
vn 0.9126 -0.4088 -0.0000
vn 0.7071 -0.0000 -0.7071
vn -0.9783 -0.2070 -0.0000
vn -0.9783 -0.2071 -0.0000
vn -0.7071 -0.0000 -0.7071
vn -0.7103 0.7039 -0.0000
vn -0.7104 0.7038 -0.0000
vn -0.7104 -0.7038 -0.0000
vn 0.7104 -0.7038 -0.0000
vn -0.7103 -0.7039 -0.0000
vn -0.7103 -0.7038 -0.0000
vn -0.7103 0.7038 -0.0000
vn -0.0159 -0.0022 -0.9999
vn -0.0154 -0.0018 -0.9999
vn -0.0172 -0.0032 -0.9998
vn 0.2381 0.9712 -0.0000
vn 0.0182 -0.9998 -0.0000
vn 0.0227 -0.9997 -0.0000
vn 0.9712 -0.2381 -0.0000
vn 0.0008 -1.0000 -0.0000
vn 0.0136 -0.9999 -0.0000
vn -0.1697 0.9855 -0.0000
vn -0.5066 0.8622 -0.0000
vn -0.9959 -0.0905 -0.0000
vn -0.0159 -0.0022 0.9999
vn -0.0154 -0.0018 0.9999
vn -0.0148 -0.0013 0.9999
vn -0.6577 0.7533 -0.0000
vn -0.3678 -0.9299 -0.0000
vn 0.9718 -0.2360 -0.0000
vn -0.9728 0.2315 -0.0000
vn 0.0088 1.0000 -0.0000
vn -0.6086 0.1449 0.7801
vn -0.6085 0.1451 0.7801
vn -0.6085 0.1452 0.7802
vn 0.6133 -0.1489 0.7757
vn 0.6134 -0.1486 0.7756
vn 0.6135 -0.1485 0.7756
vn -0.6741 0.7386 -0.0000
vn 0.2469 0.9690 -0.0000
vn -0.9955 -0.0948 -0.0000
vn -0.3564 -0.9344 -0.0000
vn -0.3563 -0.9344 -0.0000
vn 0.9946 -0.1038 -0.0000
vn -0.1135 0.9935 -0.0000
vn -0.4718 0.8817 -0.0000
vn -0.0049 -1.0000 -0.0000
vn -0.0148 -0.0013 -0.9999
vn -0.0172 -0.0032 0.9998
vn -0.6086 0.1448 0.7801
vn -0.0000 0.0007 1.0000
vn -0.9999 -0.0143 -0.0000
vn -0.9996 -0.0262 -0.0065
vn -0.9998 -0.0193 -0.0011
vn -0.9998 -0.0179 0.0002
vn -0.9998 -0.0173 -0.0000
vn -0.9999 -0.0168 -0.0011
vn -0.7480 0.6637 -0.0000
vn -0.7726 0.6349 -0.0000
vn -0.3866 0.9223 -0.0017
vn 0.0240 -0.8657 -0.5000
vn 0.0241 -0.8657 0.5000
vn 0.0382 -0.8602 -0.5086
vn -0.0382 0.8602 0.5086
vn -0.0010 1.0000 -0.0029
vn 1.0000 0.0004 -0.0000
vn -0.6505 0.0008 0.7595
vn -0.5870 0.1977 0.7851
vn -0.6505 0.0008 -0.7595
vn 0.9997 0.0255 -0.0000
vn 0.9996 0.0270 -0.0007
vn 0.9996 0.0275 -0.0000
vn 0.9996 0.0275 0.0002
vn -0.2530 0.9675 -0.0000
vn -0.2513 0.9679 -0.0000
vn -0.0442 -0.0017 0.9990
vn 0.2502 -0.9682 -0.0000
vn 0.0028 -0.6147 0.7888
vn -0.2883 0.5886 0.7553
vn 0.0191 0.3846 0.9229
vn -0.4748 -0.4615 0.7494
vn 0.1164 -0.6213 0.7748
vn -0.0139 -0.5851 0.8108
vn 0.3742 -0.5755 0.7272
vn 0.2938 -0.0000 -0.9559
vn 0.3494 -0.0000 -0.9370
vn 0.3348 0.3189 -0.8867
vn 0.0448 0.1124 -0.9927
vn -0.0000 0.1837 -0.9830
vn 0.9996 0.0275 -0.0002
vn -0.9998 -0.0205 -0.0073
vn -0.0442 -0.0017 -0.9990
vn 0.0434 0.5952 -0.8024
vn 0.0037 -0.6005 -0.7996
vn -0.2885 0.5703 -0.7691
vn 0.0191 0.3846 -0.9229
vn 0.0447 0.9312 -0.3619
vn -0.0000 -0.0001 -1.0000
vn 0.1164 -0.6213 -0.7748
vn -0.4921 -0.6434 -0.5863
vn -0.0139 -0.5851 -0.8108
vn 0.3742 -0.5755 -0.7272
vn 0.3494 -0.0000 0.9370
vn 0.2938 -0.0000 0.9559
vn 0.3348 0.3189 0.8867
vn 0.0448 0.1124 0.9927
vn -0.0000 0.1837 0.9830
vn -0.8126 -0.0000 0.5828
vn -0.0000 0.0002 1.0000
vn -0.9598 0.2524 0.1231
vn -0.9672 0.2527 -0.0274
vn -0.9552 0.2659 0.1297
vn -0.9370 0.3173 0.1462
vn -0.8968 0.4363 0.0739
vn -0.0000 -0.0002 -1.0000
vn -0.9598 0.2524 -0.1231
vn -0.9540 0.2722 -0.1254
vn -0.9102 0.4031 0.0953
vn -0.8968 0.4363 -0.0739
vn -1.0000 0.0070 0.0010
vn 0.9999 0.0135 0.0075
vn 0.4654 0.7610 0.4520
vn 0.5637 0.8260 -0.0004
vn 0.9999 0.0124 -0.0072
vn -0.1735 0.0015 0.9848
vn -0.9997 -0.0000 -0.0248
vn -0.9997 -0.0206 -0.0119
vn -0.9997 -0.0219 0.0122
vn 0.4281 0.0379 -0.9030
vn -0.0000 0.0276 0.9996
vn -0.0309 0.0320 0.9990
vn 0.1979 0.3959 -0.8967
vn -0.0309 0.0320 -0.9990
vn 0.0355 0.0355 -0.9987
vn 0.2330 0.3928 0.8896
vn 0.2446 -0.0733 0.9668
vn 0.0481 -0.9988 -0.0000
vn 0.0491 -0.9988 -0.0000
vn 0.0131 -0.2624 0.9649
vn -0.0404 0.9992 -0.0000
vn -0.0046 0.1062 0.9943
vn 0.0046 -0.0891 0.9960
vn -0.0129 0.3083 0.9512
vn 0.1485 0.9889 -0.0000
s 1
vt 0.125000 0.875000
vt 0.375000 0.875000
vt 0.625000 0.875000
vt 0.875000 0.875000
vt 0.125000 0.625000
vt 0.375000 0.625000
vt 0.625000 0.625000
vt 0.875000 0.625000
vt 0.125000 0.375000
vt 0.375000 0.375000
vt 0.625000 0.375000
vt 0.875000 0.375000
f 4/5/1 10/5/1 2/5/1
f 4/5/2 7/5/2 3/5/2
f 6/5/3 30/5/3 8/5/3
f 6/5/4 1/5/4 5/5/4
f 7/5/5 1/5/5 3/5/5
f 4/5/6 6/5/6 8/5/6
f 11/5/2 16/5/2 12/5/2
f 1/5/7 11/5/7 3/5/7
f 3/5/2 12/5/2 4/5/2
f 1/5/4 10/5/4 9/5/4
f 16/5/8 18/5/8 14/5/8
f 9/5/4 14/5/4 13/5/4
f 12/5/9 14/5/9 10/5/9
f 9/5/10 15/5/10 11/5/10
f 18/5/11 19/5/11 17/5/11
f 13/5/12 19/5/12 15/5/12
f 15/5/2 20/5/2 16/5/2
f 13/5/4 18/5/4 17/5/4
f 21/5/4 26/5/4 22/5/4
f 7/5/2 24/5/2 23/5/2
f 5/5/4 22/5/4 6/5/4
f 7/5/13 21/5/13 5/5/13
f 28/5/14 25/5/14 27/5/14
f 23/5/15 25/5/15 21/5/15
f 22/5/16 28/5/16 24/5/16
f 23/5/2 28/5/2 27/5/2
f 29/5/17 32/5/17 30/5/17
f 8/5/2 32/5/2 24/5/2
f 6/5/4 31/5/4 29/5/4
f 24/5/18 31/5/18 22/5/18
f 105/5/14 44/5/14 114/5/14
f 119/5/5 115/5/5 51/5/5
f 104/5/5 38/5/5 109/5/5
f 103/5/6 49/5/6 117/5/6
f 106/5/6 39/5/6 108/5/6
f 107/5/5 42/5/5 113/5/5
f 39/5/4 45/5/4 46/5/4
f 35/5/4 46/5/4 44/5/4
f 108/5/19 35/5/19 105/5/19
f 109/5/5 36/5/5 107/5/5
f 110/5/5 50/5/5 116/5/5
f 111/5/20 43/5/20 112/5/20
f 48/5/4 40/5/4 47/5/4
f 45/5/4 43/5/4 48/5/4
f 112/5/21 37/5/21 106/5/21
f 113/5/5 41/5/5 110/5/5
f 36/5/4 48/5/4 42/5/4
f 42/5/4 47/5/4 41/5/4
f 44/5/4 38/5/4 34/5/4
f 46/5/4 36/5/4 38/5/4
f 114/5/14 34/5/14 104/5/14
f 47/5/4 50/5/4 41/5/4
f 117/5/6 40/5/6 111/5/6
f 40/5/4 51/5/22 47/5/4
f 122/5/11 84/5/11 121/5/11
f 115/5/11 50/5/11 51/5/11
f 49/5/4 33/5/4 118/5/4
f 61/5/1 55/5/1 53/5/1
f 58/5/4 55/5/4 54/5/4
f 81/5/3 57/5/3 59/5/3
f 52/5/2 57/5/2 56/5/2
f 52/5/5 58/5/5 54/5/5
f 57/5/6 55/5/6 59/5/6
f 67/5/4 62/5/4 63/5/4
f 62/5/7 52/5/7 54/5/7
f 63/5/4 54/5/4 55/5/4
f 52/5/2 61/5/2 53/5/2
f 69/5/8 67/5/8 65/5/8
f 60/5/2 65/5/2 61/5/2
f 65/5/9 63/5/9 61/5/9
f 66/5/10 60/5/10 62/5/10
f 70/5/11 69/5/11 68/5/11
f 70/5/12 64/5/12 66/5/12
f 71/5/4 66/5/4 67/5/4
f 64/5/2 69/5/2 65/5/2
f 77/5/2 72/5/2 73/5/2
f 58/5/4 75/5/4 59/5/4
f 73/5/2 56/5/2 57/5/2
f 72/5/13 58/5/13 56/5/13
f 76/5/14 79/5/14 78/5/14
f 76/5/15 74/5/15 72/5/15
f 79/5/16 73/5/16 75/5/16
f 74/5/4 79/5/4 75/5/4
f 81/5/17 82/5/17 80/5/17
f 83/5/4 59/5/4 75/5/4
f 57/5/2 82/5/2 73/5/2
f 82/5/18 75/5/18 73/5/18
f 95/5/14 105/5/14 114/5/14
f 115/5/5 120/5/5 102/5/5
f 89/5/5 104/5/5 109/5/5
f 100/5/6 103/5/6 117/5/6
f 90/5/6 106/5/6 108/5/6
f 93/5/5 107/5/5 113/5/5
f 96/5/2 90/5/2 97/5/2
f 97/5/2 86/5/2 95/5/2
f 86/5/19 108/5/19 105/5/19
f 87/5/5 109/5/5 107/5/5
f 101/5/5 110/5/5 116/5/5
f 94/5/20 111/5/20 112/5/20
f 99/5/2 91/5/2 94/5/2
f 96/5/2 94/5/2 88/5/2
f 88/5/21 112/5/21 106/5/21
f 92/5/5 113/5/5 110/5/5
f 87/5/2 99/5/2 96/5/2
f 93/5/2 98/5/2 99/5/2
f 89/5/2 95/5/2 85/5/2
f 87/5/2 97/5/2 89/5/2
f 85/5/14 114/5/14 104/5/14
f 101/5/2 98/5/2 92/5/2
f 91/5/6 117/5/6 111/5/6
f 102/5/2 91/5/2 98/5/2
f 101/5/11 115/5/11 102/5/11
f 121/5/2 84/5/2 100/5/2
f 122/5/23 119/5/23 118/5/23
f 123/5/23 121/5/23 120/5/23
f 33/5/11 122/5/11 118/5/11
f 129/5/14 127/5/14 125/5/14
f 125/5/24 126/5/24 129/5/24
f 158/5/25 125/5/25 159/5/25
f 124/5/11 163/5/11 128/5/11
f 126/5/11 128/5/11 130/5/11
f 130/5/26 129/5/26 126/5/26
f 125/5/14 164/5/14 159/5/14
f 137/5/11 142/5/11 133/5/11
f 141/5/27 137/5/27 136/5/27
f 141/5/14 139/5/14 135/5/14
f 135/5/24 138/5/24 141/5/24
f 171/5/25 135/5/25 172/5/25
f 132/5/11 177/5/11 140/5/11
f 136/5/14 143/5/14 141/5/14
f 138/5/11 140/5/11 142/5/11
f 137/5/28 134/5/28 136/5/28
f 135/5/14 178/5/14 172/5/14
f 149/5/11 154/5/11 145/5/11
f 153/5/27 149/5/27 148/5/27
f 153/5/14 151/5/14 147/5/14
f 147/5/24 150/5/24 153/5/24
f 187/5/25 147/5/25 188/5/25
f 144/5/11 193/5/11 152/5/11
f 148/5/14 155/5/14 153/5/14
f 150/5/11 152/5/11 154/5/11
f 149/5/28 146/5/28 148/5/28
f 147/5/14 194/5/14 188/5/14
f 160/5/14 162/5/14 157/5/14
f 197/5/29 157/5/29 162/5/29
f 157/5/30 158/5/30 159/5/30
f 156/5/11 163/5/11 158/5/11
f 197/5/11 161/5/11 156/5/11
f 164/5/14 157/5/14 159/5/14
f 170/5/11 179/5/11 173/5/11
f 170/5/31 176/5/31 169/5/31
f 174/5/14 176/5/14 168/5/14
f 173/5/32 168/5/32 176/5/32
f 168/5/30 171/5/30 172/5/30
f 165/5/11 177/5/11 171/5/11
f 180/5/14 169/5/14 176/5/14
f 173/5/11 175/5/11 165/5/11
f 169/5/33 166/5/33 170/5/33
f 178/5/14 168/5/14 172/5/14
f 186/5/11 195/5/11 189/5/11
f 186/5/31 192/5/31 185/5/31
f 190/5/14 192/5/14 184/5/14
f 189/5/32 184/5/32 192/5/32
f 184/5/30 187/5/30 188/5/30
f 181/5/11 193/5/11 187/5/11
f 196/5/14 185/5/14 192/5/14
f 189/5/11 191/5/11 181/5/11
f 185/5/33 182/5/33 186/5/33
f 194/5/14 184/5/14 188/5/14
f 198/5/34 203/5/34 199/5/34
f 201/5/35 202/5/35 200/5/35
f 162/5/36 200/5/36 197/5/36
f 198/5/11 200/5/11 202/5/11
f 199/5/14 201/5/14 162/5/14
f 228/5/14 235/5/14 229/5/14
f 230/5/2 241/5/2 236/5/2
f 1948/5/14 230/5/14 231/5/14
f 1952/5/14 232/5/14 233/5/14
f 229/5/14 230/5/14 1946/5/14
f 228/5/14 233/5/14 234/5/14
f 1948/5/14 232/5/14 1950/5/14
f 241/5/11 1956/5/11 245/5/11
f 233/5/43 240/5/43 234/5/43
f 232/5/44 237/5/44 238/5/44
f 235/5/45 240/5/45 241/5/45
f 232/5/4 239/5/4 233/5/4
f 230/5/46 237/5/46 231/5/46
f 238/5/11 1955/5/11 239/5/11
f 236/5/11 243/5/11 237/5/11
f 241/5/11 242/5/11 236/5/11
f 239/5/11 1956/5/11 240/5/11
f 238/5/11 243/5/11 244/5/11
f 255/5/11 249/5/11 256/5/11
f 249/5/2 258/5/2 256/5/2
f 253/5/14 260/5/14 258/5/14
f 251/5/4 255/5/4 260/5/4
f 252/5/5 246/5/5 248/5/5
f 249/5/6 251/5/6 253/5/6
f 261/5/4 246/5/4 250/5/4
f 257/5/6 262/5/11 265/5/47
f 259/5/14 250/5/14 252/5/14
f 255/5/5 268/5/5 260/5/5
f 257/5/2 252/5/2 248/5/2
f 258/5/6 268/5/6 266/5/6
f 254/5/11 248/5/11 246/5/11
f 258/5/5 264/5/5 256/5/5
f 268/5/4 262/5/4 269/5/4
f 266/5/14 269/5/14 267/5/14
f 264/5/2 267/5/2 265/5/2
f 263/5/11 265/5/11 262/5/11
f 257/5/6 267/5/6 259/5/6
f 259/5/4 269/5/14 261/5/14
f 261/5/6 262/5/6 254/5/6
f 256/5/11 263/5/14 255/5/11
f 271/5/46 272/5/46 270/5/46
f 273/5/44 274/5/44 272/5/44
f 275/5/4 276/5/4 274/5/4
f 276/5/43 279/5/43 278/5/43
f 281/5/11 292/5/11 293/5/11
f 279/5/45 280/5/45 278/5/45
f 280/5/2 271/5/2 270/5/2
f 276/5/14 286/5/14 285/5/14
f 274/5/14 283/5/14 272/5/14
f 280/5/14 286/5/14 278/5/14
f 270/5/14 283/5/14 282/5/14
f 274/5/14 285/5/14 284/5/14
f 280/5/14 282/5/14 287/5/14
f 271/5/11 289/5/11 273/5/11
f 277/5/11 290/5/11 291/5/11
f 271/5/11 293/5/11 288/5/11
f 277/5/11 292/5/11 279/5/11
f 275/5/11 289/5/11 290/5/11
f 1971/5/11 297/5/11 294/5/11
f 297/5/44 302/5/44 296/5/44
f 1970/5/11 295/5/11 1969/5/11
f 1969/5/11 300/5/11 1973/5/11
f 1972/5/11 298/5/11 1971/5/11
f 1970/5/11 297/5/11 296/5/11
f 1972/5/11 300/5/11 299/5/11
f 299/5/45 306/5/45 305/5/45
f 298/5/4 303/5/4 297/5/4
f 295/5/46 302/5/46 301/5/46
f 300/5/2 301/5/2 306/5/2
f 299/5/43 304/5/43 298/5/43
f 302/5/48 303/5/48 301/5/48
f 305/5/49 306/5/49 304/5/49
f 303/5/50 306/5/50 301/5/50
f 307/5/46 310/5/46 309/5/46
f 309/5/44 312/5/44 311/5/44
f 312/5/4 313/5/4 311/5/4
f 314/5/43 315/5/43 313/5/43
f 318/5/11 329/5/11 330/5/11
f 316/5/45 317/5/45 315/5/45
f 317/5/2 308/5/2 307/5/2
f 313/5/14 323/5/14 322/5/14
f 311/5/14 320/5/14 309/5/14
f 317/5/14 323/5/14 315/5/14
f 307/5/14 320/5/14 319/5/14
f 313/5/14 321/5/14 311/5/14
f 307/5/14 324/5/14 317/5/14
f 308/5/11 326/5/11 310/5/11
f 312/5/11 328/5/11 314/5/11
f 318/5/11 325/5/11 308/5/11
f 314/5/11 329/5/11 316/5/11
f 312/5/11 326/5/11 327/5/11
f 332/5/51 338/5/51 337/5/51
f 338/5/2 336/5/2 339/5/2
f 336/5/52 340/5/52 339/5/52
f 335/5/4 337/5/4 340/5/4
f 344/5/2 351/5/2 352/5/2
f 334/5/53 335/5/53 336/5/53
f 340/5/4 348/5/4 345/5/4
f 339/5/54 345/5/54 343/5/54
f 341/5/2 339/5/2 343/5/2
f 348/5/55 338/5/55 341/5/55
f 347/5/56 333/5/56 331/5/56
f 348/5/57 342/5/57 347/5/57
f 342/5/2 343/5/2 344/5/2
f 346/5/4 347/5/4 331/5/4
f 344/5/58 345/5/59 346/5/58
f 352/5/5 331/5/5 333/5/5
f 345/5/4 347/5/4 346/5/4
f 352/5/60 350/5/60 349/5/60
f 344/5/58 350/5/61 351/5/61
f 522/5/122 517/5/122 516/5/122
f 517/5/2 520/5/2 516/5/2
f 524/5/123 519/5/123 518/5/123
f 519/5/4 514/5/4 518/5/4
f 524/5/124 514/5/124 522/5/124
f 523/5/125 519/5/125 525/5/125
f 517/5/126 525/5/126 521/5/126
f 520/5/127 522/5/127 516/5/127
f 521/5/128 524/5/128 520/5/128
f 515/5/129 522/5/129 514/5/129
f 534/5/122 529/5/122 528/5/122
f 529/5/2 532/5/2 528/5/2
f 536/5/123 531/5/123 530/5/123
f 531/5/4 526/5/4 530/5/4
f 536/5/124 526/5/124 534/5/124
f 535/5/125 531/5/125 537/5/125
f 529/5/126 537/5/126 533/5/126
f 532/5/127 534/5/127 528/5/127
f 533/5/128 536/5/128 532/5/128
f 527/5/129 534/5/129 526/5/129
f 546/5/122 541/5/122 540/5/122
f 541/5/2 544/5/2 540/5/2
f 548/5/123 543/5/123 542/5/123
f 543/5/4 538/5/4 542/5/4
f 548/5/124 538/5/124 546/5/124
f 547/5/125 543/5/125 549/5/125
f 541/5/126 549/5/126 545/5/126
f 544/5/127 546/5/127 540/5/127
f 545/5/128 548/5/128 544/5/128
f 539/5/129 546/5/129 538/5/129
f 558/5/122 553/5/122 552/5/122
f 553/5/2 556/5/2 552/5/2
f 560/5/123 555/5/123 554/5/123
f 555/5/4 550/5/4 554/5/4
f 560/5/124 550/5/124 558/5/124
f 559/5/125 555/5/125 561/5/125
f 553/5/126 561/5/126 557/5/126
f 556/5/127 558/5/127 552/5/127
f 557/5/128 560/5/128 556/5/128
f 551/5/129 558/5/129 550/5/129
f 565/5/130 578/5/130 564/5/130
f 567/5/131 581/5/132 566/5/133
f 566/5/134 579/5/134 563/5/134
f 564/5/135 582/5/136 567/5/137
f 563/5/11 577/5/11 562/5/11
f 564/5/138 578/5/139 580/5/139
f 572/5/140 578/5/140 569/5/140
f 576/5/141 571/5/141 572/5/141
f 573/5/142 575/5/142 576/5/142
f 581/5/132 575/5/143 574/5/133
f 579/5/134 574/5/134 570/5/134
f 582/5/136 571/5/144 575/5/145
f 577/5/11 570/5/11 568/5/11
f 585/5/2 574/5/2 573/5/2
f 583/5/2 570/5/2 585/5/2
f 585/5/146 589/5/146 583/5/146
f 573/5/14 592/5/14 586/5/14
f 583/5/5 587/5/5 568/5/5
f 586/5/147 590/5/147 584/5/147
f 576/5/14 588/5/14 573/5/14
f 584/5/148 591/5/148 585/5/148
f 572/5/14 594/5/14 576/5/14
f 597/5/4 566/5/4 600/5/4
f 597/5/149 567/5/149 566/5/149
f 596/5/4 563/5/4 562/5/4
f 565/5/150 564/5/150 604/5/150
f 598/5/151 607/5/151 608/5/151
f 600/5/5 611/5/5 601/5/5
f 604/5/5 609/5/5 599/5/5
f 596/5/152 605/5/152 595/5/152
f 601/5/153 612/5/153 602/5/153
f 603/5/154 608/5/154 613/5/154
f 602/5/155 607/5/151 597/5/155
f 595/5/152 610/5/152 600/5/152
f 604/5/156 613/5/156 614/5/156
f 616/5/157 624/5/157 623/5/157
f 618/5/2 625/5/2 624/5/2
f 622/5/158 626/5/158 625/5/158
f 620/5/4 623/5/4 626/5/4
f 621/5/5 615/5/5 617/5/5
f 618/5/6 620/5/6 622/5/6
f 619/5/4 623/5/4 615/5/4
f 625/5/159 619/5/159 621/5/159
f 617/5/2 625/5/2 621/5/2
f 623/5/160 617/5/160 615/5/160
f 636/5/157 628/5/157 635/5/157
f 637/5/4 630/5/4 636/5/4
f 638/5/158 634/5/158 637/5/158
f 635/5/2 632/5/2 638/5/2
f 627/5/5 633/5/5 629/5/5
f 632/5/6 630/5/6 634/5/6
f 627/5/2 638/5/2 631/5/2
f 631/5/159 637/5/159 633/5/159
f 633/5/4 636/5/4 629/5/4
f 629/5/160 635/5/160 627/5/160
f 1104/5/5 1135/5/5 1128/5/5
f 1105/5/242 1107/5/243 1102/5/243
f 1101/5/5 1109/5/5 1104/5/5
f 1129/5/244 1111/5/242 1105/5/242
f 1110/5/11 1135/5/11 1109/5/11
f 1111/5/11 1133/5/11 1110/5/11
f 1107/5/11 1110/5/11 1108/5/11
f 1108/5/11 1109/5/11 1106/5/11
f 1103/5/4 1106/5/4 1101/5/4
f 1102/5/245 1108/5/245 1103/5/245
f 1148/5/11 1141/5/11 1118/5/11
f 1141/5/246 1119/5/246 1118/5/246
f 1147/5/14 1115/5/14 1120/5/14
f 1115/5/247 1117/5/247 1120/5/247
f 1145/5/5 1112/5/5 1143/5/5
f 1146/5/248 1113/5/248 1115/5/248
f 1141/5/249 1146/5/249 1116/5/249
f 1142/5/5 1143/5/5 1140/5/5
f 1116/5/14 1147/5/14 1119/5/14
f 1113/5/11 1148/5/11 1117/5/11
f 1117/5/11 1143/5/11 1112/5/11
f 1119/5/14 1145/5/14 1142/5/14
f 1120/5/4 1112/5/4 1114/5/4
f 1147/5/14 1114/5/14 1145/5/14
f 1118/5/2 1142/5/2 1140/5/2
f 1148/5/11 1140/5/11 1143/5/11
f 1121/5/4 1123/5/4 1492/5/4
f 1156/5/14 1123/5/14 1124/5/14
f 1150/5/5 1125/5/5 1122/5/5
f 1122/5/250 1124/5/250 1121/5/250
f 1492/5/6 1156/5/6 1151/5/6
f 1135/5/5 1686/5/5 1128/5/5
f 1132/5/251 1130/5/252 1126/5/251
f 1137/5/5 1685/5/5 1686/5/5
f 1139/5/252 1129/5/253 1130/5/252
f 1135/5/11 1138/5/11 1137/5/11
f 1133/5/11 1139/5/11 1138/5/11
f 1138/5/11 1132/5/11 1134/5/11
f 1137/5/11 1134/5/11 1131/5/11
f 1131/5/2 1127/5/2 1685/5/2
f 1134/5/254 1126/5/254 1127/5/254
f 1118/5/246 1116/5/246 1119/5/246
f 1140/5/5 1145/5/5 1143/5/5
f 1146/5/249 1141/5/249 1144/5/249
f 1143/5/5 1114/5/5 1112/5/5
f 1143/5/11 1118/5/11 1140/5/11
f 1145/5/14 1120/5/14 1114/5/14
f 1140/5/2 1119/5/2 1142/5/2
f 1142/5/14 1147/5/14 1145/5/14
f 1114/5/4 1117/5/4 1112/5/4
f 1112/5/11 1148/5/11 1143/5/11
f 1154/5/2 1152/5/2 1149/5/2
f 1157/5/14 1154/5/14 1156/5/14
f 1158/5/5 1150/5/5 1153/5/5
f 1157/5/255 1153/5/255 1152/5/255
f 1156/5/6 1149/5/6 1151/5/6
f 1826/5/46 1827/5/46 1825/5/46
f 1827/5/44 1830/5/44 1829/5/44
f 1830/5/4 1831/5/4 1829/5/4
f 1831/5/43 1834/5/43 1833/5/43
f 1836/5/11 1847/5/11 1848/5/11
f 1834/5/45 1835/5/45 1833/5/45
f 1836/5/2 1825/5/2 1835/5/2
f 1831/5/14 1841/5/14 1840/5/14
f 1829/5/14 1838/5/14 1827/5/14
f 1835/5/14 1841/5/14 1833/5/14
f 1825/5/14 1838/5/14 1837/5/14
f 1831/5/14 1839/5/14 1829/5/14
f 1825/5/14 1842/5/14 1835/5/14
f 1826/5/11 1844/5/11 1828/5/11
f 1830/5/11 1846/5/11 1832/5/11
f 1826/5/11 1848/5/11 1843/5/11
f 1832/5/11 1847/5/11 1834/5/11
f 1830/5/11 1844/5/11 1845/5/11
f 1850/5/11 1858/5/11 1857/5/11
f 1852/5/2 1859/5/2 1858/5/2
f 1856/5/14 1860/5/14 1859/5/14
f 1854/5/4 1857/5/4 1860/5/4
f 1855/5/5 1849/5/5 1851/5/5
f 1852/5/6 1854/5/6 1856/5/6
f 1860/5/4 1849/5/4 1853/5/4
f 1859/5/14 1853/5/14 1855/5/14
f 1851/5/2 1859/5/2 1855/5/2
f 1857/5/501 1851/5/501 1849/5/501
f 1909/5/5 1871/5/5 1907/5/5
f 1909/5/14 1868/5/14 1864/5/14
f 1868/5/14 1866/5/14 1872/5/14
f 1866/5/4 1862/5/4 1892/5/4
f 1864/5/5 1861/5/5 1871/5/5
f 1870/5/502 1889/5/502 1874/5/502
f 1886/5/4 1869/5/4 1861/5/4
f 1868/5/14 1865/5/14 1864/5/14
f 1873/5/503 1875/5/503 1888/5/503
f 1866/5/504 1888/5/504 1862/5/504
f 1871/5/11 1912/5/11 1907/5/11
f 1869/5/11 1871/5/11 1861/5/11
f 1908/5/505 1870/5/505 1910/5/505
f 1910/5/14 1868/5/14 1911/5/14
f 1862/5/506 1863/5/506 1869/5/506
f 1863/5/507 1908/5/507 1912/5/507
f 1867/5/508 1888/5/509 1889/5/510
f 1870/5/14 1873/5/14 1866/5/14
f 1878/5/511 1881/5/511 1882/5/511
f 1874/5/512 1877/5/512 1878/5/512
f 1889/5/513 1875/5/513 1877/5/513
f 1874/5/14 1876/5/14 1873/5/14
f 1882/5/514 1879/5/514 1880/5/514
f 1875/5/515 1881/5/515 1877/5/515
f 1876/5/14 1882/5/14 1880/5/14
f 1876/5/516 1879/5/516 1875/5/516
f 1892/5/23 1940/5/23 1883/5/23
f 1891/5/14 1944/5/14 1938/5/14
f 1890/5/517 1938/5/517 1937/5/517
f 1935/5/6 1886/5/6 1894/5/6
f 1893/5/518 1942/5/518 1884/5/518
f 1890/5/5 1939/5/5 1892/5/5
f 1885/5/519 1944/5/519 1887/5/519
f 1883/5/11 1941/5/11 1893/5/11
f 1905/5/5 1909/5/5 1907/5/5
f 1898/5/14 1911/5/14 1909/5/14
f 1902/5/14 1900/5/14 1904/5/14
f 1930/5/2 1924/5/2 1896/5/2
f 1895/5/5 1898/5/5 1905/5/5
f 1904/5/520 1929/5/520 1901/5/520
f 1933/5/521 1926/5/522 1906/5/2
f 1898/5/14 1906/5/14 1902/5/14
f 1916/5/523 1914/5/523 1913/5/523
f 1913/5/524 1900/5/524 1896/5/524
f 1905/5/11 1912/5/11 1897/5/11
f 1905/5/11 1903/5/11 1895/5/11
f 1904/5/525 1908/5/525 1910/5/525
f 1902/5/14 1910/5/14 1911/5/14
f 1897/5/506 1896/5/506 1903/5/506
f 1897/5/526 1908/5/526 1901/5/526
f 1901/5/527 1913/5/528 1896/5/529
f 1914/5/14 1904/5/14 1900/5/14
f 1919/5/530 1922/5/530 1918/5/530
f 1915/5/531 1918/5/531 1929/5/531
f 1929/5/532 1916/5/532 1913/5/532
f 1917/5/14 1915/5/14 1914/5/14
f 1923/5/533 1920/5/533 1922/5/533
f 1922/5/534 1916/5/534 1918/5/534
f 1917/5/14 1923/5/14 1919/5/14
f 1920/5/535 1917/5/535 1916/5/535
f 1940/5/23 1931/5/23 1932/5/23
f 1938/5/14 1934/5/14 1924/5/14
f 1937/5/517 1924/5/517 1930/5/517
f 1928/5/6 1935/5/6 1933/5/6
f 1942/5/518 1925/5/518 1926/5/518
f 1939/5/5 1930/5/5 1931/5/5
f 1934/5/519 1943/5/519 1927/5/519
f 1925/5/11 1940/5/11 1932/5/11
f 2407/5/661 2299/5/661 2303/5/661
f 2303/5/2 2301/5/2 2304/5/2
f 2300/5/2 2302/5/2 2305/5/2
f 2302/5/2 2304/5/2 2305/5/2
f 2409/5/662 2406/5/663 2302/5/663
f 2406/5/14 2303/5/14 2302/5/14
f 2311/5/664 2420/5/664 2307/5/664
f 2312/5/2 2307/5/2 2309/5/2
f 2306/5/2 2313/5/2 2308/5/2
f 2310/5/2 2312/5/2 2313/5/2
f 2417/5/662 2418/5/662 2310/5/662
f 2418/5/14 2311/5/14 2310/5/14
f 2393/5/14 2314/5/14 2315/5/14
f 2319/5/2 2314/5/2 2318/5/2
f 2372/5/665 2316/5/665 2317/5/665
f 2316/5/5 2368/5/5 2367/5/5
f 2323/5/666 2365/5/666 2321/5/666
f 2320/5/2 2318/5/2 2314/5/2
f 2321/5/667 2365/5/667 2396/5/668
f 2320/5/2 2323/5/2 2321/5/2
f 2330/5/14 2337/5/14 2336/5/14
f 2345/5/4 2335/5/4 2346/5/4
f 2327/5/6 2345/5/6 2347/5/6
f 2388/5/669 2334/5/669 2332/5/669
f 2335/5/4 2332/5/4 2338/5/4
f 2387/5/670 2388/5/670 2332/5/670
f 2331/5/5 2389/5/5 2386/5/5
f 2334/5/11 2392/5/11 2339/5/11
f 2338/5/4 2334/5/4 2339/5/4
f 2338/5/4 2333/5/4 2331/5/4
f 2339/5/11 2390/5/11 2333/5/11
f 2324/5/4 2338/5/4 2331/5/4
f 2348/5/4 2335/5/4 2324/5/4
f 2399/5/2 2407/5/2 2406/5/2
f 2421/5/2 2368/5/2 2372/5/2
f 2328/5/4 2343/5/4 2341/5/4
f 2340/5/6 2329/5/6 2330/5/6
f 2341/5/671 2351/5/671 2370/5/671
f 2329/5/4 2343/5/4 2337/5/4
f 2344/5/5 2324/5/5 2326/5/5
f 2410/5/2 2344/5/2 2326/5/2
f 2350/5/4 2346/5/4 2348/5/4
f 2355/5/4 2346/5/4 2357/5/4
f 2342/5/4 2356/5/4 2343/5/4
f 2354/5/4 2357/5/4 2356/5/4
f 2349/5/6 2342/5/6 2340/5/6
f 2377/5/6 2355/5/6 2354/5/6
f 2341/5/4 2356/5/4 2351/5/4
f 2351/5/4 2357/5/4 2350/5/4
f 2353/5/672 2348/5/672 2344/5/672
f 2378/5/5 2376/5/5 2351/5/5
f 2383/5/2 2353/5/2 2411/5/2
f 2353/5/2 2383/5/2 2382/5/2
f 2336/5/673 2337/5/673 2359/5/673
f 2389/5/2 2392/5/2 2388/5/2
f 2318/5/5 2398/5/5 2359/5/5
f 2319/5/2 2360/5/2 2363/5/2
f 2374/5/2 2419/5/2 2418/5/2
f 2323/5/5 2366/5/5 2361/5/5
f 2317/5/14 2373/5/14 2372/5/14
f 2358/5/2 2318/5/2 2359/5/2
f 2362/5/5 2328/5/5 2341/5/5
f 2345/5/6 2355/5/6 2381/5/6
f 2389/5/674 2333/5/674 2390/5/674
f 2316/5/2 2362/5/2 2371/5/2
f 2322/5/675 2364/5/675 2366/5/675
f 2398/5/2 2396/5/2 2336/5/2
f 2422/5/2 2429/5/2 2393/5/2
f 2314/5/676 2394/5/677 2395/5/676
f 2360/5/2 2319/5/2 2358/5/2
f 2383/5/678 2384/5/678 2380/5/678
f 2370/5/2 2317/5/2 2369/5/2
f 2387/5/679 2399/5/679 2401/5/680
f 2416/5/2 2421/5/2 2352/5/2
f 2377/5/681 2375/5/681 2374/5/681
f 2379/5/2 2377/5/2 2378/5/2
f 2413/5/2 2405/5/2 2385/5/2
f 2305/5/682 2415/5/682 2414/5/683
f 2412/5/6 2410/5/6 2298/5/6
f 2309/5/684 2424/5/684 2427/5/684
f 2423/5/6 2421/5/6 2308/5/6
f 2424/5/2 2349/5/2 2340/5/2
f 2304/5/684 2405/5/684 2413/5/684
f 2402/5/2 2347/5/2 2404/5/2
f 2307/5/5 2420/5/5 2425/5/5
f 2402/5/5 2404/5/5 2299/5/5
f 2313/5/11 2426/5/11 2428/5/11
f 2305/5/11 2413/5/11 2415/5/11
f 2330/5/2 2365/5/2 2361/5/2
f 2313/5/683 2428/5/683 2429/5/683
f 2326/5/2 2400/5/2 2408/5/2
f 2407/5/661 2403/5/685 2299/5/661
f 2303/5/2 2299/5/2 2301/5/2
f 2300/5/2 2298/5/2 2302/5/2
f 2302/5/2 2303/5/2 2304/5/2
f 2302/5/663 2298/5/662 2409/5/662
f 2298/5/662 2408/5/662 2409/5/662
f 2406/5/14 2407/5/14 2303/5/14
f 2311/5/664 2419/5/661 2420/5/664
f 2312/5/2 2311/5/2 2307/5/2
f 2306/5/2 2310/5/2 2313/5/2
f 2310/5/2 2311/5/2 2312/5/2
f 2310/5/662 2306/5/662 2417/5/662
f 2306/5/662 2416/5/663 2417/5/662
f 2418/5/14 2419/5/14 2311/5/14
f 2393/5/14 2394/5/14 2314/5/14
f 2319/5/2 2315/5/2 2314/5/2
f 2372/5/665 2368/5/665 2316/5/665
f 2393/5/5 2315/5/5 2367/5/5
f 2315/5/5 2316/5/5 2367/5/5
f 2323/5/666 2361/5/666 2365/5/666
f 2320/5/2 2321/5/2 2318/5/2
f 2397/5/668 2318/5/667 2396/5/668
f 2318/5/667 2321/5/667 2396/5/668
f 2320/5/2 2322/5/2 2323/5/2
f 2330/5/14 2329/5/14 2337/5/14
f 2345/5/4 2325/5/4 2335/5/4
f 2327/5/6 2325/5/6 2345/5/6
f 2388/5/669 2391/5/669 2334/5/669
f 2335/5/4 2325/5/4 2332/5/4
f 2332/5/670 2325/5/670 2387/5/670
f 2325/5/670 2327/5/670 2387/5/670
f 2327/5/670 2399/5/670 2387/5/670
f 2400/5/5 2326/5/5 2386/5/5
f 2326/5/5 2324/5/5 2386/5/5
f 2324/5/5 2331/5/5 2386/5/5
f 2334/5/11 2391/5/11 2392/5/11
f 2338/5/4 2332/5/4 2334/5/4
f 2338/5/4 2339/5/4 2333/5/4
f 2339/5/11 2392/5/11 2390/5/11
f 2324/5/4 2335/5/4 2338/5/4
f 2348/5/4 2346/5/4 2335/5/4
f 2327/5/2 2402/5/2 2403/5/2
f 2327/5/2 2403/5/2 2399/5/2
f 2403/5/2 2407/5/2 2399/5/2
f 2401/5/2 2399/5/2 2406/5/2
f 2406/5/2 2409/5/2 2401/5/2
f 2373/5/2 2352/5/2 2372/5/2
f 2352/5/2 2421/5/2 2372/5/2
f 2421/5/2 2423/5/2 2368/5/2
f 2423/5/2 2367/5/2 2368/5/2
f 2328/5/4 2337/5/4 2343/5/4
f 2340/5/6 2342/5/6 2329/5/6
f 2351/5/671 2352/5/671 2370/5/671
f 2352/5/671 2373/5/671 2370/5/671
f 2370/5/671 2369/5/671 2341/5/671
f 2369/5/671 2371/5/671 2341/5/671
f 2329/5/4 2342/5/4 2343/5/4
f 2344/5/5 2348/5/5 2324/5/5
f 2410/5/2 2412/5/2 2344/5/2
f 2350/5/4 2357/5/4 2346/5/4
f 2355/5/4 2345/5/4 2346/5/4
f 2342/5/4 2354/5/4 2356/5/4
f 2354/5/4 2355/5/4 2357/5/4
f 2349/5/6 2354/5/6 2342/5/6
f 2354/5/6 2349/5/6 2375/5/6
f 2377/5/6 2379/5/6 2355/5/6
f 2354/5/6 2375/5/6 2377/5/6
f 2341/5/4 2343/5/4 2356/5/4
f 2351/5/4 2356/5/4 2357/5/4
f 2353/5/672 2350/5/672 2348/5/672
f 2350/5/5 2353/5/5 2382/5/5
f 2350/5/5 2382/5/5 2380/5/5
f 2376/5/5 2352/5/5 2351/5/5
f 2350/5/5 2380/5/5 2351/5/5
f 2380/5/5 2378/5/5 2351/5/5
f 2353/5/2 2344/5/2 2412/5/2
f 2411/5/2 2414/5/2 2383/5/2
f 2414/5/2 2384/5/2 2383/5/2
f 2353/5/2 2412/5/2 2411/5/2
f 2328/5/673 2363/5/673 2360/5/673
f 2360/5/673 2358/5/673 2328/5/673
f 2358/5/673 2359/5/673 2337/5/673
f 2337/5/673 2328/5/673 2358/5/673
f 2398/5/673 2336/5/673 2359/5/673
f 2388/5/2 2387/5/2 2386/5/2
f 2386/5/2 2389/5/2 2388/5/2
f 2389/5/2 2390/5/2 2392/5/2
f 2392/5/2 2391/5/2 2388/5/2
f 2318/5/5 2397/5/5 2398/5/5
f 2363/5/2 2362/5/2 2315/5/2
f 2315/5/2 2319/5/2 2363/5/2
f 2374/5/2 2375/5/2 2419/5/2
f 2375/5/2 2349/5/2 2420/5/2
f 2419/5/2 2375/5/2 2420/5/2
f 2349/5/2 2425/5/2 2420/5/2
f 2418/5/2 2417/5/2 2374/5/2
f 2323/5/5 2322/5/5 2366/5/5
f 2317/5/14 2370/5/14 2373/5/14
f 2358/5/2 2319/5/2 2318/5/2
f 2341/5/5 2371/5/5 2362/5/5
f 2362/5/5 2363/5/5 2328/5/5
f 2355/5/6 2379/5/6 2381/5/6
f 2381/5/6 2385/5/6 2345/5/6
f 2385/5/6 2347/5/6 2345/5/6
f 2389/5/674 2331/5/674 2333/5/674
f 2371/5/2 2369/5/2 2317/5/2
f 2316/5/2 2315/5/2 2362/5/2
f 2371/5/2 2317/5/2 2316/5/2
f 2322/5/675 2320/5/675 2364/5/675
f 2398/5/2 2397/5/2 2396/5/2
f 2429/5/2 2395/5/2 2394/5/2
f 2394/5/2 2393/5/2 2429/5/2
f 2393/5/2 2367/5/2 2422/5/2
f 2367/5/2 2423/5/2 2422/5/2
f 2395/5/676 2364/5/676 2320/5/676
f 2320/5/676 2314/5/676 2395/5/676
f 2385/5/678 2381/5/678 2384/5/678
f 2381/5/678 2380/5/678 2384/5/678
f 2380/5/678 2382/5/678 2383/5/678
f 2400/5/680 2386/5/680 2401/5/680
f 2386/5/680 2387/5/679 2401/5/680
f 2352/5/2 2376/5/2 2416/5/2
f 2376/5/2 2374/5/2 2416/5/2
f 2374/5/2 2417/5/2 2416/5/2
f 2376/5/681 2378/5/681 2374/5/681
f 2378/5/681 2377/5/681 2374/5/681
f 2378/5/2 2380/5/2 2379/5/2
f 2380/5/2 2381/5/2 2379/5/2
f 2384/5/2 2414/5/2 2415/5/2
f 2384/5/2 2415/5/2 2413/5/2
f 2404/5/2 2347/5/2 2405/5/2
f 2347/5/2 2385/5/2 2405/5/2
f 2385/5/2 2384/5/2 2413/5/2
f 2414/5/683 2411/5/683 2300/5/683
f 2300/5/683 2305/5/682 2414/5/683
f 2410/5/6 2408/5/6 2298/5/6
f 2298/5/6 2300/5/6 2412/5/6
f 2300/5/6 2411/5/6 2412/5/6
f 2427/5/684 2426/5/686 2312/5/687
f 2312/5/687 2309/5/684 2427/5/684
f 2421/5/6 2416/5/6 2306/5/6
f 2306/5/6 2308/5/6 2421/5/6
f 2308/5/6 2422/5/6 2423/5/6
f 2340/5/2 2427/5/2 2424/5/2
f 2424/5/2 2425/5/2 2349/5/2
f 2304/5/684 2301/5/687 2405/5/684
f 2402/5/2 2327/5/2 2347/5/2
f 2425/5/5 2424/5/5 2309/5/5
f 2309/5/5 2307/5/5 2425/5/5
f 2404/5/5 2405/5/5 2301/5/5
f 2301/5/5 2299/5/5 2404/5/5
f 2299/5/5 2403/5/5 2402/5/5
f 2313/5/11 2312/5/11 2426/5/11
f 2305/5/11 2304/5/11 2413/5/11
f 2395/5/2 2429/5/2 2428/5/2
f 2426/5/2 2427/5/2 2340/5/2
f 2395/5/2 2428/5/2 2364/5/2
f 2428/5/2 2426/5/2 2364/5/2
f 2426/5/2 2340/5/2 2364/5/2
f 2340/5/2 2330/5/2 2361/5/2
f 2366/5/2 2340/5/2 2361/5/2
f 2330/5/2 2336/5/2 2365/5/2
f 2336/5/2 2396/5/2 2365/5/2
f 2366/5/2 2364/5/2 2340/5/2
f 2429/5/683 2422/5/688 2308/5/683
f 2308/5/683 2313/5/683 2429/5/683
f 2401/5/2 2409/5/2 2400/5/2
f 2409/5/2 2408/5/2 2400/5/2
f 2408/5/2 2410/5/2 2326/5/2
f 2432/5/689 2451/5/690 2433/5/691
f 2432/5/2 2435/5/2 2445/5/2
f 2458/5/692 2437/5/692 2439/5/692
f 2434/5/4 2430/5/4 2447/5/4
f 2445/5/693 2430/5/694 2432/5/694
f 2433/5/692 2434/5/692 2435/5/692
f 2439/5/695 2461/5/695 2460/5/695
f 2458/5/2 2460/5/2 2469/5/2
f 2468/5/4 2436/5/4 2461/5/4
f 2459/5/696 2436/5/696 2457/5/696
f 2445/5/693 2443/5/697 2447/5/693
f 2465/5/4 2443/5/4 2462/5/4
f 2444/5/2 2463/5/2 2464/5/2
f 2444/5/698 2440/5/698 2441/5/698
f 2435/5/699 2446/5/699 2444/5/699
f 2435/5/2 2464/5/2 2445/5/2
f 2434/5/4 2465/5/4 2446/5/4
f 2449/5/700 2450/5/700 2448/5/700
f 2430/5/701 2449/5/702 2448/5/703
f 2433/5/704 2449/5/704 2431/5/704
f 2432/5/705 2448/5/705 2450/5/705
f 2442/5/696 2453/5/696 2443/5/697
f 2462/5/4 2453/5/4 2466/5/4
f 2441/5/2 2467/5/2 2463/5/2
f 2440/5/692 2454/5/692 2441/5/692
f 2455/5/696 2457/5/696 2453/5/696
f 2468/5/706 2471/5/706 2457/5/706
f 2454/5/2 2469/5/2 2467/5/2
f 2452/5/692 2458/5/692 2454/5/692
f 2467/5/2 2459/5/2 2455/5/2
f 2452/5/4 2468/5/4 2456/5/4
f 2463/5/2 2455/5/2 2442/5/2
f 2440/5/4 2466/5/4 2452/5/4
f 2464/5/2 2442/5/2 2445/5/2
f 2446/5/4 2462/5/4 2440/5/4
f 2456/5/4 2461/5/4 2437/5/4
f 2469/5/2 2438/5/2 2459/5/2
f 2460/5/695 2436/5/695 2438/5/695
f 2471/5/696 2474/5/696 2470/5/696
f 2453/5/707 2472/5/707 2466/5/707
f 2457/5/696 2470/5/696 2453/5/696
f 2466/5/708 2473/5/708 2468/5/708
f 2476/5/4 2475/5/4 2477/5/4
f 2473/5/708 2476/5/708 2477/5/708
f 2472/5/709 2474/5/710 2476/5/711
f 2471/5/712 2477/5/713 2475/5/714
f 2481/5/715 2485/5/715 2479/5/715
f 2480/5/2 2481/5/2 2483/5/2
f 2490/5/716 2489/5/716 2491/5/716
f 2478/5/4 2482/5/4 2479/5/4
f 2481/5/692 2482/5/692 2483/5/692
f 2485/5/717 2486/5/717 2484/5/717
f 2478/5/718 2486/5/719 2480/5/718
f 2480/5/2 2487/5/2 2481/5/2
f 2478/5/4 2485/5/4 2484/5/4
f 2489/5/720 2493/5/720 2492/5/720
f 2492/5/2 2491/5/2 2489/5/2
f 2490/5/4 2493/5/4 2488/5/4
f 2495/5/4 2493/5/4 2490/5/4
f 2492/5/2 2494/5/2 2491/5/2
f 2495/5/721 2491/5/721 2494/5/721
f 2482/5/722 2494/5/722 2483/5/722
f 2483/5/2 2492/5/2 2480/5/2
f 2482/5/4 2493/5/4 2495/5/4
f 2480/5/723 2493/5/723 2478/5/723
f 2432/5/689 2450/5/724 2451/5/690
f 2432/5/2 2433/5/2 2435/5/2
f 2458/5/692 2456/5/692 2437/5/692
f 2434/5/4 2431/5/4 2430/5/4
f 2445/5/693 2447/5/693 2430/5/694
f 2433/5/692 2431/5/692 2434/5/692
f 2439/5/695 2437/5/695 2461/5/695
f 2458/5/2 2439/5/2 2460/5/2
f 2468/5/4 2457/5/4 2436/5/4
f 2459/5/696 2438/5/696 2436/5/696
f 2445/5/693 2442/5/696 2443/5/697
f 2465/5/4 2447/5/4 2443/5/4
f 2444/5/2 2441/5/2 2463/5/2
f 2444/5/698 2446/5/698 2440/5/698
f 2435/5/699 2434/5/699 2446/5/699
f 2435/5/2 2444/5/2 2464/5/2
f 2434/5/4 2447/5/4 2465/5/4
f 2449/5/700 2451/5/700 2450/5/700
f 2430/5/701 2431/5/725 2449/5/702
f 2433/5/704 2451/5/704 2449/5/704
f 2432/5/705 2430/5/705 2448/5/705
f 2442/5/696 2455/5/696 2453/5/696
f 2462/5/4 2443/5/4 2453/5/4
f 2441/5/2 2454/5/2 2467/5/2
f 2440/5/692 2452/5/692 2454/5/692
f 2455/5/696 2459/5/696 2457/5/696
f 2468/5/706 2473/5/706 2471/5/706
f 2454/5/2 2458/5/2 2469/5/2
f 2452/5/692 2456/5/692 2458/5/692
f 2467/5/2 2469/5/2 2459/5/2
f 2452/5/4 2466/5/4 2468/5/4
f 2463/5/2 2467/5/2 2455/5/2
f 2440/5/4 2462/5/4 2466/5/4
f 2464/5/2 2463/5/2 2442/5/2
f 2446/5/4 2465/5/4 2462/5/4
f 2456/5/4 2468/5/4 2461/5/4
f 2469/5/2 2460/5/2 2438/5/2
f 2460/5/695 2461/5/695 2436/5/695
f 2471/5/696 2475/5/696 2474/5/696
f 2453/5/707 2470/5/707 2472/5/707
f 2457/5/696 2471/5/696 2470/5/696
f 2466/5/708 2472/5/708 2473/5/708
f 2476/5/4 2474/5/4 2475/5/4
f 2473/5/708 2472/5/708 2476/5/708
f 2472/5/709 2470/5/726 2474/5/710
f 2471/5/712 2473/5/712 2477/5/713
f 2481/5/715 2487/5/715 2485/5/715
f 2490/5/716 2488/5/716 2489/5/716
f 2481/5/692 2479/5/692 2482/5/692
f 2485/5/717 2487/5/717 2486/5/717
f 2478/5/718 2484/5/719 2486/5/719
f 2480/5/2 2486/5/2 2487/5/2
f 2478/5/4 2479/5/4 2485/5/4
f 2489/5/720 2488/5/720 2493/5/720
f 2495/5/721 2490/5/721 2491/5/721
f 2482/5/722 2495/5/722 2494/5/722
f 2483/5/2 2494/5/2 2492/5/2
f 2482/5/4 2478/5/4 2493/5/4
f 2480/5/723 2492/5/723 2493/5/723
f 4/5/1 12/5/1 10/5/1
f 4/5/2 8/5/2 7/5/2
f 6/5/3 29/5/3 30/5/3
f 6/5/4 2/5/4 1/5/4
f 7/5/5 5/5/5 1/5/5
f 4/5/6 2/5/6 6/5/6
f 11/5/2 15/5/2 16/5/2
f 1/5/7 9/5/7 11/5/7
f 3/5/2 11/5/2 12/5/2
f 1/5/4 2/5/4 10/5/4
f 16/5/8 20/5/8 18/5/8
f 9/5/4 10/5/4 14/5/4
f 12/5/9 16/5/9 14/5/9
f 9/5/10 13/5/10 15/5/10
f 18/5/11 20/5/11 19/5/11
f 13/5/12 17/5/12 19/5/12
f 15/5/2 19/5/2 20/5/2
f 13/5/4 14/5/4 18/5/4
f 21/5/4 25/5/4 26/5/4
f 7/5/2 8/5/2 24/5/2
f 5/5/4 21/5/4 22/5/4
f 7/5/13 23/5/13 21/5/13
f 28/5/14 26/5/14 25/5/14
f 23/5/15 27/5/15 25/5/15
f 22/5/16 26/5/16 28/5/16
f 23/5/2 24/5/2 28/5/2
f 29/5/17 31/5/17 32/5/17
f 8/5/2 30/5/2 32/5/2
f 6/5/4 22/5/4 31/5/4
f 24/5/18 32/5/18 31/5/18
f 105/5/14 35/5/14 44/5/14
f 119/5/5 123/5/5 115/5/5
f 104/5/5 34/5/5 38/5/5
f 103/5/6 33/5/6 49/5/6
f 106/5/6 37/5/6 39/5/6
f 107/5/5 36/5/5 42/5/5
f 39/5/4 37/5/4 45/5/4
f 35/5/4 39/5/4 46/5/4
f 108/5/19 39/5/19 35/5/19
f 109/5/5 38/5/5 36/5/5
f 110/5/5 41/5/5 50/5/5
f 111/5/20 40/5/20 43/5/20
f 48/5/4 43/5/4 40/5/4
f 45/5/4 37/5/4 43/5/4
f 112/5/21 43/5/21 37/5/21
f 113/5/5 42/5/5 41/5/5
f 36/5/4 45/5/4 48/5/4
f 42/5/4 48/5/4 47/5/4
f 44/5/4 46/5/4 38/5/4
f 46/5/4 45/5/4 36/5/4
f 114/5/14 44/5/14 34/5/14
f 47/5/4 51/5/22 50/5/4
f 117/5/6 49/5/6 40/5/6
f 40/5/4 49/5/4 51/5/22
f 122/5/11 103/5/11 84/5/11
f 115/5/11 116/5/11 50/5/11
f 119/5/727 51/5/22 118/5/4
f 51/5/22 49/5/4 118/5/4
f 61/5/1 63/5/1 55/5/1
f 58/5/4 59/5/4 55/5/4
f 81/5/3 80/5/3 57/5/3
f 52/5/2 53/5/2 57/5/2
f 52/5/5 56/5/5 58/5/5
f 57/5/6 53/5/6 55/5/6
f 67/5/4 66/5/4 62/5/4
f 62/5/7 60/5/7 52/5/7
f 63/5/4 62/5/4 54/5/4
f 52/5/2 60/5/2 61/5/2
f 69/5/8 71/5/8 67/5/8
f 60/5/2 64/5/2 65/5/2
f 65/5/9 67/5/9 63/5/9
f 66/5/10 64/5/10 60/5/10
f 70/5/11 71/5/11 69/5/11
f 70/5/12 68/5/12 64/5/12
f 71/5/4 70/5/4 66/5/4
f 64/5/2 68/5/2 69/5/2
f 77/5/2 76/5/2 72/5/2
f 58/5/4 74/5/4 75/5/4
f 73/5/2 72/5/2 56/5/2
f 72/5/13 74/5/13 58/5/13
f 76/5/14 77/5/14 79/5/14
f 76/5/15 78/5/15 74/5/15
f 79/5/16 77/5/16 73/5/16
f 74/5/4 78/5/4 79/5/4
f 81/5/17 83/5/17 82/5/17
f 83/5/4 81/5/4 59/5/4
f 57/5/2 80/5/2 82/5/2
f 82/5/18 83/5/18 75/5/18
f 95/5/14 86/5/14 105/5/14
f 115/5/5 123/5/5 120/5/5
f 89/5/5 85/5/5 104/5/5
f 100/5/6 84/5/6 103/5/6
f 90/5/6 88/5/6 106/5/6
f 93/5/5 87/5/5 107/5/5
f 96/5/2 88/5/2 90/5/2
f 97/5/2 90/5/2 86/5/2
f 86/5/19 90/5/19 108/5/19
f 87/5/5 89/5/5 109/5/5
f 101/5/5 92/5/5 110/5/5
f 94/5/20 91/5/20 111/5/20
f 99/5/2 98/5/2 91/5/2
f 96/5/2 99/5/2 94/5/2
f 88/5/21 94/5/21 112/5/21
f 92/5/5 93/5/5 113/5/5
f 87/5/2 93/5/2 99/5/2
f 93/5/2 92/5/2 98/5/2
f 89/5/2 97/5/2 95/5/2
f 87/5/2 96/5/2 97/5/2
f 85/5/14 95/5/14 114/5/14
f 101/5/2 102/5/2 98/5/2
f 91/5/6 100/5/6 117/5/6
f 102/5/2 100/5/2 91/5/2
f 101/5/11 116/5/11 115/5/11
f 100/5/2 102/5/2 121/5/2
f 102/5/2 120/5/2 121/5/2
f 122/5/23 123/5/23 119/5/23
f 123/5/23 122/5/23 121/5/23
f 33/5/11 103/5/11 122/5/11
f 129/5/14 131/5/14 127/5/14
f 125/5/24 124/5/24 126/5/24
f 158/5/25 124/5/25 125/5/25
f 124/5/11 158/5/11 163/5/11
f 126/5/11 124/5/11 128/5/11
f 130/5/26 131/5/26 129/5/26
f 125/5/14 127/5/14 164/5/14
f 137/5/11 138/5/11 142/5/11
f 141/5/27 138/5/27 137/5/27
f 141/5/14 143/5/14 139/5/14
f 135/5/24 132/5/24 138/5/24
f 171/5/25 132/5/25 135/5/25
f 132/5/11 171/5/11 177/5/11
f 136/5/14 134/5/14 143/5/14
f 138/5/11 132/5/11 140/5/11
f 137/5/28 133/5/28 134/5/28
f 135/5/14 139/5/14 178/5/14
f 149/5/11 150/5/11 154/5/11
f 153/5/27 150/5/27 149/5/27
f 153/5/14 155/5/14 151/5/14
f 147/5/24 144/5/24 150/5/24
f 187/5/25 144/5/25 147/5/25
f 144/5/11 187/5/11 193/5/11
f 148/5/14 146/5/14 155/5/14
f 150/5/11 144/5/11 152/5/11
f 149/5/28 145/5/28 146/5/28
f 147/5/14 151/5/14 194/5/14
f 160/5/14 199/5/14 162/5/14
f 197/5/29 156/5/29 157/5/29
f 157/5/30 156/5/30 158/5/30
f 156/5/11 161/5/11 163/5/11
f 197/5/11 198/5/11 161/5/11
f 164/5/14 160/5/14 157/5/14
f 170/5/11 166/5/11 179/5/11
f 170/5/31 173/5/31 176/5/31
f 174/5/14 180/5/14 176/5/14
f 173/5/32 165/5/32 168/5/32
f 168/5/30 165/5/30 171/5/30
f 165/5/11 175/5/11 177/5/11
f 180/5/14 167/5/14 169/5/14
f 173/5/11 179/5/11 175/5/11
f 169/5/33 167/5/33 166/5/33
f 178/5/14 174/5/14 168/5/14
f 186/5/11 182/5/11 195/5/11
f 186/5/31 189/5/31 192/5/31
f 190/5/14 196/5/14 192/5/14
f 189/5/32 181/5/32 184/5/32
f 184/5/30 181/5/30 187/5/30
f 181/5/11 191/5/11 193/5/11
f 196/5/14 183/5/14 185/5/14
f 189/5/11 195/5/11 191/5/11
f 185/5/33 183/5/33 182/5/33
f 194/5/14 190/5/14 184/5/14
f 198/5/34 202/5/34 203/5/34
f 201/5/35 203/5/35 202/5/35
f 162/5/36 201/5/36 200/5/36
f 198/5/11 197/5/11 200/5/11
f 199/5/14 203/5/14 201/5/14
f 228/5/14 234/5/14 235/5/14
f 230/5/2 235/5/2 241/5/2
f 1948/5/14 1946/5/14 230/5/14
f 1952/5/14 1950/5/14 232/5/14
f 229/5/14 235/5/14 230/5/14
f 228/5/14 1952/5/14 233/5/14
f 1948/5/14 231/5/14 232/5/14
f 241/5/11 240/5/11 1956/5/11
f 233/5/43 239/5/43 240/5/43
f 232/5/44 231/5/44 237/5/44
f 235/5/45 234/5/45 240/5/45
f 232/5/4 238/5/4 239/5/4
f 230/5/46 236/5/46 237/5/46
f 238/5/11 244/5/11 1955/5/11
f 236/5/11 242/5/11 243/5/11
f 241/5/11 245/5/11 242/5/11
f 239/5/11 1955/5/11 1956/5/11
f 238/5/11 237/5/11 243/5/11
f 255/5/11 247/5/11 249/5/11
f 249/5/2 253/5/2 258/5/2
f 253/5/14 251/5/14 260/5/14
f 251/5/4 247/5/4 255/5/4
f 252/5/5 250/5/5 246/5/5
f 249/5/6 247/5/6 251/5/6
f 261/5/4 254/5/4 246/5/4
f 257/5/11 254/5/11 262/5/14
f 259/5/14 261/5/14 250/5/14
f 255/5/5 263/5/5 268/5/5
f 257/5/2 259/5/2 252/5/2
f 258/5/6 260/5/6 268/5/6
f 254/5/11 257/5/11 248/5/11
f 258/5/5 266/5/5 264/5/5
f 268/5/4 263/5/4 262/5/4
f 266/5/14 268/5/14 269/5/14
f 264/5/2 266/5/2 267/5/2
f 263/5/11 264/5/11 265/5/11
f 257/5/6 265/5/47 267/5/6
f 259/5/4 267/5/6 269/5/14
f 261/5/6 269/5/6 262/5/6
f 256/5/6 264/5/6 263/5/6
f 271/5/46 273/5/46 272/5/46
f 273/5/44 275/5/44 274/5/44
f 275/5/4 277/5/4 276/5/4
f 276/5/43 277/5/43 279/5/43
f 281/5/11 279/5/11 292/5/11
f 279/5/45 281/5/45 280/5/45
f 280/5/2 281/5/2 271/5/2
f 276/5/14 278/5/14 286/5/14
f 274/5/14 284/5/14 283/5/14
f 280/5/14 287/5/14 286/5/14
f 270/5/14 272/5/14 283/5/14
f 274/5/14 276/5/14 285/5/14
f 280/5/14 270/5/14 282/5/14
f 271/5/11 288/5/11 289/5/11
f 277/5/11 275/5/11 290/5/11
f 271/5/11 281/5/11 293/5/11
f 277/5/11 291/5/11 292/5/11
f 275/5/11 273/5/11 289/5/11
f 1971/5/11 298/5/11 297/5/11
f 297/5/44 303/5/44 302/5/44
f 1970/5/11 296/5/11 295/5/11
f 1969/5/11 295/5/11 300/5/11
f 1972/5/11 299/5/11 298/5/11
f 1970/5/11 294/5/11 297/5/11
f 1972/5/11 1973/5/11 300/5/11
f 299/5/45 300/5/45 306/5/45
f 298/5/4 304/5/4 303/5/4
f 295/5/46 296/5/46 302/5/46
f 300/5/2 295/5/2 301/5/2
f 299/5/43 305/5/43 304/5/43
f 303/5/50 304/5/50 306/5/50
f 307/5/46 308/5/46 310/5/46
f 309/5/44 310/5/44 312/5/44
f 312/5/4 314/5/4 313/5/4
f 314/5/43 316/5/43 315/5/43
f 318/5/11 316/5/11 329/5/11
f 316/5/45 318/5/45 317/5/45
f 317/5/2 318/5/2 308/5/2
f 313/5/14 315/5/14 323/5/14
f 311/5/14 321/5/14 320/5/14
f 317/5/14 324/5/14 323/5/14
f 307/5/14 309/5/14 320/5/14
f 313/5/14 322/5/14 321/5/14
f 307/5/14 319/5/14 324/5/14
f 308/5/11 325/5/11 326/5/11
f 312/5/11 327/5/11 328/5/11
f 318/5/11 330/5/11 325/5/11
f 314/5/11 328/5/11 329/5/11
f 312/5/11 310/5/11 326/5/11
f 332/5/51 334/5/51 338/5/51
f 338/5/2 334/5/2 336/5/2
f 336/5/52 335/5/52 340/5/52
f 335/5/4 332/5/4 337/5/4
f 352/5/2 333/5/2 344/5/2
f 333/5/2 342/5/2 344/5/2
f 334/5/53 332/5/53 335/5/53
f 340/5/4 337/5/4 348/5/4
f 339/5/54 340/5/54 345/5/54
f 341/5/2 338/5/2 339/5/2
f 348/5/55 337/5/55 338/5/55
f 347/5/56 342/5/56 333/5/56
f 348/5/57 341/5/57 342/5/57
f 342/5/2 341/5/2 343/5/2
f 331/5/4 349/5/4 346/5/4
f 349/5/4 350/5/4 346/5/4
f 344/5/58 343/5/59 345/5/59
f 352/5/5 349/5/5 331/5/5
f 345/5/4 348/5/4 347/5/4
f 352/5/60 351/5/60 350/5/60
f 344/5/58 346/5/58 350/5/61
f 522/5/122 523/5/122 517/5/122
f 517/5/2 521/5/2 520/5/2
f 524/5/123 525/5/123 519/5/123
f 519/5/4 515/5/4 514/5/4
f 524/5/124 518/5/124 514/5/124
f 523/5/125 515/5/125 519/5/125
f 517/5/126 523/5/126 525/5/126
f 520/5/127 524/5/127 522/5/127
f 521/5/128 525/5/128 524/5/128
f 515/5/129 523/5/129 522/5/129
f 534/5/122 535/5/122 529/5/122
f 529/5/2 533/5/2 532/5/2
f 536/5/123 537/5/123 531/5/123
f 531/5/4 527/5/4 526/5/4
f 536/5/124 530/5/124 526/5/124
f 535/5/125 527/5/125 531/5/125
f 529/5/126 535/5/126 537/5/126
f 532/5/127 536/5/127 534/5/127
f 533/5/128 537/5/128 536/5/128
f 527/5/129 535/5/129 534/5/129
f 546/5/122 547/5/122 541/5/122
f 541/5/2 545/5/2 544/5/2
f 548/5/123 549/5/123 543/5/123
f 543/5/4 539/5/4 538/5/4
f 548/5/124 542/5/124 538/5/124
f 547/5/125 539/5/125 543/5/125
f 541/5/126 547/5/126 549/5/126
f 544/5/127 548/5/127 546/5/127
f 545/5/128 549/5/128 548/5/128
f 539/5/129 547/5/129 546/5/129
f 558/5/122 559/5/122 553/5/122
f 553/5/2 557/5/2 556/5/2
f 560/5/123 561/5/123 555/5/123
f 555/5/4 551/5/4 550/5/4
f 560/5/124 554/5/124 550/5/124
f 559/5/125 551/5/125 555/5/125
f 553/5/126 559/5/126 561/5/126
f 556/5/127 560/5/127 558/5/127
f 557/5/128 561/5/128 560/5/128
f 551/5/129 559/5/129 558/5/129
f 565/5/130 569/5/130 578/5/130
f 567/5/131 582/5/734 581/5/132
f 566/5/134 581/5/134 579/5/134
f 564/5/135 580/5/735 582/5/136
f 563/5/11 579/5/11 577/5/11
f 572/5/140 571/5/140 578/5/140
f 576/5/141 575/5/141 571/5/141
f 573/5/142 574/5/142 575/5/142
f 581/5/132 582/5/734 575/5/143
f 579/5/134 581/5/134 574/5/134
f 582/5/136 580/5/735 571/5/144
f 577/5/11 579/5/11 570/5/11
f 571/5/736 580/5/139 578/5/139
f 573/5/2 586/5/2 584/5/2
f 585/5/2 570/5/2 574/5/2
f 573/5/2 584/5/2 585/5/2
f 583/5/2 568/5/2 570/5/2
f 585/5/146 591/5/146 589/5/146
f 573/5/14 588/5/14 592/5/14
f 583/5/5 589/5/5 587/5/5
f 586/5/147 592/5/147 590/5/147
f 576/5/14 594/5/14 588/5/14
f 584/5/148 590/5/148 591/5/148
f 572/5/14 593/5/14 594/5/14
f 563/5/4 595/5/4 566/5/4
f 595/5/4 600/5/4 566/5/4
f 600/5/4 601/5/4 597/5/4
f 601/5/4 602/5/4 597/5/4
f 597/5/149 598/5/149 567/5/149
f 596/5/4 595/5/4 563/5/4
f 567/5/150 598/5/150 564/5/150
f 598/5/150 603/5/150 564/5/150
f 604/5/150 599/5/150 565/5/150
f 603/5/150 604/5/150 564/5/150
f 598/5/151 597/5/155 607/5/151
f 600/5/5 610/5/5 611/5/5
f 604/5/5 614/5/5 609/5/5
f 596/5/152 606/5/152 605/5/152
f 601/5/153 611/5/153 612/5/153
f 603/5/154 598/5/154 608/5/154
f 602/5/155 612/5/155 607/5/151
f 595/5/152 605/5/152 610/5/152
f 604/5/156 603/5/156 613/5/156
f 616/5/157 618/5/157 624/5/157
f 618/5/2 622/5/2 625/5/2
f 622/5/158 620/5/158 626/5/158
f 620/5/4 616/5/4 623/5/4
f 621/5/5 619/5/5 615/5/5
f 618/5/6 616/5/6 620/5/6
f 619/5/4 626/5/4 623/5/4
f 625/5/159 626/5/159 619/5/159
f 617/5/2 624/5/2 625/5/2
f 623/5/160 624/5/160 617/5/160
f 636/5/157 630/5/157 628/5/157
f 637/5/4 634/5/4 630/5/4
f 638/5/158 632/5/158 634/5/158
f 635/5/2 628/5/2 632/5/2
f 627/5/5 631/5/5 633/5/5
f 632/5/6 628/5/6 630/5/6
f 627/5/2 635/5/2 638/5/2
f 631/5/159 638/5/159 637/5/159
f 633/5/4 637/5/4 636/5/4
f 629/5/160 636/5/160 635/5/160
f 1104/5/5 1109/5/5 1135/5/5
f 1105/5/242 1111/5/242 1107/5/243
f 1101/5/5 1106/5/5 1109/5/5
f 1129/5/244 1136/5/244 1111/5/242
f 1110/5/11 1133/5/11 1135/5/11
f 1111/5/11 1136/5/11 1133/5/11
f 1107/5/11 1111/5/11 1110/5/11
f 1108/5/11 1110/5/11 1109/5/11
f 1103/5/4 1108/5/4 1106/5/4
f 1102/5/245 1107/5/245 1108/5/245
f 1141/5/246 1116/5/246 1119/5/246
f 1147/5/14 1146/5/14 1115/5/14
f 1115/5/247 1113/5/247 1117/5/247
f 1145/5/5 1114/5/5 1112/5/5
f 1146/5/248 1144/5/248 1113/5/248
f 1142/5/5 1145/5/5 1143/5/5
f 1116/5/14 1146/5/14 1147/5/14
f 1113/5/11 1144/5/11 1148/5/11
f 1117/5/11 1148/5/11 1143/5/11
f 1119/5/14 1147/5/14 1145/5/14
f 1120/5/4 1117/5/4 1112/5/4
f 1147/5/14 1120/5/14 1114/5/14
f 1118/5/2 1119/5/2 1142/5/2
f 1148/5/11 1118/5/11 1140/5/11
f 1121/5/4 1124/5/4 1123/5/4
f 1125/5/14 1155/5/14 1124/5/14
f 1155/5/14 1156/5/14 1124/5/14
f 1150/5/5 1155/5/5 1125/5/5
f 1122/5/250 1125/5/250 1124/5/250
f 1492/5/6 1123/5/6 1156/5/6
f 1135/5/5 1137/5/5 1686/5/5
f 1132/5/251 1139/5/252 1130/5/252
f 1137/5/5 1131/5/5 1685/5/5
f 1139/5/252 1136/5/253 1129/5/253
f 1135/5/11 1133/5/11 1138/5/11
f 1133/5/11 1136/5/11 1139/5/11
f 1138/5/11 1139/5/11 1132/5/11
f 1137/5/11 1138/5/11 1134/5/11
f 1131/5/2 1134/5/2 1127/5/2
f 1134/5/254 1132/5/254 1126/5/254
f 1118/5/246 1141/5/246 1116/5/246
f 1140/5/5 1142/5/5 1145/5/5
f 1143/5/5 1145/5/5 1114/5/5
f 1148/5/11 1144/5/11 1141/5/11
f 1143/5/11 1148/5/11 1118/5/11
f 1145/5/14 1147/5/14 1120/5/14
f 1140/5/2 1118/5/2 1119/5/2
f 1142/5/14 1119/5/14 1147/5/14
f 1114/5/4 1120/5/4 1117/5/4
f 1112/5/11 1117/5/11 1148/5/11
f 1154/5/2 1157/5/2 1152/5/2
f 1156/5/14 1155/5/14 1157/5/14
f 1155/5/14 1158/5/14 1157/5/14
f 1158/5/5 1155/5/5 1150/5/5
f 1157/5/255 1158/5/255 1153/5/255
f 1156/5/6 1154/5/6 1149/5/6
f 1826/5/46 1828/5/46 1827/5/46
f 1827/5/44 1828/5/44 1830/5/44
f 1830/5/4 1832/5/4 1831/5/4
f 1831/5/43 1832/5/43 1834/5/43
f 1836/5/11 1834/5/11 1847/5/11
f 1834/5/45 1836/5/45 1835/5/45
f 1836/5/2 1826/5/2 1825/5/2
f 1831/5/14 1833/5/14 1841/5/14
f 1829/5/14 1839/5/14 1838/5/14
f 1835/5/14 1842/5/14 1841/5/14
f 1825/5/14 1827/5/14 1838/5/14
f 1831/5/14 1840/5/14 1839/5/14
f 1825/5/14 1837/5/14 1842/5/14
f 1826/5/11 1843/5/11 1844/5/11
f 1830/5/11 1845/5/11 1846/5/11
f 1826/5/11 1836/5/11 1848/5/11
f 1832/5/11 1846/5/11 1847/5/11
f 1830/5/11 1828/5/11 1844/5/11
f 1850/5/11 1852/5/11 1858/5/11
f 1852/5/2 1856/5/2 1859/5/2
f 1856/5/14 1854/5/14 1860/5/14
f 1854/5/4 1850/5/4 1857/5/4
f 1855/5/5 1853/5/5 1849/5/5
f 1852/5/6 1850/5/6 1854/5/6
f 1860/5/4 1857/5/4 1849/5/4
f 1859/5/14 1860/5/14 1853/5/14
f 1851/5/2 1858/5/2 1859/5/2
f 1857/5/501 1858/5/501 1851/5/501
f 1909/5/5 1864/5/5 1871/5/5
f 1909/5/14 1911/5/14 1868/5/14
f 1868/5/14 1870/5/14 1866/5/14
f 1869/5/4 1885/5/4 1887/5/4
f 1869/5/4 1887/5/4 1891/5/4
f 1893/5/4 1884/5/4 1872/5/4
f 1883/5/4 1893/5/4 1872/5/4
f 1862/5/4 1869/5/4 1891/5/4
f 1862/5/4 1891/5/4 1890/5/4
f 1883/5/4 1872/5/4 1866/5/4
f 1862/5/4 1890/5/4 1892/5/4
f 1892/5/4 1883/5/4 1866/5/4
f 1864/5/5 1865/5/5 1861/5/5
f 1870/5/502 1867/5/502 1889/5/502
f 1861/5/4 1865/5/4 1886/5/4
f 1865/5/4 1872/5/4 1894/5/4
f 1872/5/4 1884/5/4 1894/5/22
f 1886/5/4 1885/5/785 1869/5/4
f 1865/5/4 1894/5/4 1886/5/4
f 1868/5/14 1872/5/14 1865/5/14
f 1873/5/503 1876/5/503 1875/5/503
f 1866/5/504 1873/5/504 1888/5/504
f 1871/5/11 1863/5/11 1912/5/11
f 1869/5/11 1863/5/11 1871/5/11
f 1908/5/505 1867/5/505 1870/5/505
f 1910/5/14 1870/5/14 1868/5/14
f 1862/5/786 1867/5/786 1863/5/786
f 1863/5/787 1867/5/787 1908/5/787
f 1867/5/508 1862/5/788 1888/5/509
f 1870/5/14 1874/5/14 1873/5/14
f 1878/5/511 1877/5/511 1881/5/511
f 1874/5/512 1889/5/512 1877/5/512
f 1889/5/789 1888/5/789 1875/5/789
f 1874/5/14 1878/5/14 1876/5/14
f 1882/5/514 1881/5/514 1879/5/514
f 1875/5/790 1879/5/790 1881/5/790
f 1876/5/14 1878/5/14 1882/5/14
f 1876/5/516 1880/5/516 1879/5/516
f 1892/5/23 1939/5/23 1940/5/23
f 1891/5/14 1887/5/14 1944/5/14
f 1890/5/517 1891/5/517 1938/5/517
f 1935/5/6 1936/5/6 1886/5/6
f 1893/5/518 1941/5/518 1942/5/518
f 1890/5/5 1937/5/5 1939/5/5
f 1885/5/519 1943/5/519 1944/5/519
f 1883/5/11 1940/5/11 1941/5/11
f 1905/5/5 1898/5/5 1909/5/5
f 1898/5/14 1902/5/14 1911/5/14
f 1902/5/14 1906/5/14 1900/5/14
f 1906/5/2 1926/5/2 1925/5/2
f 1906/5/2 1925/5/2 1932/5/2
f 1934/5/2 1927/5/791 1903/5/2
f 1924/5/2 1934/5/2 1903/5/2
f 1900/5/2 1906/5/2 1932/5/2
f 1900/5/2 1932/5/2 1931/5/2
f 1924/5/2 1903/5/2 1896/5/2
f 1900/5/2 1931/5/2 1896/5/2
f 1931/5/2 1930/5/2 1896/5/2
f 1895/5/5 1899/5/5 1898/5/5
f 1904/5/520 1915/5/520 1929/5/520
f 1906/5/2 1899/5/2 1933/5/521
f 1899/5/2 1895/5/2 1928/5/2
f 1933/5/521 1899/5/2 1928/5/2
f 1895/5/2 1903/5/2 1928/5/2
f 1903/5/2 1927/5/791 1928/5/791
f 1898/5/14 1899/5/14 1906/5/14
f 1916/5/523 1917/5/523 1914/5/523
f 1913/5/524 1914/5/524 1900/5/524
f 1905/5/11 1907/5/11 1912/5/11
f 1905/5/11 1897/5/11 1903/5/11
f 1904/5/525 1901/5/525 1908/5/525
f 1902/5/14 1904/5/14 1910/5/14
f 1897/5/792 1901/5/792 1896/5/792
f 1897/5/507 1912/5/507 1908/5/507
f 1901/5/527 1929/5/793 1913/5/528
f 1914/5/14 1915/5/14 1904/5/14
f 1919/5/530 1923/5/530 1922/5/530
f 1915/5/531 1919/5/531 1918/5/531
f 1929/5/794 1918/5/794 1916/5/794
f 1917/5/14 1919/5/14 1915/5/14
f 1923/5/533 1921/5/533 1920/5/533
f 1922/5/795 1920/5/795 1916/5/795
f 1917/5/14 1921/5/14 1923/5/14
f 1920/5/535 1921/5/535 1917/5/535
f 1940/5/23 1939/5/23 1931/5/23
f 1938/5/14 1944/5/14 1934/5/14
f 1937/5/517 1938/5/517 1924/5/517
f 1928/5/6 1936/5/6 1935/5/6
f 1942/5/518 1941/5/518 1925/5/518
f 1939/5/5 1937/5/5 1930/5/5
f 1934/5/519 1944/5/519 1943/5/519
f 1925/5/11 1941/5/11 1940/5/11
f 205/10/37 206/10/37 204/10/37
f 207/10/38 208/10/38 206/10/38
f 209/10/39 210/10/39 208/10/39
f 211/10/40 212/10/40 210/10/40
f 211/10/4 209/10/4 205/10/4
f 213/10/41 214/10/41 212/10/41
f 215/10/42 204/10/42 214/10/42
f 210/10/2 212/10/2 214/10/2
f 205/10/37 207/10/37 206/10/37
f 207/10/38 209/10/38 208/10/38
f 209/10/39 211/10/39 210/10/39
f 211/10/40 213/10/40 212/10/40
f 209/10/4 207/10/4 205/10/4
f 205/10/4 215/10/4 213/10/4
f 213/10/4 211/10/4 205/10/4
f 213/10/41 215/10/41 214/10/41
f 215/10/42 205/10/42 204/10/42
f 214/10/2 204/10/2 210/10/2
f 204/10/2 206/10/2 210/10/2
f 206/10/2 208/10/2 210/10/2
f 746/10/161 747/10/161 745/10/161
f 748/10/14 749/10/14 747/10/14
f 750/10/162 751/10/162 749/10/162
f 752/10/163 753/10/163 751/10/163
f 752/10/4 750/10/4 746/10/4
f 754/10/11 755/10/11 753/10/11
f 756/10/164 745/10/164 755/10/164
f 751/10/2 753/10/2 755/10/2
f 757/10/161 760/10/161 759/10/161
f 759/10/14 762/10/14 761/10/14
f 761/10/162 764/10/162 763/10/162
f 764/10/163 765/10/163 763/10/163
f 758/10/4 766/10/4 762/10/4
f 766/10/11 767/10/11 765/10/11
f 768/10/164 757/10/164 767/10/164
f 759/10/2 763/10/2 767/10/2
f 769/10/161 772/10/161 770/10/161
f 773/10/14 772/10/14 771/10/14
f 773/10/162 776/10/162 774/10/162
f 777/10/163 776/10/163 775/10/163
f 778/10/2 780/10/2 770/10/2
f 779/10/11 778/10/11 777/10/11
f 769/10/164 780/10/164 779/10/164
f 775/10/4 773/10/4 771/10/4
f 782/10/161 783/10/161 781/10/161
f 783/10/14 786/10/14 785/10/14
f 786/10/162 787/10/162 785/10/162
f 787/10/163 790/10/163 789/10/163
f 788/10/4 786/10/4 782/10/4
f 790/10/11 791/10/11 789/10/11
f 792/10/164 781/10/164 791/10/164
f 787/10/2 789/10/2 791/10/2
f 794/10/161 795/10/161 793/10/161
f 796/10/14 797/10/14 795/10/14
f 798/10/162 799/10/162 797/10/162
f 800/10/163 801/10/163 799/10/163
f 802/10/4 800/10/4 798/10/4
f 802/10/11 803/10/11 801/10/11
f 804/10/164 793/10/164 803/10/164
f 795/10/2 799/10/2 803/10/2
f 806/10/161 807/10/161 805/10/161
f 808/10/14 809/10/14 807/10/14
f 810/10/162 811/10/162 809/10/162
f 812/10/163 813/10/163 811/10/163
f 812/10/4 810/10/4 806/10/4
f 814/10/11 815/10/11 813/10/11
f 816/10/164 805/10/164 815/10/164
f 811/10/2 813/10/2 815/10/2
f 817/10/161 820/10/161 819/10/161
f 819/10/14 822/10/14 821/10/14
f 822/10/162 823/10/162 821/10/162
f 823/10/163 826/10/163 825/10/163
f 818/10/4 826/10/4 822/10/4
f 826/10/11 827/10/11 825/10/11
f 828/10/164 817/10/164 827/10/164
f 823/10/2 825/10/2 827/10/2
f 829/10/161 832/10/161 830/10/161
f 833/10/14 832/10/14 831/10/14
f 835/10/162 834/10/162 833/10/162
f 835/10/163 838/10/163 836/10/163
f 838/10/2 840/10/2 830/10/2
f 839/10/11 838/10/11 837/10/11
f 829/10/164 840/10/164 839/10/164
f 833/10/4 831/10/4 839/10/4
f 842/10/161 843/10/161 841/10/161
f 844/10/14 845/10/14 843/10/14
f 846/10/162 847/10/162 845/10/162
f 848/10/163 849/10/163 847/10/163
f 848/10/4 846/10/4 842/10/4
f 850/10/11 851/10/11 849/10/11
f 852/10/164 841/10/164 851/10/164
f 847/10/2 849/10/2 851/10/2
f 854/10/161 855/10/161 853/10/161
f 856/10/14 857/10/14 855/10/14
f 857/10/162 860/10/162 859/10/162
f 859/10/163 862/10/163 861/10/163
f 862/10/4 860/10/4 858/10/4
f 862/10/11 863/10/11 861/10/11
f 863/10/164 854/10/164 853/10/164
f 861/10/2 863/10/2 855/10/2
f 867/10/161 865/10/161 866/10/161
f 869/10/14 867/10/14 868/10/14
f 869/10/162 870/10/162 872/10/162
f 873/10/163 871/10/163 872/10/163
f 874/10/4 866/10/4 876/10/4
f 875/10/11 873/10/11 874/10/11
f 865/10/164 875/10/164 876/10/164
f 871/10/2 867/10/2 869/10/2
f 879/10/161 877/10/161 878/10/161
f 881/10/14 879/10/14 880/10/14
f 883/10/162 881/10/162 882/10/162
f 885/10/163 883/10/163 884/10/163
f 882/10/4 878/10/4 886/10/4
f 887/10/11 885/10/11 886/10/11
f 877/10/164 887/10/164 888/10/164
f 881/10/2 887/10/2 879/10/2
f 867/10/161 866/10/161 868/10/161
f 869/10/14 868/10/14 870/10/14
f 869/10/162 872/10/162 871/10/162
f 873/10/163 872/10/163 874/10/163
f 866/10/4 870/10/4 868/10/4
f 870/10/4 866/10/4 872/10/4
f 872/10/4 866/10/4 874/10/4
f 875/10/11 874/10/11 876/10/11
f 865/10/164 876/10/164 866/10/164
f 867/10/2 871/10/2 865/10/2
f 865/10/2 871/10/2 875/10/2
f 875/10/2 871/10/2 873/10/2
f 879/10/161 878/10/161 880/10/161
f 881/10/14 880/10/14 882/10/14
f 883/10/162 882/10/162 884/10/162
f 885/10/163 884/10/163 886/10/163
f 878/10/4 882/10/4 880/10/4
f 882/10/4 886/10/4 884/10/4
f 886/10/4 878/10/4 888/10/4
f 887/10/11 886/10/11 888/10/11
f 877/10/164 888/10/164 878/10/164
f 879/10/2 887/10/2 877/10/2
f 887/10/2 883/10/2 885/10/2
f 883/10/2 887/10/2 881/10/2
f 1766/10/161 1767/10/161 1765/10/161
f 1768/10/14 1769/10/14 1767/10/14
f 1770/10/162 1771/10/162 1769/10/162
f 1771/10/163 1774/10/163 1773/10/163
f 1772/10/4 1770/10/4 1766/10/4
f 1774/10/11 1775/10/11 1773/10/11
f 1776/10/164 1765/10/164 1775/10/164
f 1771/10/2 1773/10/2 1775/10/2
f 1778/10/161 1779/10/161 1777/10/161
f 1780/10/14 1781/10/14 1779/10/14
f 1782/10/162 1783/10/162 1781/10/162
f 1783/10/163 1786/10/163 1785/10/163
f 1786/10/4 1784/10/4 1782/10/4
f 1786/10/11 1787/10/11 1785/10/11
f 1787/10/164 1778/10/164 1777/10/164
f 1783/10/2 1785/10/2 1787/10/2
f 1790/10/161 1791/10/161 1789/10/161
f 1792/10/14 1793/10/14 1791/10/14
f 1794/10/162 1795/10/162 1793/10/162
f 1796/10/163 1797/10/163 1795/10/163
f 1796/10/4 1794/10/4 1790/10/4
f 1798/10/11 1799/10/11 1797/10/11
f 1800/10/164 1789/10/164 1799/10/164
f 1795/10/2 1797/10/2 1799/10/2
f 746/10/161 748/10/161 747/10/161
f 748/10/14 750/10/14 749/10/14
f 750/10/162 752/10/162 751/10/162
f 752/10/163 754/10/163 753/10/163
f 750/10/4 748/10/4 746/10/4
f 746/10/4 756/10/4 754/10/4
f 754/10/4 752/10/4 746/10/4
f 754/10/11 756/10/11 755/10/11
f 756/10/164 746/10/164 745/10/164
f 755/10/2 745/10/2 751/10/2
f 745/10/2 747/10/2 751/10/2
f 747/10/2 749/10/2 751/10/2
f 757/10/161 758/10/161 760/10/161
f 759/10/14 760/10/14 762/10/14
f 761/10/162 762/10/162 764/10/162
f 764/10/163 766/10/163 765/10/163
f 762/10/4 760/10/4 758/10/4
f 758/10/4 768/10/4 766/10/4
f 766/10/4 764/10/4 762/10/4
f 766/10/11 768/10/11 767/10/11
f 768/10/164 758/10/164 757/10/164
f 767/10/2 757/10/2 759/10/2
f 759/10/2 761/10/2 763/10/2
f 763/10/2 765/10/2 767/10/2
f 769/10/161 771/10/161 772/10/161
f 773/10/14 774/10/14 772/10/14
f 773/10/162 775/10/162 776/10/162
f 777/10/163 778/10/163 776/10/163
f 770/10/2 772/10/2 778/10/2
f 772/10/2 774/10/2 778/10/2
f 774/10/2 776/10/2 778/10/2
f 779/10/11 780/10/11 778/10/11
f 769/10/164 770/10/164 780/10/164
f 771/10/4 769/10/4 775/10/4
f 769/10/4 779/10/4 775/10/4
f 779/10/4 777/10/4 775/10/4
f 782/10/161 784/10/161 783/10/161
f 783/10/14 784/10/14 786/10/14
f 786/10/162 788/10/162 787/10/162
f 787/10/163 788/10/163 790/10/163
f 786/10/4 784/10/4 782/10/4
f 782/10/4 792/10/4 790/10/4
f 790/10/4 788/10/4 782/10/4
f 790/10/11 792/10/11 791/10/11
f 792/10/164 782/10/164 781/10/164
f 791/10/2 781/10/2 787/10/2
f 781/10/2 783/10/2 787/10/2
f 783/10/2 785/10/2 787/10/2
f 794/10/161 796/10/161 795/10/161
f 796/10/14 798/10/14 797/10/14
f 798/10/162 800/10/162 799/10/162
f 800/10/163 802/10/163 801/10/163
f 798/10/4 796/10/4 802/10/4
f 796/10/4 794/10/4 802/10/4
f 794/10/4 804/10/4 802/10/4
f 802/10/11 804/10/11 803/10/11
f 804/10/164 794/10/164 793/10/164
f 803/10/2 793/10/2 795/10/2
f 795/10/2 797/10/2 799/10/2
f 799/10/2 801/10/2 803/10/2
f 806/10/161 808/10/161 807/10/161
f 808/10/14 810/10/14 809/10/14
f 810/10/162 812/10/162 811/10/162
f 812/10/163 814/10/163 813/10/163
f 810/10/4 808/10/4 806/10/4
f 806/10/4 816/10/4 814/10/4
f 814/10/4 812/10/4 806/10/4
f 814/10/11 816/10/11 815/10/11
f 816/10/164 806/10/164 805/10/164
f 815/10/2 805/10/2 811/10/2
f 805/10/2 807/10/2 811/10/2
f 807/10/2 809/10/2 811/10/2
f 817/10/161 818/10/161 820/10/161
f 819/10/14 820/10/14 822/10/14
f 822/10/162 824/10/162 823/10/162
f 823/10/163 824/10/163 826/10/163
f 822/10/4 820/10/4 818/10/4
f 818/10/4 828/10/4 826/10/4
f 826/10/4 824/10/4 822/10/4
f 826/10/11 828/10/11 827/10/11
f 828/10/164 818/10/164 817/10/164
f 827/10/2 817/10/2 819/10/2
f 819/10/2 821/10/2 827/10/2
f 821/10/2 823/10/2 827/10/2
f 829/10/161 831/10/161 832/10/161
f 833/10/14 834/10/14 832/10/14
f 835/10/162 836/10/162 834/10/162
f 835/10/163 837/10/163 838/10/163
f 830/10/2 832/10/2 838/10/2
f 832/10/2 834/10/2 838/10/2
f 834/10/2 836/10/2 838/10/2
f 839/10/11 840/10/11 838/10/11
f 829/10/164 830/10/164 840/10/164
f 831/10/4 829/10/4 839/10/4
f 839/10/4 837/10/4 835/10/4
f 835/10/4 833/10/4 839/10/4
f 842/10/161 844/10/161 843/10/161
f 844/10/14 846/10/14 845/10/14
f 846/10/162 848/10/162 847/10/162
f 848/10/163 850/10/163 849/10/163
f 846/10/4 844/10/4 842/10/4
f 842/10/4 852/10/4 850/10/4
f 850/10/4 848/10/4 842/10/4
f 850/10/11 852/10/11 851/10/11
f 852/10/164 842/10/164 841/10/164
f 851/10/2 841/10/2 847/10/2
f 841/10/2 843/10/2 847/10/2
f 843/10/2 845/10/2 847/10/2
f 854/10/161 856/10/161 855/10/161
f 856/10/14 858/10/14 857/10/14
f 857/10/162 858/10/162 860/10/162
f 859/10/163 860/10/163 862/10/163
f 858/10/4 856/10/4 854/10/4
f 854/10/4 864/10/4 858/10/4
f 864/10/4 862/10/4 858/10/4
f 862/10/11 864/10/11 863/10/11
f 863/10/164 864/10/164 854/10/164
f 863/10/2 853/10/2 855/10/2
f 855/10/2 857/10/2 859/10/2
f 859/10/2 861/10/2 855/10/2
f 1766/10/161 1768/10/161 1767/10/161
f 1768/10/14 1770/10/14 1769/10/14
f 1770/10/162 1772/10/162 1771/10/162
f 1771/10/163 1772/10/163 1774/10/163
f 1770/10/4 1768/10/4 1766/10/4
f 1766/10/4 1776/10/4 1774/10/4
f 1774/10/4 1772/10/4 1766/10/4
f 1774/10/11 1776/10/11 1775/10/11
f 1776/10/164 1766/10/164 1765/10/164
f 1775/10/2 1765/10/2 1771/10/2
f 1765/10/2 1767/10/2 1771/10/2
f 1767/10/2 1769/10/2 1771/10/2
f 1778/10/161 1780/10/161 1779/10/161
f 1780/10/14 1782/10/14 1781/10/14
f 1782/10/162 1784/10/162 1783/10/162
f 1783/10/163 1784/10/163 1786/10/163
f 1782/10/4 1780/10/4 1786/10/4
f 1780/10/4 1778/10/4 1786/10/4
f 1778/10/4 1788/10/4 1786/10/4
f 1786/10/11 1788/10/11 1787/10/11
f 1787/10/164 1788/10/164 1778/10/164
f 1787/10/2 1777/10/2 1779/10/2
f 1779/10/2 1781/10/2 1787/10/2
f 1781/10/2 1783/10/2 1787/10/2
f 1790/10/161 1792/10/161 1791/10/161
f 1792/10/14 1794/10/14 1793/10/14
f 1794/10/162 1796/10/162 1795/10/162
f 1796/10/163 1798/10/163 1797/10/163
f 1794/10/4 1792/10/4 1790/10/4
f 1790/10/4 1800/10/4 1798/10/4
f 1798/10/4 1796/10/4 1790/10/4
f 1798/10/11 1800/10/11 1799/10/11
f 1800/10/164 1790/10/164 1789/10/164
f 1799/10/2 1789/10/2 1795/10/2
f 1789/10/2 1791/10/2 1795/10/2
f 1791/10/2 1793/10/2 1795/10/2
f 216/6/37 219/6/37 218/6/37
f 218/6/38 221/6/38 220/6/38
f 221/6/39 222/6/39 220/6/39
f 222/6/40 225/6/40 224/6/40
f 217/6/4 225/6/4 221/6/4
f 225/6/41 226/6/41 224/6/41
f 227/6/42 216/6/42 226/6/42
f 218/6/2 222/6/2 226/6/2
f 216/6/37 217/6/37 219/6/37
f 218/6/38 219/6/38 221/6/38
f 221/6/39 223/6/39 222/6/39
f 222/6/40 223/6/40 225/6/40
f 221/6/4 219/6/4 217/6/4
f 217/6/4 227/6/4 225/6/4
f 225/6/4 223/6/4 221/6/4
f 225/6/41 227/6/41 226/6/41
f 227/6/42 217/6/42 216/6/42
f 226/6/2 216/6/2 218/6/2
f 218/6/2 220/6/2 222/6/2
f 222/6/2 224/6/2 226/6/2
f 652/6/165 664/6/165 663/6/165
f 653/6/2 665/6/2 674/6/2
f 665/6/2 662/6/2 667/6/2
f 673/6/166 677/6/166 663/6/166
f 663/6/4 669/6/4 670/6/4
f 654/6/167 651/6/167 653/6/167
f 662/6/168 668/6/168 667/6/168
f 666/6/4 659/6/4 668/6/4
f 657/6/169 659/6/169 655/6/169
f 656/6/170 662/6/170 658/6/170
f 666/6/4 660/6/4 656/6/4
f 667/6/168 659/6/168 661/6/168
f 674/6/2 665/6/2 657/6/2
f 665/6/2 661/6/2 657/6/2
f 653/6/167 656/6/167 658/6/167
f 657/6/166 670/6/166 671/6/166
f 671/6/171 669/6/171 672/6/171
f 663/6/165 672/6/165 669/6/165
f 656/6/4 673/6/4 666/6/4
f 654/6/2 674/6/2 664/6/2
f 675/6/4 677/6/4 678/6/4
f 652/6/167 675/6/167 651/6/167
f 651/6/168 678/6/168 673/6/168
f 663/6/165 676/6/165 652/6/165
f 1037/6/162 1050/6/162 1049/6/162
f 1039/6/14 1052/6/14 1050/6/14
f 1041/6/161 1054/6/161 1052/6/161
f 1043/6/164 1056/6/164 1054/6/164
f 1039/6/2 1062/6/2 1041/6/2
f 1045/6/11 1058/6/11 1056/6/11
f 1047/6/163 1049/6/163 1058/6/163
f 1043/6/2 1062/6/2 1063/6/2
f 1059/6/163 1036/6/163 1046/6/163
f 1057/6/11 1046/6/11 1044/6/11
f 1055/6/164 1044/6/164 1042/6/164
f 1053/6/161 1042/6/161 1040/6/161
f 1038/6/14 1053/6/14 1040/6/14
f 1052/6/4 1054/6/4 1056/6/4
f 1036/6/162 1051/6/162 1038/6/162
f 1051/6/2 1048/6/2 1057/6/2
f 1036/6/4 1023/6/4 1046/6/4
f 1044/6/4 1023/6/4 1021/6/4
f 1044/6/4 1020/6/4 1042/6/4
f 1047/6/2 1017/6/2 1037/6/2
f 1036/6/4 1018/6/4 1060/6/4
f 1042/6/4 1061/6/4 1040/6/4
f 1047/6/2 1022/6/2 1064/6/2
f 1040/6/4 1018/6/4 1038/6/4
f 1045/6/2 1063/6/2 1022/6/2
f 1037/6/2 1019/6/2 1039/6/2
f 1945/6/46 1948/6/46 1947/6/46
f 1948/6/44 1949/6/44 1947/6/44
f 1949/6/4 1952/6/4 1951/6/4
f 1952/6/43 1953/6/43 1951/6/43
f 228/6/45 1954/6/45 1953/6/45
f 229/6/2 1945/6/2 1954/6/2
f 1951/6/14 1967/6/14 1966/6/14
f 245/6/2 1957/6/2 242/6/2
f 1960/6/11 1959/6/11 1957/6/11
f 1955/6/43 1961/6/43 1956/6/43
f 243/6/44 1959/6/44 244/6/44
f 245/6/45 1961/6/45 1962/6/45
f 244/6/4 1960/6/4 1955/6/4
f 243/6/46 1957/6/46 1958/6/46
f 1967/6/43 1971/6/43 1966/6/43
f 1949/6/14 1964/6/14 1947/6/14
f 1954/6/14 1967/6/14 1953/6/14
f 1945/6/14 1964/6/14 1963/6/14
f 1951/6/14 1965/6/14 1949/6/14
f 1945/6/14 1968/6/14 1954/6/14
f 1965/6/44 1970/6/44 1964/6/44
f 1968/6/45 1972/6/45 1967/6/45
f 1966/6/4 294/6/4 1965/6/4
f 1964/6/46 1969/6/46 1963/6/46
f 1963/6/2 1973/6/2 1968/6/2
f 1975/6/46 1976/6/46 1974/6/46
f 1977/6/44 1978/6/44 1976/6/44
f 1979/6/4 1980/6/4 1978/6/4
f 1981/6/43 1982/6/43 1980/6/43
f 1981/6/536 1988/6/536 1989/6/536
f 1983/6/45 1984/6/45 1982/6/45
f 1985/6/2 1974/6/2 1984/6/2
f 1978/6/14 2002/6/14 1976/6/14
f 1987/6/44 1994/6/44 1988/6/44
f 1985/6/537 1986/6/537 1975/6/537
f 1983/6/538 1989/6/538 1990/6/538
f 1977/6/539 1988/6/539 1979/6/539
f 1983/6/540 1991/6/540 1985/6/540
f 1977/6/541 1986/6/541 1987/6/541
f 1994/6/542 2055/6/542 1995/6/542
f 1990/6/45 1997/6/45 1991/6/45
f 1988/6/4 1995/6/4 1989/6/4
f 1986/6/46 1993/6/46 1987/6/46
f 1991/6/2 1992/6/2 1986/6/2
f 1990/6/43 1995/6/43 1996/6/43
f 1984/6/14 1999/6/14 1982/6/14
f 1974/6/14 2002/6/14 2001/6/14
f 1978/6/14 2003/6/14 1998/6/14
f 1974/6/14 2000/6/14 1984/6/14
f 1980/6/14 1999/6/14 2003/6/14
f 2000/6/2 2004/6/2 2009/6/2
f 2008/6/11 2015/6/11 2014/6/11
f 1999/6/43 2007/6/43 2003/6/43
f 1998/6/44 2005/6/44 2002/6/44
f 1999/6/45 2009/6/45 2008/6/45
f 2003/6/4 2006/6/4 1998/6/4
f 2002/6/46 2004/6/46 2001/6/46
f 2015/6/2 2016/6/2 2021/6/2
f 2006/6/11 2013/6/11 2012/6/11
f 2005/6/11 2010/6/11 2004/6/11
f 2009/6/11 2010/6/11 2015/6/11
f 2008/6/11 2013/6/11 2007/6/11
f 2005/6/11 2012/6/11 2011/6/11
f 2021/6/543 2026/6/544 2020/6/545
f 2014/6/43 2019/6/43 2013/6/43
f 2012/6/44 2017/6/44 2011/6/44
f 2015/6/45 2020/6/45 2014/6/45
f 2013/6/4 2018/6/4 2012/6/4
f 2010/6/46 2017/6/46 2016/6/46
f 2022/6/4 2033/6/4 2027/6/4
f 2019/6/546 2024/6/547 2018/6/548
f 2016/6/549 2023/6/550 2022/6/551
f 2021/6/552 2022/6/552 2027/6/552
f 2019/6/553 2026/6/554 2025/6/555
f 2018/6/548 2023/6/550 2017/6/550
f 2026/6/556 2031/6/556 2025/6/556
f 2023/6/45 2030/6/45 2029/6/45
f 2026/6/557 2033/6/557 2032/6/557
f 2024/6/2 2031/6/2 2030/6/2
f 2023/6/43 2028/6/43 2022/6/43
f 2033/6/558 2038/6/559 2032/6/559
f 2030/6/560 2037/6/561 2036/6/562
f 2028/6/563 2035/6/564 2034/6/565
f 2028/6/563 2039/6/566 2033/6/558
f 2031/6/567 2038/6/559 2037/6/561
f 2030/6/560 2035/6/564 2029/6/564
f 2037/6/556 2044/6/556 2043/6/556
f 2036/6/45 2041/6/45 2035/6/45
f 2039/6/557 2044/6/557 2038/6/557
f 2037/6/2 2042/6/2 2036/6/2
f 2034/6/43 2041/6/43 2040/6/43
f 2039/6/4 2040/6/4 2045/6/4
f 2043/6/568 2048/6/569 2042/6/570
f 2041/6/571 2046/6/571 2040/6/571
f 2045/6/572 2046/6/573 2051/6/573
f 2044/6/574 2049/6/574 2043/6/574
f 2041/6/575 2048/6/575 2047/6/575
f 2044/6/576 2051/6/576 2050/6/576
f 2048/6/45 2053/6/45 2047/6/45
f 2051/6/557 2056/6/557 2050/6/557
f 2049/6/2 2054/6/2 2048/6/2
f 2046/6/43 2053/6/43 2052/6/43
f 2051/6/4 2052/6/4 2057/6/4
f 2050/6/556 2055/6/556 2049/6/556
f 1994/6/577 2053/6/578 2054/6/579
f 1992/6/580 2053/6/578 1993/6/581
f 1992/6/580 2057/6/582 2052/6/583
f 1997/6/584 2056/6/585 2057/6/586
f 1995/6/587 2056/6/588 1996/6/589
f 652/6/165 654/6/165 664/6/165
f 653/6/2 658/6/2 665/6/2
f 665/6/2 658/6/2 662/6/2
f 673/6/166 678/6/166 677/6/166
f 670/6/4 655/6/4 673/6/4
f 655/6/4 666/6/4 673/6/4
f 673/6/4 663/6/4 670/6/4
f 654/6/167 652/6/167 651/6/167
f 662/6/168 660/6/168 668/6/168
f 666/6/4 655/6/4 659/6/4
f 657/6/169 661/6/169 659/6/169
f 656/6/170 660/6/170 662/6/170
f 666/6/4 668/6/4 660/6/4
f 667/6/168 668/6/168 659/6/168
f 657/6/2 671/6/2 674/6/2
f 671/6/2 672/6/2 664/6/2
f 674/6/2 671/6/2 664/6/2
f 665/6/2 667/6/2 661/6/2
f 653/6/167 651/6/167 656/6/167
f 657/6/166 655/6/166 670/6/166
f 671/6/171 670/6/171 669/6/171
f 663/6/165 664/6/165 672/6/165
f 656/6/4 651/6/4 673/6/4
f 654/6/2 653/6/2 674/6/2
f 675/6/4 676/6/4 677/6/4
f 652/6/167 676/6/167 675/6/167
f 651/6/168 675/6/168 678/6/168
f 663/6/165 677/6/165 676/6/165
f 1037/6/162 1039/6/162 1050/6/162
f 1039/6/14 1041/6/14 1052/6/14
f 1041/6/161 1043/6/161 1054/6/161
f 1043/6/164 1045/6/164 1056/6/164
f 1039/6/2 1019/6/2 1062/6/2
f 1045/6/11 1047/6/11 1058/6/11
f 1047/6/163 1037/6/163 1049/6/163
f 1043/6/2 1041/6/2 1062/6/2
f 1059/6/163 1048/6/163 1036/6/163
f 1057/6/11 1059/6/11 1046/6/11
f 1055/6/164 1057/6/164 1044/6/164
f 1053/6/161 1055/6/161 1042/6/161
f 1038/6/14 1051/6/14 1053/6/14
f 1056/6/4 1058/6/4 1049/6/4
f 1049/6/4 1050/6/4 1056/6/4
f 1050/6/4 1052/6/4 1056/6/4
f 1036/6/162 1048/6/162 1051/6/162
f 1048/6/2 1059/6/2 1057/6/2
f 1057/6/2 1055/6/2 1053/6/2
f 1053/6/2 1051/6/2 1057/6/2
f 1036/6/4 1060/6/4 1023/6/4
f 1044/6/4 1046/6/4 1023/6/4
f 1044/6/4 1021/6/4 1020/6/4
f 1047/6/2 1064/6/2 1017/6/2
f 1036/6/4 1038/6/4 1018/6/4
f 1042/6/4 1020/6/4 1061/6/4
f 1047/6/2 1045/6/2 1022/6/2
f 1040/6/4 1061/6/4 1018/6/4
f 1045/6/2 1043/6/2 1063/6/2
f 1037/6/2 1017/6/2 1019/6/2
f 1945/6/46 1946/6/46 1948/6/46
f 1948/6/44 1950/6/44 1949/6/44
f 1949/6/4 1950/6/4 1952/6/4
f 1952/6/43 228/6/43 1953/6/43
f 228/6/45 229/6/45 1954/6/45
f 229/6/2 1946/6/2 1945/6/2
f 1951/6/14 1953/6/14 1967/6/14
f 245/6/2 1962/6/2 1957/6/2
f 1959/6/11 1958/6/11 1957/6/11
f 1957/6/11 1962/6/11 1960/6/11
f 1962/6/11 1961/6/11 1960/6/11
f 1955/6/43 1960/6/43 1961/6/43
f 243/6/44 1958/6/44 1959/6/44
f 245/6/45 1956/6/45 1961/6/45
f 244/6/4 1959/6/4 1960/6/4
f 243/6/46 242/6/46 1957/6/46
f 1967/6/43 1972/6/43 1971/6/43
f 1949/6/14 1965/6/14 1964/6/14
f 1954/6/14 1968/6/14 1967/6/14
f 1945/6/14 1947/6/14 1964/6/14
f 1951/6/14 1966/6/14 1965/6/14
f 1945/6/14 1963/6/14 1968/6/14
f 1965/6/44 294/6/44 1970/6/44
f 1968/6/45 1973/6/45 1972/6/45
f 1966/6/4 1971/6/4 294/6/4
f 1964/6/46 1970/6/46 1969/6/46
f 1963/6/2 1969/6/2 1973/6/2
f 1975/6/46 1977/6/46 1976/6/46
f 1977/6/44 1979/6/44 1978/6/44
f 1979/6/4 1981/6/4 1980/6/4
f 1981/6/43 1983/6/43 1982/6/43
f 1981/6/536 1979/6/536 1988/6/536
f 1983/6/45 1985/6/45 1984/6/45
f 1985/6/2 1975/6/2 1974/6/2
f 1978/6/14 1998/6/14 2002/6/14
f 1987/6/44 1993/6/44 1994/6/44
f 1985/6/537 1991/6/537 1986/6/537
f 1983/6/538 1981/6/538 1989/6/538
f 1977/6/539 1987/6/539 1988/6/539
f 1983/6/540 1990/6/540 1991/6/540
f 1977/6/541 1975/6/541 1986/6/541
f 1994/6/577 2054/6/579 2055/6/796
f 1990/6/45 1996/6/45 1997/6/45
f 1988/6/4 1994/6/4 1995/6/4
f 1986/6/46 1992/6/46 1993/6/46
f 1991/6/2 1997/6/2 1992/6/2
f 1990/6/43 1989/6/43 1995/6/43
f 1984/6/14 2000/6/14 1999/6/14
f 1974/6/14 1976/6/14 2002/6/14
f 1978/6/14 1980/6/14 2003/6/14
f 1974/6/14 2001/6/14 2000/6/14
f 1980/6/14 1982/6/14 1999/6/14
f 2000/6/2 2001/6/2 2004/6/2
f 2008/6/11 2009/6/11 2015/6/11
f 1999/6/43 2008/6/43 2007/6/43
f 1998/6/44 2006/6/44 2005/6/44
f 1999/6/45 2000/6/45 2009/6/45
f 2003/6/4 2007/6/4 2006/6/4
f 2002/6/46 2005/6/46 2004/6/46
f 2015/6/2 2010/6/2 2016/6/2
f 2006/6/11 2007/6/11 2013/6/11
f 2005/6/11 2011/6/11 2010/6/11
f 2009/6/11 2004/6/11 2010/6/11
f 2008/6/11 2014/6/11 2013/6/11
f 2005/6/11 2006/6/11 2012/6/11
f 2021/6/543 2027/6/797 2026/6/544
f 2014/6/43 2020/6/43 2019/6/43
f 2012/6/44 2018/6/44 2017/6/44
f 2015/6/45 2021/6/45 2020/6/45
f 2013/6/4 2019/6/4 2018/6/4
f 2010/6/46 2011/6/46 2017/6/46
f 2022/6/4 2028/6/4 2033/6/4
f 2019/6/798 2025/6/798 2024/6/798
f 2016/6/549 2017/6/550 2023/6/550
f 2021/6/799 2016/6/549 2022/6/551
f 2019/6/553 2020/6/800 2026/6/554
f 2018/6/548 2024/6/547 2023/6/550
f 2026/6/556 2032/6/556 2031/6/556
f 2023/6/45 2024/6/45 2030/6/45
f 2026/6/557 2027/6/557 2033/6/557
f 2024/6/2 2025/6/2 2031/6/2
f 2023/6/43 2029/6/43 2028/6/43
f 2033/6/558 2039/6/566 2038/6/559
f 2030/6/560 2031/6/567 2037/6/561
f 2028/6/563 2029/6/564 2035/6/564
f 2028/6/563 2034/6/565 2039/6/566
f 2031/6/567 2032/6/559 2038/6/559
f 2030/6/560 2036/6/562 2035/6/564
f 2037/6/556 2038/6/556 2044/6/556
f 2036/6/45 2042/6/45 2041/6/45
f 2039/6/557 2045/6/557 2044/6/557
f 2037/6/2 2043/6/2 2042/6/2
f 2034/6/43 2035/6/43 2041/6/43
f 2039/6/4 2034/6/4 2040/6/4
f 2043/6/568 2049/6/569 2048/6/569
f 2041/6/571 2047/6/571 2046/6/571
f 2045/6/572 2040/6/801 2046/6/573
f 2044/6/574 2050/6/574 2049/6/574
f 2041/6/575 2042/6/575 2048/6/575
f 2044/6/576 2045/6/576 2051/6/576
f 2048/6/45 2054/6/45 2053/6/45
f 2051/6/557 2057/6/557 2056/6/557
f 2049/6/2 2055/6/2 2054/6/2
f 2046/6/43 2047/6/43 2053/6/43
f 2051/6/4 2046/6/4 2052/6/4
f 2050/6/556 2056/6/556 2055/6/556
f 1994/6/577 1993/6/581 2053/6/578
f 1992/6/580 2052/6/583 2053/6/578
f 1992/6/802 1997/6/802 2057/6/802
f 1997/6/584 1996/6/803 2056/6/585
f 1995/6/587 2055/6/804 2056/6/588
f 356/1/62 357/1/62 360/1/62
f 365/1/63 364/1/64 360/1/65
f 356/1/66 359/1/66 355/1/66
f 353/1/67 358/1/67 357/1/67
f 355/1/68 364/1/68 1616/1/68
f 354/1/69 365/1/69 358/1/69
f 1618/1/70 366/1/70 361/1/70
f 369/1/71 365/1/72 366/1/73
f 368/1/74 1618/1/74 363/1/74
f 361/1/75 367/1/75 362/1/75
f 364/1/68 363/1/68 1616/1/68
f 362/1/69 365/1/69 1617/1/69
f 505/1/116 492/1/116 498/1/116
f 493/1/2 496/1/2 492/1/2
f 513/1/117 494/1/117 506/1/117
f 494/1/4 491/1/4 490/1/4
f 506/1/118 490/1/118 501/1/118
f 502/1/119 495/1/119 513/1/119
f 493/1/119 510/1/119 497/1/119
f 505/1/120 511/1/120 510/1/120
f 504/1/119 512/1/119 511/1/119
f 512/1/121 502/1/121 513/1/121
f 496/1/118 498/1/118 492/1/118
f 509/1/118 499/1/118 498/1/118
f 508/1/118 500/1/118 499/1/118
f 500/1/118 506/1/118 501/1/118
f 497/1/117 509/1/117 496/1/117
f 509/1/117 511/1/117 508/1/117
f 511/1/117 507/1/117 508/1/117
f 512/1/117 506/1/117 507/1/117
f 491/1/116 501/1/116 490/1/116
f 501/1/116 503/1/116 500/1/116
f 503/1/116 499/1/116 500/1/116
f 504/1/116 498/1/116 499/1/116
f 705/1/184 714/1/184 706/1/184
f 706/1/2 709/1/2 705/1/2
f 718/1/14 707/1/14 717/1/14
f 707/1/4 704/1/4 703/1/4
f 717/1/185 703/1/185 715/1/185
f 716/1/186 708/1/186 718/1/186
f 720/1/187 713/1/187 719/1/187
f 703/1/188 712/1/188 711/1/188
f 716/1/189 714/1/190 720/1/191
f 715/1/192 711/1/193 719/1/194
f 715/1/192 713/1/195 705/1/196
f 716/1/189 712/1/197 704/1/198
f 711/1/199 720/1/199 719/1/199
f 706/1/186 718/1/186 710/1/186
f 709/1/185 715/1/185 705/1/185
f 710/1/14 717/1/14 709/1/14
f 925/1/11 906/1/11 912/1/11
f 910/1/2 895/1/2 907/1/2
f 926/1/5 898/1/5 924/1/5
f 925/1/212 914/1/212 918/1/212
f 924/1/5 916/1/5 929/1/5
f 915/1/2 910/1/2 919/1/2
f 896/1/5 917/1/5 913/1/5
f 897/1/213 902/1/213 895/1/213
f 892/1/6 918/1/6 915/1/6
f 894/1/5 904/1/5 896/1/5
f 895/1/14 911/1/14 907/1/14
f 927/1/11 925/1/11 912/1/11
f 927/1/11 900/1/11 923/1/11
f 907/1/14 901/1/14 894/1/14
f 919/1/2 896/1/2 913/1/2
f 893/1/4 909/1/4 898/1/4
f 898/1/4 909/1/4 916/1/4
f 928/1/14 893/1/14 926/1/14
f 910/1/2 894/1/2 896/1/2
f 912/1/11 891/1/11 900/1/11
f 921/1/4 890/1/4 905/1/4
f 906/1/2 913/1/2 891/1/2
f 915/1/6 903/1/6 897/1/6
f 913/1/5 900/1/5 891/1/5
f 892/1/2 919/1/2 906/1/2
f 929/1/5 889/1/5 923/1/5
f 922/1/4 889/1/4 916/1/4
f 903/1/4 920/1/4 899/1/4
f 899/1/4 902/1/4 903/1/4
f 928/1/214 899/1/215 930/1/216
f 909/1/4 922/1/4 916/1/4
f 921/1/217 930/1/218 931/1/219
f 931/1/14 914/1/14 921/1/14
f 920/1/14 918/1/14 931/1/14
f 931/1/219 899/1/220 920/1/220
f 908/1/221 930/1/216 909/1/222
f 917/1/5 923/1/5 900/1/5
f 911/1/14 926/1/14 901/1/14
f 905/1/11 923/1/11 889/1/11
f 890/1/11 927/1/11 905/1/11
f 904/1/5 929/1/5 917/1/5
f 901/1/5 924/1/5 904/1/5
f 949/1/11 968/1/11 955/1/11
f 953/1/4 938/1/4 940/1/4
f 941/1/5 969/1/5 967/1/5
f 957/1/223 968/1/223 961/1/223
f 959/1/5 967/1/5 972/1/5
f 953/1/4 958/1/4 962/1/4
f 960/1/5 939/1/5 956/1/5
f 945/1/213 940/1/213 938/1/213
f 961/1/6 935/1/6 958/1/6
f 947/1/5 937/1/5 939/1/5
f 954/1/14 938/1/14 950/1/14
f 982/1/5 977/1/5 983/1/5
f 980/1/224 978/1/224 981/1/224
f 944/1/14 950/1/14 937/1/14
f 939/1/4 962/1/4 956/1/4
f 936/1/2 952/1/2 951/1/2
f 941/1/2 959/1/2 952/1/2
f 936/1/14 971/1/14 969/1/14
f 937/1/4 953/1/4 939/1/4
f 934/1/11 955/1/11 943/1/11
f 933/1/2 957/1/2 964/1/2
f 956/1/4 949/1/4 934/1/4
f 946/1/6 958/1/6 940/1/6
f 943/1/5 956/1/5 934/1/5
f 962/1/4 935/1/4 949/1/4
f 932/1/5 972/1/5 966/1/5
f 932/1/2 965/1/2 959/1/2
f 946/1/2 963/1/2 961/1/2
f 942/1/2 945/1/2 954/1/2
f 971/1/225 942/1/226 954/1/227
f 952/1/2 965/1/2 964/1/2
f 973/1/228 964/1/228 974/1/228
f 974/1/14 957/1/14 961/1/14
f 963/1/14 974/1/14 961/1/14
f 942/1/228 974/1/228 963/1/228
f 951/1/229 973/1/230 971/1/225
f 966/1/5 960/1/5 943/1/5
f 969/1/14 954/1/14 944/1/14
f 966/1/11 948/1/11 932/1/11
f 970/1/11 933/1/11 948/1/11
f 972/1/5 947/1/5 960/1/5
f 967/1/5 944/1/5 947/1/5
f 979/1/11 976/1/11 978/1/11
f 975/1/11 979/1/11 977/1/11
f 984/1/4 975/1/4 982/1/4
f 983/1/2 979/1/2 980/1/2
f 981/1/4 976/1/4 984/1/4
f 955/1/4 981/1/4 984/1/4
f 966/1/2 980/1/2 970/1/2
f 955/1/4 982/1/4 943/1/4
f 970/1/231 981/1/231 968/1/231
f 943/1/5 983/1/5 966/1/5
f 1004/1/11 998/1/11 1016/1/11
f 998/1/2 992/1/2 999/1/2
f 1008/1/232 1000/1/232 1014/1/232
f 990/1/4 997/1/4 1000/1/4
f 1005/1/5 985/1/5 1002/1/5
f 1003/1/6 990/1/6 1008/1/6
f 996/1/4 985/1/4 989/1/4
f 1010/1/14 989/1/14 1005/1/14
f 994/1/2 991/1/2 987/1/2
f 1012/1/11 987/1/11 1001/1/11
f 1000/1/4 993/1/4 996/1/4
f 1010/1/233 1000/1/233 996/1/233
f 994/1/2 999/1/2 995/1/2
f 1012/1/11 998/1/11 994/1/11
f 997/1/11 1011/1/11 993/1/11
f 1015/1/11 1012/1/11 1011/1/11
f 999/1/233 1009/1/233 995/1/233
f 1013/1/233 1010/1/233 1009/1/233
f 993/1/11 1002/1/11 985/1/11
f 1011/1/11 1001/1/11 1002/1/11
f 995/1/14 1006/1/14 991/1/14
f 1009/1/14 1005/1/14 1006/1/14
f 988/1/6 1007/1/6 992/1/6
f 991/1/5 1001/1/5 987/1/5
f 1006/1/5 1002/1/5 1001/1/5
f 992/1/232 1013/1/232 999/1/232
f 1007/1/4 1016/1/4 1013/1/4
f 986/1/11 1015/1/11 997/1/11
f 1014/1/234 1016/1/234 1015/1/234
f 1015/1/2 1008/1/2 1014/1/2
f 1258/1/11 1259/1/11 1257/1/11
f 1260/1/2 1263/1/2 1259/1/2
f 1264/1/14 1261/1/14 1263/1/14
f 1262/1/4 1257/1/4 1261/1/4
f 1263/1/5 1257/1/5 1259/1/5
f 1260/1/6 1262/1/6 1264/1/6
f 1351/1/6 1305/1/6 1339/1/6
f 1311/1/4 1308/1/4 1297/1/4
f 1318/1/14 1298/1/14 1317/1/14
f 1312/1/4 1316/1/4 1320/1/4
f 1306/1/11 1307/1/11 1293/1/11
f 1300/1/328 1312/1/328 1315/1/328
f 1296/1/5 1313/1/5 1310/1/5
f 1302/1/11 1301/1/11 1307/1/11
f 1308/1/329 1296/1/329 1295/1/329
f 1307/1/4 1313/1/4 1314/1/4
f 1293/1/4 1314/1/4 1311/1/4
f 1297/1/330 1295/1/330 1299/1/330
f 1356/1/14 1305/1/14 1318/1/14
f 1350/1/5 1304/1/5 1340/1/5
f 1337/1/11 1302/1/11 1306/1/11
f 1341/1/331 1310/1/331 1350/1/331
f 1294/1/11 1319/1/11 1316/1/11
f 1343/1/11 1304/1/11 1302/1/11
f 1309/1/2 1299/1/2 1296/1/2
f 1338/1/6 1315/1/6 1351/1/6
f 1318/1/5 1341/1/5 1356/1/5
f 1300/1/11 1357/1/11 1319/1/11
f 1314/1/4 1303/1/4 1308/1/4
f 1310/1/5 1301/1/5 1304/1/5
f 1315/1/328 1298/1/328 1305/1/328
f 1298/1/4 1320/1/4 1317/1/4
f 1317/1/4 1311/1/4 1297/1/4
f 1319/1/11 1337/1/11 1306/1/11
f 1316/1/11 1306/1/11 1293/1/11
f 1320/1/4 1293/1/4 1311/1/4
f 1318/1/14 1297/1/14 1299/1/14
f 1333/1/6 1351/1/6 1339/1/6
f 1336/1/2 1345/1/2 1325/1/2
f 1354/1/14 1326/1/14 1333/1/14
f 1352/1/2 1346/1/2 1358/1/2
f 1335/1/11 1334/1/11 1321/1/11
f 1346/1/332 1328/1/332 1349/1/332
f 1347/1/5 1324/1/5 1344/1/5
f 1329/1/11 1330/1/11 1335/1/11
f 1324/1/329 1336/1/329 1323/1/329
f 1347/1/2 1335/1/2 1348/1/2
f 1348/1/2 1321/1/2 1345/1/2
f 1323/1/330 1325/1/330 1327/1/330
f 1356/1/14 1333/1/14 1339/1/14
f 1332/1/5 1350/1/5 1340/1/5
f 1330/1/11 1337/1/11 1334/1/11
f 1344/1/331 1341/1/331 1350/1/331
f 1355/1/11 1322/1/11 1352/1/11
f 1332/1/11 1343/1/11 1330/1/11
f 1327/1/4 1354/1/4 1342/1/4
f 1349/1/6 1338/1/6 1351/1/6
f 1341/1/5 1354/1/5 1356/1/5
f 1357/1/11 1328/1/11 1355/1/11
f 1331/1/2 1348/1/2 1336/1/2
f 1329/1/5 1344/1/5 1332/1/5
f 1326/1/332 1349/1/332 1333/1/332
f 1358/1/2 1326/1/2 1353/1/2
f 1345/1/2 1353/1/2 1325/1/2
f 1337/1/11 1355/1/11 1334/1/11
f 1334/1/11 1352/1/11 1321/1/11
f 1321/1/2 1358/1/2 1345/1/2
f 1325/1/14 1354/1/14 1327/1/14
f 2152/1/4 2147/1/4 2150/1/4
f 2152/1/619 2178/1/619 2149/1/619
f 2179/1/620 2148/1/620 2146/1/620
f 2178/1/621 2147/1/621 2149/1/621
f 2182/1/622 2153/1/622 2148/1/622
f 2184/1/623 2152/1/623 2153/1/623
f 2148/1/4 2151/1/4 2146/1/4
f 2153/1/4 2150/1/4 2151/1/4
f 2166/1/624 2158/1/624 2168/1/624
f 2157/1/6 2167/1/6 2169/1/6
f 2162/1/14 2155/1/14 2164/1/14
f 2166/1/4 2160/1/4 2156/1/4
f 2169/1/2 2170/1/2 2172/1/2
f 2212/1/6 2169/1/6 2218/1/6
f 2211/1/625 2171/1/625 2162/1/625
f 2182/1/4 2179/1/4 2163/1/4
f 2161/1/6 2159/1/6 2162/1/6
f 2155/1/626 2154/1/626 2164/1/626
f 2168/1/624 2210/1/624 2219/1/624
f 2173/1/627 2175/1/627 2164/1/627
f 2157/1/628 2210/1/628 2158/1/628
f 2154/1/624 2219/1/624 2213/1/624
f 2160/1/628 2158/1/628 2156/1/628
f 2211/1/14 2164/1/14 2209/1/14
f 2163/1/4 2167/1/4 2166/1/4
f 2169/1/6 2165/1/6 2161/1/6
f 2163/1/624 2168/1/624 2154/1/624
f 2174/1/629 2170/1/629 2171/1/629
f 2225/1/630 2170/1/631 2223/1/632
f 2169/1/633 2225/1/633 2218/1/633
f 2161/1/2 2171/1/2 2170/1/2
f 2232/1/11 2176/1/11 2233/1/11
f 2228/1/14 2174/1/14 2173/1/14
f 2174/1/2 2175/1/2 2173/1/2
f 2179/1/634 2151/1/634 2180/1/634
f 2177/1/4 2159/1/4 2165/1/4
f 2150/1/635 2177/1/635 2181/1/635
f 2180/1/636 2150/1/636 2181/1/636
f 2243/1/637 2263/1/637 2245/1/637
f 2246/1/638 2244/1/638 2242/1/638
f 2243/1/639 2249/1/639 2247/1/639
f 2246/1/640 2252/1/640 2248/1/640
f 2249/1/641 2251/1/641 2247/1/641
f 2257/1/11 2186/1/11 2255/1/11
f 2250/1/642 2256/1/642 2252/1/642
f 2253/1/643 2255/1/643 2251/1/643
f 2186/1/644 2258/1/644 2185/1/644
f 2255/1/2 2185/1/2 2254/1/2
f 2254/1/14 2258/1/14 2256/1/14
f 2265/1/645 2270/1/645 2267/1/645
f 2261/1/646 2267/1/646 2263/1/646
f 2262/1/647 2264/1/647 2260/1/647
f 2266/1/648 2268/1/648 2264/1/648
f 2266/1/4 2270/1/4 2187/1/4
f 2188/1/649 2271/1/649 2273/1/649
f 2270/1/4 2273/1/4 2187/1/4
f 2269/1/14 2188/1/14 2270/1/14
f 2187/1/11 2271/1/11 2268/1/11
f 2190/1/2 2195/1/2 2193/1/2
f 2195/1/650 2235/1/650 2240/1/650
f 2191/1/651 2236/1/651 2189/1/651
f 2190/1/652 2235/1/652 2192/1/652
f 2196/1/653 2239/1/653 2191/1/653
f 2195/1/654 2241/1/654 2196/1/654
f 2194/1/2 2191/1/2 2189/1/2
f 2193/1/2 2196/1/2 2194/1/2
f 2201/1/624 2214/1/624 2216/1/624
f 2215/1/6 2200/1/6 2217/1/6
f 2198/1/14 2205/1/14 2207/1/14
f 2214/1/2 2203/1/2 2215/1/2
f 2217/1/4 2220/1/4 2204/1/4
f 2217/1/6 2212/1/6 2218/1/6
f 2221/1/625 2211/1/625 2205/1/625
f 2198/1/2 2239/1/2 2241/1/2
f 2202/1/6 2204/1/6 2205/1/6
f 2197/1/626 2198/1/626 2207/1/626
f 2210/1/624 2216/1/624 2219/1/624
f 2226/1/655 2197/1/655 2207/1/655
f 2210/1/628 2200/1/628 2201/1/628
f 2219/1/624 2197/1/624 2213/1/624
f 2201/1/628 2203/1/628 2199/1/628
f 2207/1/14 2211/1/14 2209/1/14
f 2206/1/2 2215/1/2 2208/1/2
f 2208/1/6 2217/1/6 2204/1/6
f 2197/1/624 2214/1/624 2206/1/624
f 2227/1/656 2231/1/656 2221/1/656
f 2220/1/631 2225/1/630 2223/1/632
f 2225/1/633 2217/1/633 2218/1/633
f 2204/1/4 2221/1/4 2205/1/4
f 2231/1/11 2232/1/11 2233/1/11
f 2227/1/14 2228/1/14 2226/1/14
f 2227/1/4 2230/1/4 2231/1/4
f 2236/1/657 2194/1/657 2189/1/657
f 2208/1/2 2202/1/2 2234/1/2
f 2234/1/658 2193/1/658 2238/1/658
f 2237/1/659 2193/1/659 2194/1/659
f 2261/1/637 2245/1/637 2243/1/637
f 2248/1/4 2245/1/4 2244/1/4
f 2252/1/4 2249/1/4 2248/1/4
f 2246/1/2 2243/1/2 2247/1/2
f 2242/1/638 2248/1/638 2244/1/638
f 2247/1/639 2245/1/639 2249/1/639
f 2251/1/2 2254/1/2 2250/1/2
f 2247/1/2 2250/1/2 2246/1/2
f 2250/1/640 2248/1/640 2246/1/640
f 2253/1/641 2247/1/641 2249/1/641
f 2259/1/11 2255/1/11 2257/1/11
f 2254/1/642 2252/1/642 2250/1/642
f 2257/1/643 2251/1/643 2253/1/643
f 2256/1/4 2253/1/4 2252/1/4
f 2185/1/644 2259/1/644 2258/1/644
f 2258/1/4 2257/1/4 2256/1/4
f 2185/1/14 2256/1/14 2254/1/14
f 2267/1/4 2262/1/4 2263/1/4
f 2244/1/660 2260/1/660 2242/1/660
f 2263/1/4 2244/1/4 2245/1/4
f 2242/1/2 2261/1/2 2243/1/2
f 2269/1/645 2267/1/645 2265/1/645
f 2260/1/2 2265/1/2 2261/1/2
f 2265/1/646 2263/1/646 2261/1/646
f 2266/1/647 2260/1/647 2262/1/647
f 2187/1/648 2264/1/648 2266/1/648
f 2270/1/4 2266/1/4 2267/1/4
f 2264/1/2 2269/1/2 2265/1/2
f 2273/1/649 2272/1/649 2271/1/649
f 2271/1/2 2269/1/2 2268/1/2
f 2272/1/14 2270/1/14 2269/1/14
f 2273/1/11 2268/1/11 2187/1/11
f 356/1/62 353/1/62 357/1/62
f 364/1/64 359/1/728 360/1/65
f 360/1/729 357/1/730 365/1/731
f 357/1/730 358/1/732 365/1/731
f 356/1/66 360/1/66 359/1/66
f 353/1/67 354/1/67 358/1/67
f 355/1/68 359/1/68 364/1/68
f 354/1/69 1617/1/69 365/1/69
f 1618/1/70 369/1/70 366/1/70
f 369/1/733 368/1/728 364/1/64
f 364/1/64 365/1/63 369/1/733
f 365/1/72 367/1/732 366/1/73
f 368/1/74 369/1/74 1618/1/74
f 361/1/75 366/1/75 367/1/75
f 364/1/68 368/1/68 363/1/68
f 362/1/69 367/1/69 365/1/69
f 505/1/116 493/1/116 492/1/116
f 493/1/2 497/1/2 496/1/2
f 513/1/117 495/1/117 494/1/117
f 494/1/4 495/1/4 491/1/4
f 506/1/118 494/1/118 490/1/118
f 502/1/119 491/1/119 495/1/119
f 493/1/119 505/1/119 510/1/119
f 505/1/120 504/1/120 511/1/120
f 504/1/119 503/1/119 512/1/119
f 512/1/121 503/1/121 502/1/121
f 496/1/118 509/1/118 498/1/118
f 509/1/118 508/1/118 499/1/118
f 508/1/118 507/1/118 500/1/118
f 500/1/118 507/1/118 506/1/118
f 497/1/117 510/1/117 509/1/117
f 509/1/117 510/1/117 511/1/117
f 511/1/117 512/1/117 507/1/117
f 512/1/117 513/1/117 506/1/117
f 491/1/116 502/1/116 501/1/116
f 501/1/116 502/1/116 503/1/116
f 503/1/116 504/1/116 499/1/116
f 504/1/116 505/1/116 498/1/116
f 705/1/184 713/1/184 714/1/184
f 706/1/2 710/1/2 709/1/2
f 718/1/14 708/1/14 707/1/14
f 707/1/4 708/1/4 704/1/4
f 717/1/185 707/1/185 703/1/185
f 716/1/186 704/1/186 708/1/186
f 720/1/187 714/1/187 713/1/187
f 703/1/188 704/1/188 712/1/188
f 716/1/189 706/1/198 714/1/190
f 715/1/192 703/1/196 711/1/193
f 715/1/192 719/1/194 713/1/195
f 716/1/189 720/1/191 712/1/197
f 711/1/199 712/1/199 720/1/199
f 706/1/186 716/1/186 718/1/186
f 709/1/185 717/1/185 715/1/185
f 710/1/14 718/1/14 717/1/14
f 925/1/11 892/1/11 906/1/11
f 910/1/2 897/1/2 895/1/2
f 926/1/5 893/1/5 898/1/5
f 925/1/212 890/1/212 914/1/212
f 924/1/5 898/1/5 916/1/5
f 915/1/2 897/1/2 910/1/2
f 896/1/5 904/1/5 917/1/5
f 897/1/213 903/1/213 902/1/213
f 892/1/6 925/1/6 918/1/6
f 894/1/5 901/1/5 904/1/5
f 895/1/14 902/1/14 911/1/14
f 927/1/11 912/1/11 900/1/11
f 907/1/14 911/1/14 901/1/14
f 919/1/2 910/1/2 896/1/2
f 893/1/4 908/1/4 909/1/4
f 928/1/14 908/1/14 893/1/14
f 910/1/2 907/1/2 894/1/2
f 912/1/11 906/1/11 891/1/11
f 905/1/4 922/1/4 921/1/4
f 921/1/4 914/1/4 890/1/4
f 906/1/2 919/1/2 913/1/2
f 915/1/6 918/1/6 903/1/6
f 913/1/5 917/1/5 900/1/5
f 892/1/2 915/1/2 919/1/2
f 929/1/5 916/1/5 889/1/5
f 922/1/4 905/1/4 889/1/4
f 903/1/4 918/1/4 920/1/4
f 899/1/4 911/1/4 902/1/4
f 928/1/214 911/1/227 899/1/215
f 909/1/4 921/1/4 922/1/4
f 921/1/217 909/1/217 930/1/218
f 931/1/14 918/1/14 914/1/14
f 931/1/219 930/1/218 899/1/220
f 908/1/221 928/1/214 930/1/216
f 917/1/5 929/1/5 923/1/5
f 911/1/14 928/1/14 926/1/14
f 905/1/11 927/1/11 923/1/11
f 890/1/11 925/1/11 927/1/11
f 904/1/5 924/1/5 929/1/5
f 901/1/5 926/1/5 924/1/5
f 949/1/11 935/1/11 968/1/11
f 953/1/4 950/1/4 938/1/4
f 941/1/5 936/1/5 969/1/5
f 957/1/223 933/1/223 968/1/223
f 959/1/5 941/1/5 967/1/5
f 953/1/4 940/1/4 958/1/4
f 960/1/5 947/1/5 939/1/5
f 945/1/213 946/1/213 940/1/213
f 961/1/6 968/1/6 935/1/6
f 947/1/5 944/1/5 937/1/5
f 954/1/14 945/1/14 938/1/14
f 982/1/5 975/1/5 977/1/5
f 980/1/224 979/1/224 978/1/224
f 944/1/14 954/1/14 950/1/14
f 939/1/4 953/1/4 962/1/4
f 936/1/2 941/1/2 952/1/2
f 936/1/14 951/1/14 971/1/14
f 937/1/4 950/1/4 953/1/4
f 934/1/11 949/1/11 955/1/11
f 964/1/2 965/1/2 948/1/2
f 948/1/2 933/1/2 964/1/2
f 956/1/4 962/1/4 949/1/4
f 946/1/6 961/1/6 958/1/6
f 943/1/5 960/1/5 956/1/5
f 962/1/4 958/1/4 935/1/4
f 932/1/5 959/1/5 972/1/5
f 932/1/2 948/1/2 965/1/2
f 946/1/2 942/1/2 963/1/2
f 942/1/2 946/1/2 945/1/2
f 971/1/225 973/1/230 942/1/226
f 952/1/2 959/1/2 965/1/2
f 973/1/228 952/1/228 964/1/228
f 974/1/14 964/1/14 957/1/14
f 942/1/228 973/1/228 974/1/228
f 951/1/229 952/1/741 973/1/230
f 966/1/5 972/1/5 960/1/5
f 969/1/14 971/1/14 954/1/14
f 966/1/11 970/1/11 948/1/11
f 970/1/11 968/1/11 933/1/11
f 972/1/5 967/1/5 947/1/5
f 967/1/5 969/1/5 944/1/5
f 975/1/11 976/1/11 979/1/11
f 984/1/4 976/1/4 975/1/4
f 983/1/2 977/1/2 979/1/2
f 981/1/4 978/1/4 976/1/4
f 955/1/4 968/1/4 981/1/4
f 966/1/2 983/1/2 980/1/2
f 955/1/4 984/1/4 982/1/4
f 970/1/224 980/1/224 981/1/224
f 943/1/5 982/1/5 983/1/5
f 1004/1/11 988/1/11 998/1/11
f 998/1/2 988/1/2 992/1/2
f 1008/1/232 990/1/232 1000/1/232
f 990/1/4 986/1/4 997/1/4
f 1005/1/5 989/1/5 985/1/5
f 1003/1/6 986/1/6 990/1/6
f 996/1/4 993/1/4 985/1/4
f 1010/1/14 996/1/14 989/1/14
f 994/1/2 995/1/2 991/1/2
f 1012/1/11 994/1/11 987/1/11
f 1000/1/4 997/1/4 993/1/4
f 1010/1/233 1014/1/233 1000/1/233
f 994/1/2 998/1/2 999/1/2
f 1012/1/11 1016/1/11 998/1/11
f 997/1/11 1015/1/11 1011/1/11
f 1015/1/11 1016/1/11 1012/1/11
f 999/1/233 1013/1/233 1009/1/233
f 1013/1/233 1014/1/233 1010/1/233
f 993/1/11 1011/1/11 1002/1/11
f 1011/1/11 1012/1/11 1001/1/11
f 995/1/14 1009/1/14 1006/1/14
f 1009/1/14 1010/1/14 1005/1/14
f 988/1/6 1004/1/6 1007/1/6
f 991/1/5 1006/1/5 1001/1/5
f 1006/1/5 1005/1/5 1002/1/5
f 992/1/232 1007/1/232 1013/1/232
f 1007/1/4 1004/1/4 1016/1/4
f 986/1/11 1003/1/11 1015/1/11
f 1014/1/234 1013/1/234 1016/1/234
f 1015/1/2 1003/1/2 1008/1/2
f 1258/1/11 1260/1/11 1259/1/11
f 1260/1/2 1264/1/2 1263/1/2
f 1264/1/14 1262/1/14 1261/1/14
f 1262/1/4 1258/1/4 1257/1/4
f 1263/1/5 1261/1/5 1257/1/5
f 1260/1/6 1258/1/6 1262/1/6
f 1351/1/6 1315/1/6 1305/1/6
f 1311/1/4 1314/1/4 1308/1/4
f 1318/1/14 1305/1/14 1298/1/14
f 1312/1/4 1294/1/4 1316/1/4
f 1306/1/11 1302/1/11 1307/1/11
f 1300/1/328 1294/1/328 1312/1/328
f 1296/1/5 1303/1/5 1313/1/5
f 1302/1/11 1304/1/11 1301/1/11
f 1308/1/329 1303/1/329 1296/1/329
f 1307/1/4 1301/1/4 1313/1/4
f 1293/1/4 1307/1/4 1314/1/4
f 1297/1/330 1308/1/330 1295/1/330
f 1356/1/14 1339/1/14 1305/1/14
f 1350/1/5 1310/1/5 1304/1/5
f 1337/1/11 1343/1/11 1302/1/11
f 1341/1/331 1309/1/331 1310/1/331
f 1294/1/11 1300/1/11 1319/1/11
f 1343/1/11 1340/1/11 1304/1/11
f 1295/1/2 1296/1/2 1299/1/2
f 1296/1/2 1310/1/2 1309/1/2
f 1309/1/2 1318/1/2 1299/1/2
f 1338/1/6 1300/1/6 1315/1/6
f 1318/1/5 1309/1/5 1341/1/5
f 1300/1/11 1338/1/11 1357/1/11
f 1314/1/4 1313/1/4 1303/1/4
f 1310/1/5 1313/1/5 1301/1/5
f 1315/1/328 1312/1/328 1298/1/328
f 1298/1/4 1312/1/4 1320/1/4
f 1317/1/4 1320/1/4 1311/1/4
f 1319/1/11 1357/1/11 1337/1/11
f 1316/1/11 1319/1/11 1306/1/11
f 1320/1/4 1316/1/4 1293/1/4
f 1318/1/14 1317/1/14 1297/1/14
f 1333/1/6 1349/1/6 1351/1/6
f 1336/1/2 1348/1/2 1345/1/2
f 1354/1/14 1353/1/14 1326/1/14
f 1352/1/2 1322/1/2 1346/1/2
f 1335/1/11 1330/1/11 1334/1/11
f 1346/1/332 1322/1/332 1328/1/332
f 1347/1/5 1331/1/5 1324/1/5
f 1329/1/11 1332/1/11 1330/1/11
f 1324/1/329 1331/1/329 1336/1/329
f 1347/1/2 1329/1/2 1335/1/2
f 1348/1/2 1335/1/2 1321/1/2
f 1323/1/330 1336/1/330 1325/1/330
f 1356/1/14 1354/1/14 1333/1/14
f 1332/1/5 1344/1/5 1350/1/5
f 1330/1/11 1343/1/11 1337/1/11
f 1344/1/331 1342/1/331 1341/1/331
f 1355/1/11 1328/1/11 1322/1/11
f 1332/1/11 1340/1/11 1343/1/11
f 1344/1/4 1324/1/4 1342/1/4
f 1324/1/4 1323/1/4 1327/1/4
f 1342/1/4 1324/1/4 1327/1/4
f 1349/1/6 1328/1/6 1338/1/6
f 1341/1/5 1342/1/5 1354/1/5
f 1357/1/11 1338/1/11 1328/1/11
f 1331/1/2 1347/1/2 1348/1/2
f 1329/1/5 1347/1/5 1344/1/5
f 1326/1/332 1346/1/332 1349/1/332
f 1358/1/2 1346/1/2 1326/1/2
f 1345/1/2 1358/1/2 1353/1/2
f 1337/1/11 1357/1/11 1355/1/11
f 1334/1/11 1355/1/11 1352/1/11
f 1321/1/2 1352/1/2 1358/1/2
f 1325/1/14 1353/1/14 1354/1/14
f 2152/1/4 2149/1/4 2147/1/4
f 2152/1/619 2183/1/619 2178/1/619
f 2179/1/620 2182/1/620 2148/1/620
f 2178/1/621 2177/1/621 2147/1/621
f 2182/1/622 2184/1/622 2153/1/622
f 2184/1/623 2183/1/623 2152/1/623
f 2148/1/4 2153/1/4 2151/1/4
f 2153/1/4 2152/1/4 2150/1/4
f 2166/1/624 2156/1/624 2158/1/624
f 2157/1/6 2160/1/6 2167/1/6
f 2162/1/14 2159/1/14 2155/1/14
f 2166/1/4 2167/1/4 2160/1/4
f 2169/1/2 2161/1/2 2170/1/2
f 2212/1/6 2157/1/6 2169/1/6
f 2211/1/625 2222/1/625 2171/1/625
f 2155/1/4 2183/1/4 2184/1/4
f 2155/1/4 2184/1/4 2182/1/4
f 2179/1/4 2180/1/4 2163/1/4
f 2155/1/4 2182/1/4 2163/1/4
f 2161/1/6 2165/1/6 2159/1/6
f 2155/1/626 2163/1/626 2154/1/626
f 2168/1/624 2158/1/624 2210/1/624
f 2232/1/813 2209/1/813 2175/1/813
f 2209/1/813 2164/1/813 2175/1/813
f 2154/1/814 2213/1/814 2173/1/814
f 2213/1/814 2228/1/814 2173/1/814
f 2154/1/815 2173/1/815 2164/1/815
f 2157/1/628 2212/1/628 2210/1/628
f 2154/1/624 2168/1/624 2219/1/624
f 2160/1/628 2157/1/628 2158/1/628
f 2211/1/14 2162/1/14 2164/1/14
f 2163/1/4 2165/1/4 2167/1/4
f 2169/1/6 2167/1/6 2165/1/6
f 2163/1/624 2166/1/624 2168/1/624
f 2171/1/816 2222/1/816 2176/1/816
f 2222/1/816 2233/1/816 2176/1/816
f 2229/1/632 2223/1/632 2174/1/632
f 2223/1/632 2170/1/631 2174/1/632
f 2171/1/817 2176/1/817 2174/1/817
f 2225/1/630 2172/1/630 2170/1/631
f 2169/1/633 2172/1/633 2225/1/633
f 2161/1/2 2162/1/2 2171/1/2
f 2232/1/11 2175/1/11 2176/1/11
f 2228/1/14 2229/1/14 2174/1/14
f 2174/1/2 2176/1/2 2175/1/2
f 2179/1/634 2146/1/634 2151/1/634
f 2165/1/4 2163/1/4 2181/1/4
f 2163/1/4 2180/1/4 2181/1/4
f 2183/1/4 2155/1/4 2159/1/4
f 2178/1/4 2183/1/4 2159/1/4
f 2165/1/4 2181/1/4 2177/1/4
f 2177/1/4 2178/1/4 2159/1/4
f 2150/1/635 2147/1/635 2177/1/635
f 2180/1/636 2151/1/636 2150/1/636
f 2243/1/637 2261/1/637 2263/1/637
f 2246/1/638 2248/1/638 2244/1/638
f 2243/1/639 2245/1/639 2249/1/639
f 2246/1/640 2250/1/640 2252/1/640
f 2249/1/641 2253/1/641 2251/1/641
f 2257/1/11 2259/1/11 2186/1/11
f 2250/1/642 2254/1/642 2256/1/642
f 2253/1/643 2257/1/643 2255/1/643
f 2186/1/644 2259/1/644 2258/1/644
f 2255/1/2 2186/1/2 2185/1/2
f 2254/1/14 2185/1/14 2258/1/14
f 2265/1/645 2269/1/645 2270/1/645
f 2261/1/646 2265/1/646 2267/1/646
f 2262/1/647 2266/1/647 2264/1/647
f 2266/1/648 2187/1/648 2268/1/648
f 2188/1/649 2272/1/649 2271/1/649
f 2270/1/4 2188/1/4 2273/1/4
f 2269/1/14 2272/1/14 2188/1/14
f 2187/1/11 2273/1/11 2271/1/11
f 2190/1/2 2192/1/2 2195/1/2
f 2195/1/650 2192/1/650 2235/1/650
f 2191/1/651 2239/1/651 2236/1/651
f 2190/1/652 2234/1/652 2235/1/652
f 2196/1/653 2241/1/653 2239/1/653
f 2195/1/654 2240/1/654 2241/1/654
f 2194/1/2 2196/1/2 2191/1/2
f 2193/1/2 2195/1/2 2196/1/2
f 2201/1/624 2199/1/624 2214/1/624
f 2215/1/6 2203/1/6 2200/1/6
f 2198/1/14 2202/1/14 2205/1/14
f 2214/1/2 2199/1/2 2203/1/2
f 2217/1/4 2224/1/4 2220/1/4
f 2217/1/6 2200/1/6 2212/1/6
f 2221/1/625 2222/1/625 2211/1/625
f 2206/1/2 2237/1/2 2236/1/2
f 2206/1/2 2236/1/2 2239/1/2
f 2241/1/2 2240/1/2 2198/1/2
f 2198/1/2 2206/1/2 2239/1/2
f 2202/1/6 2208/1/6 2204/1/6
f 2197/1/626 2206/1/626 2198/1/626
f 2210/1/624 2201/1/624 2216/1/624
f 2207/1/813 2209/1/813 2230/1/813
f 2209/1/813 2232/1/813 2230/1/813
f 2228/1/814 2213/1/814 2226/1/814
f 2213/1/814 2197/1/814 2226/1/814
f 2207/1/818 2230/1/818 2226/1/818
f 2210/1/628 2212/1/628 2200/1/628
f 2219/1/624 2216/1/624 2197/1/624
f 2201/1/628 2200/1/628 2203/1/628
f 2207/1/14 2205/1/14 2211/1/14
f 2206/1/2 2214/1/2 2215/1/2
f 2208/1/6 2215/1/6 2217/1/6
f 2197/1/624 2216/1/624 2214/1/624
f 2233/1/816 2222/1/816 2231/1/816
f 2222/1/816 2221/1/816 2231/1/816
f 2220/1/631 2223/1/632 2227/1/632
f 2223/1/632 2229/1/632 2227/1/632
f 2220/1/819 2227/1/819 2221/1/819
f 2220/1/631 2224/1/630 2225/1/630
f 2225/1/633 2224/1/633 2217/1/633
f 2204/1/4 2220/1/4 2221/1/4
f 2231/1/11 2230/1/11 2232/1/11
f 2227/1/14 2229/1/14 2228/1/14
f 2227/1/4 2226/1/4 2230/1/4
f 2236/1/657 2237/1/657 2194/1/657
f 2237/1/2 2206/1/2 2238/1/2
f 2206/1/2 2208/1/2 2238/1/2
f 2202/1/2 2198/1/2 2240/1/2
f 2202/1/2 2240/1/2 2235/1/2
f 2202/1/2 2235/1/2 2234/1/2
f 2234/1/2 2238/1/2 2208/1/2
f 2234/1/658 2190/1/658 2193/1/658
f 2237/1/659 2238/1/659 2193/1/659
f 2261/1/637 2263/1/637 2245/1/637
f 2248/1/4 2249/1/4 2245/1/4
f 2252/1/4 2253/1/4 2249/1/4
f 2246/1/2 2242/1/2 2243/1/2
f 2242/1/638 2246/1/638 2248/1/638
f 2247/1/639 2243/1/639 2245/1/639
f 2251/1/2 2255/1/2 2254/1/2
f 2247/1/2 2251/1/2 2250/1/2
f 2250/1/640 2252/1/640 2248/1/640
f 2253/1/641 2251/1/641 2247/1/641
f 2259/1/11 2186/1/11 2255/1/11
f 2254/1/642 2256/1/642 2252/1/642
f 2257/1/643 2255/1/643 2251/1/643
f 2256/1/4 2257/1/4 2253/1/4
f 2185/1/644 2186/1/820 2259/1/644
f 2258/1/4 2259/1/4 2257/1/4
f 2185/1/14 2258/1/14 2256/1/14
f 2267/1/4 2266/1/4 2262/1/4
f 2244/1/660 2262/1/660 2260/1/660
f 2263/1/4 2262/1/4 2244/1/4
f 2242/1/2 2260/1/2 2261/1/2
f 2269/1/645 2270/1/645 2267/1/645
f 2260/1/2 2264/1/2 2265/1/2
f 2265/1/646 2267/1/646 2263/1/646
f 2266/1/647 2264/1/647 2260/1/647
f 2187/1/648 2268/1/648 2264/1/648
f 2264/1/2 2268/1/2 2269/1/2
f 2273/1/649 2188/1/649 2272/1/649
f 2271/1/2 2272/1/2 2269/1/2
f 2272/1/14 2188/1/14 2270/1/14
f 2273/1/11 2271/1/11 2268/1/11
f 370/12/45 373/12/45 372/12/45
f 372/12/43 375/12/43 374/12/43
f 375/12/4 376/12/4 374/12/4
f 377/12/44 378/12/44 376/12/44
f 381/12/14 398/12/14 399/12/14
f 379/12/46 380/12/46 378/12/46
f 380/12/2 371/12/2 370/12/2
f 376/12/11 386/12/11 385/12/11
f 387/12/2 388/12/2 393/12/2
f 374/12/11 383/12/11 372/12/11
f 380/12/11 386/12/11 378/12/11
f 370/12/11 383/12/11 382/12/11
f 376/12/11 384/12/11 374/12/11
f 370/12/11 387/12/11 380/12/11
f 391/12/11 392/12/11 393/12/11
f 386/12/44 391/12/44 385/12/44
f 384/12/43 389/12/43 383/12/43
f 387/12/46 392/12/46 386/12/46
f 385/12/4 390/12/4 384/12/4
f 383/12/45 388/12/45 382/12/45
f 399/12/4 400/12/4 394/12/4
f 371/12/14 395/12/14 373/12/14
f 375/12/14 397/12/14 377/12/14
f 381/12/14 394/12/14 371/12/14
f 377/12/14 398/12/14 379/12/14
f 375/12/14 395/12/14 396/12/14
f 405/12/14 410/12/14 411/12/14
f 398/12/45 403/12/45 404/12/45
f 395/12/46 402/12/46 396/12/46
f 398/12/43 405/12/43 399/12/43
f 396/12/2 403/12/2 397/12/2
f 394/12/44 401/12/44 395/12/44
f 409/12/45 416/12/45 410/12/45
f 402/12/14 409/12/14 403/12/14
f 400/12/14 407/12/14 401/12/14
f 405/12/14 406/12/14 400/12/14
f 403/12/14 410/12/14 404/12/14
f 402/12/14 407/12/14 408/12/14
f 414/12/14 417/12/14 415/12/14
f 407/12/46 414/12/46 408/12/46
f 411/12/43 416/12/43 417/12/43
f 408/12/2 415/12/2 409/12/2
f 407/12/44 412/12/44 413/12/44
f 411/12/4 412/12/4 406/12/4
f 419/12/46 420/12/46 418/12/46
f 420/12/44 423/12/44 422/12/44
f 423/12/4 424/12/4 422/12/4
f 425/12/43 426/12/43 424/12/43
f 423/12/11 429/12/11 425/12/11
f 427/12/45 428/12/45 426/12/45
f 429/12/2 418/12/2 428/12/2
f 424/12/76 434/12/76 433/12/76
f 430/12/2 441/12/2 435/12/2
f 422/12/77 431/12/77 420/12/77
f 428/12/78 434/12/78 426/12/78
f 418/12/79 431/12/79 430/12/79
f 424/12/80 432/12/80 422/12/80
f 428/12/81 430/12/81 435/12/81
f 439/12/14 440/12/14 441/12/14
f 434/12/43 439/12/43 433/12/43
f 432/12/44 437/12/44 431/12/44
f 435/12/45 440/12/45 434/12/45
f 433/12/4 438/12/4 432/12/4
f 431/12/46 436/12/46 430/12/46
f 370/12/45 371/12/45 373/12/45
f 372/12/43 373/12/43 375/12/43
f 375/12/4 377/12/4 376/12/4
f 377/12/44 379/12/44 378/12/44
f 381/12/14 379/12/14 398/12/14
f 379/12/46 381/12/46 380/12/46
f 380/12/2 381/12/2 371/12/2
f 376/12/11 378/12/11 386/12/11
f 387/12/2 382/12/2 388/12/2
f 374/12/11 384/12/11 383/12/11
f 380/12/11 387/12/11 386/12/11
f 370/12/11 372/12/11 383/12/11
f 376/12/11 385/12/11 384/12/11
f 370/12/11 382/12/11 387/12/11
f 393/12/11 388/12/11 390/12/11
f 388/12/11 389/12/11 390/12/11
f 390/12/11 391/12/11 393/12/11
f 386/12/44 392/12/44 391/12/44
f 384/12/43 390/12/43 389/12/43
f 387/12/46 393/12/46 392/12/46
f 385/12/4 391/12/4 390/12/4
f 383/12/45 389/12/45 388/12/45
f 399/12/4 405/12/4 400/12/4
f 371/12/14 394/12/14 395/12/14
f 375/12/14 396/12/14 397/12/14
f 381/12/14 399/12/14 394/12/14
f 377/12/14 397/12/14 398/12/14
f 375/12/14 373/12/14 395/12/14
f 405/12/14 404/12/14 410/12/14
f 398/12/45 397/12/45 403/12/45
f 395/12/46 401/12/46 402/12/46
f 398/12/43 404/12/43 405/12/43
f 396/12/2 402/12/2 403/12/2
f 394/12/44 400/12/44 401/12/44
f 409/12/45 415/12/45 416/12/45
f 402/12/14 408/12/14 409/12/14
f 400/12/14 406/12/14 407/12/14
f 405/12/14 411/12/14 406/12/14
f 403/12/14 409/12/14 410/12/14
f 402/12/14 401/12/14 407/12/14
f 414/12/14 413/12/14 412/12/14
f 412/12/14 417/12/14 414/12/14
f 417/12/14 416/12/14 415/12/14
f 407/12/46 413/12/46 414/12/46
f 411/12/43 410/12/43 416/12/43
f 408/12/2 414/12/2 415/12/2
f 407/12/44 406/12/44 412/12/44
f 411/12/4 417/12/4 412/12/4
f 419/12/46 421/12/46 420/12/46
f 420/12/44 421/12/44 423/12/44
f 423/12/4 425/12/4 424/12/4
f 425/12/43 427/12/43 426/12/43
f 423/12/11 421/12/11 419/12/11
f 419/12/11 429/12/11 423/12/11
f 429/12/11 427/12/11 425/12/11
f 427/12/45 429/12/45 428/12/45
f 429/12/2 419/12/2 418/12/2
f 424/12/76 426/12/76 434/12/76
f 430/12/2 436/12/2 441/12/2
f 422/12/77 432/12/77 431/12/77
f 428/12/78 435/12/78 434/12/78
f 418/12/79 420/12/79 431/12/79
f 424/12/80 433/12/80 432/12/80
f 428/12/81 418/12/81 430/12/81
f 441/12/14 436/12/14 438/12/14
f 436/12/14 437/12/14 438/12/14
f 438/12/14 439/12/14 441/12/14
f 434/12/43 440/12/43 439/12/43
f 432/12/44 438/12/44 437/12/44
f 435/12/45 441/12/45 440/12/45
f 433/12/4 439/12/4 438/12/4
f 431/12/46 437/12/46 436/12/46
f 442/2/82 445/2/83 444/2/82
f 445/2/84 446/2/85 444/2/85
f 447/2/4 448/2/4 446/2/4
f 449/2/86 450/2/87 448/2/87
f 451/2/88 483/2/88 453/2/89
f 450/2/90 453/2/89 452/2/90
f 452/2/2 443/2/2 442/2/2
f 450/2/43 457/2/43 448/2/43
f 454/2/91 465/2/91 459/2/91
f 446/2/44 455/2/44 444/2/44
f 452/2/45 458/2/45 450/2/45
f 444/2/46 454/2/46 442/2/46
f 448/2/4 456/2/4 446/2/4
f 442/2/2 459/2/2 452/2/2
f 465/2/45 470/2/45 464/2/45
f 458/2/92 463/2/92 457/2/92
f 455/2/93 462/2/93 461/2/93
f 458/2/94 465/2/94 464/2/94
f 456/2/95 463/2/95 462/2/95
f 455/2/96 460/2/96 454/2/96
f 466/2/97 477/2/97 471/2/97
f 462/2/4 469/2/4 468/2/4
f 461/2/46 466/2/46 460/2/46
f 460/2/2 471/2/2 465/2/2
f 463/2/43 470/2/43 469/2/43
f 461/2/44 468/2/44 467/2/44
f 475/2/14 476/2/14 477/2/14
f 469/2/98 476/2/98 475/2/98
f 468/2/99 473/2/99 467/2/99
f 471/2/100 476/2/100 470/2/100
f 469/2/101 474/2/101 468/2/101
f 466/2/102 473/2/102 472/2/102
f 482/2/103 487/2/104 488/2/104
f 443/2/105 479/2/106 445/2/83
f 449/2/4 480/2/4 481/2/4
f 453/2/2 478/2/2 443/2/2
f 451/2/107 481/2/107 482/2/103
f 447/2/108 479/2/109 480/2/110
f 487/2/11 486/2/11 484/2/11
f 480/2/110 485/2/111 486/2/111
f 482/2/112 489/2/113 483/2/88
f 481/2/4 486/2/4 487/2/4
f 478/2/114 485/2/115 479/2/106
f 483/2/2 484/2/2 478/2/2
f 639/2/161 642/2/161 641/2/161
f 642/2/14 643/2/14 641/2/14
f 643/2/162 646/2/162 645/2/162
f 646/2/163 647/2/163 645/2/163
f 646/2/4 644/2/4 640/2/4
f 648/2/11 649/2/11 647/2/11
f 650/2/164 639/2/164 649/2/164
f 641/2/2 645/2/2 649/2/2
f 680/2/172 681/2/172 679/2/172
f 682/2/173 683/2/173 681/2/173
f 684/2/174 685/2/174 683/2/174
f 686/2/175 687/2/175 685/2/175
f 686/2/4 684/2/4 680/2/4
f 687/2/176 690/2/176 689/2/176
f 690/2/177 679/2/177 689/2/177
f 685/2/2 687/2/2 689/2/2
f 1090/2/241 1098/2/241 1097/2/241
f 1092/2/2 1099/2/2 1098/2/2
f 1096/2/14 1100/2/14 1099/2/14
f 1100/2/4 1090/2/4 1097/2/4
f 1095/2/5 1089/2/5 1091/2/5
f 1092/2/6 1094/2/6 1096/2/6
f 1100/2/4 1089/2/4 1093/2/4
f 1099/2/14 1093/2/14 1095/2/14
f 1098/2/2 1095/2/2 1091/2/2
f 1097/2/11 1091/2/11 1089/2/11
f 1160/2/4 1173/2/4 1167/2/4
f 1162/2/2 1169/2/2 1168/2/2
f 1166/2/256 1170/2/256 1169/2/256
f 1170/2/4 1160/2/4 1167/2/4
f 1163/2/4 1175/2/4 1177/2/4
f 1162/2/257 1164/2/257 1166/2/257
f 1170/2/4 1159/2/4 1163/2/4
f 1169/2/258 1163/2/258 1165/2/258
f 1161/2/2 1169/2/2 1165/2/2
f 1167/2/259 1161/2/259 1159/2/259
f 1171/2/260 1174/2/260 1173/2/260
f 1167/2/5 1174/2/5 1168/2/5
f 1162/2/261 1171/2/261 1160/2/261
f 1162/2/2 1174/2/2 1172/2/2
f 1177/2/262 1182/2/262 1178/2/262
f 1165/2/2 1176/2/2 1161/2/2
f 1161/2/263 1175/2/263 1159/2/263
f 1163/2/264 1178/2/264 1165/2/264
f 1180/2/265 1183/2/265 1179/2/265
f 1176/2/266 1179/2/266 1175/2/266
f 1175/2/4 1181/2/4 1177/2/4
f 1176/2/2 1182/2/2 1180/2/2
f 1184/2/267 1185/2/267 1183/2/267
f 1181/2/4 1183/2/4 1185/2/4
f 1182/2/2 1184/2/2 1180/2/2
f 1181/2/268 1186/2/268 1182/2/268
f 1802/2/497 1803/2/497 1801/2/497
f 1804/2/14 1805/2/14 1803/2/14
f 1806/2/498 1807/2/498 1805/2/498
f 1808/2/499 1809/2/499 1807/2/499
f 1808/2/6 1806/2/6 1802/2/6
f 1810/2/11 1811/2/11 1809/2/11
f 1812/2/500 1801/2/500 1811/2/500
f 1805/2/6 1814/2/6 1803/2/6
f 1818/2/11 1823/2/11 1817/2/11
f 1811/2/6 1817/2/6 1809/2/6
f 1803/2/6 1813/2/6 1801/2/6
f 1805/2/6 1816/2/6 1815/2/6
f 1811/2/6 1813/2/6 1818/2/6
f 1809/2/6 1816/2/6 1807/2/6
f 1822/2/5 1823/2/5 1824/2/5
f 1816/2/498 1821/2/498 1815/2/498
f 1814/2/497 1819/2/497 1813/2/497
f 1813/2/500 1824/2/500 1818/2/500
f 1817/2/499 1822/2/499 1816/2/499
f 1815/2/14 1820/2/14 1814/2/14
f 442/2/82 443/2/105 445/2/83
f 445/2/84 447/2/108 446/2/85
f 447/2/4 449/2/4 448/2/4
f 449/2/86 451/2/107 450/2/87
f 451/2/88 482/2/112 483/2/88
f 450/2/90 451/2/88 453/2/89
f 452/2/2 453/2/2 443/2/2
f 450/2/43 458/2/43 457/2/43
f 454/2/91 460/2/91 465/2/91
f 446/2/44 456/2/44 455/2/44
f 452/2/45 459/2/45 458/2/45
f 444/2/46 455/2/46 454/2/46
f 448/2/4 457/2/4 456/2/4
f 442/2/2 454/2/2 459/2/2
f 465/2/45 471/2/45 470/2/45
f 458/2/92 464/2/92 463/2/92
f 455/2/93 456/2/93 462/2/93
f 458/2/94 459/2/94 465/2/94
f 456/2/95 457/2/95 463/2/95
f 455/2/96 461/2/96 460/2/96
f 466/2/97 472/2/97 477/2/97
f 462/2/4 463/2/4 469/2/4
f 461/2/46 467/2/46 466/2/46
f 460/2/2 466/2/2 471/2/2
f 463/2/43 464/2/43 470/2/43
f 461/2/44 462/2/44 468/2/44
f 477/2/14 472/2/14 474/2/14
f 472/2/14 473/2/14 474/2/14
f 474/2/14 475/2/14 477/2/14
f 469/2/98 470/2/98 476/2/98
f 468/2/99 474/2/99 473/2/99
f 471/2/100 477/2/100 476/2/100
f 469/2/101 475/2/101 474/2/101
f 466/2/102 467/2/102 473/2/102
f 482/2/103 481/2/107 487/2/104
f 443/2/105 478/2/114 479/2/106
f 449/2/4 447/2/4 480/2/4
f 453/2/2 483/2/2 478/2/2
f 451/2/107 449/2/86 481/2/107
f 447/2/108 445/2/84 479/2/109
f 486/2/11 485/2/11 484/2/11
f 484/2/11 489/2/11 487/2/11
f 489/2/11 488/2/11 487/2/11
f 480/2/110 479/2/109 485/2/111
f 482/2/112 488/2/113 489/2/113
f 481/2/4 480/2/4 486/2/4
f 478/2/114 484/2/115 485/2/115
f 483/2/2 489/2/2 484/2/2
f 639/2/161 640/2/161 642/2/161
f 642/2/14 644/2/14 643/2/14
f 643/2/162 644/2/162 646/2/162
f 646/2/163 648/2/163 647/2/163
f 644/2/4 642/2/4 640/2/4
f 640/2/4 650/2/4 648/2/4
f 648/2/4 646/2/4 640/2/4
f 648/2/11 650/2/11 649/2/11
f 650/2/164 640/2/164 639/2/164
f 649/2/2 639/2/2 641/2/2
f 641/2/2 643/2/2 645/2/2
f 645/2/2 647/2/2 649/2/2
f 680/2/172 682/2/172 681/2/172
f 682/2/173 684/2/173 683/2/173
f 684/2/174 686/2/174 685/2/174
f 686/2/175 688/2/175 687/2/175
f 684/2/4 682/2/4 680/2/4
f 680/2/4 690/2/4 688/2/4
f 688/2/4 686/2/4 680/2/4
f 687/2/176 688/2/176 690/2/176
f 690/2/177 680/2/177 679/2/177
f 689/2/2 679/2/2 685/2/2
f 679/2/2 681/2/2 685/2/2
f 681/2/2 683/2/2 685/2/2
f 1090/2/241 1092/2/241 1098/2/241
f 1092/2/2 1096/2/2 1099/2/2
f 1096/2/14 1094/2/14 1100/2/14
f 1100/2/4 1094/2/4 1090/2/4
f 1095/2/5 1093/2/5 1089/2/5
f 1092/2/6 1090/2/6 1094/2/6
f 1100/2/4 1097/2/4 1089/2/4
f 1099/2/14 1100/2/14 1093/2/14
f 1098/2/2 1099/2/2 1095/2/2
f 1097/2/11 1098/2/11 1091/2/11
f 1160/2/4 1171/2/4 1173/2/4
f 1162/2/2 1166/2/2 1169/2/2
f 1166/2/256 1164/2/256 1170/2/256
f 1170/2/4 1164/2/4 1160/2/4
f 1163/2/4 1159/2/4 1175/2/4
f 1162/2/257 1160/2/257 1164/2/257
f 1170/2/4 1167/2/4 1159/2/4
f 1169/2/258 1170/2/258 1163/2/258
f 1161/2/2 1168/2/2 1169/2/2
f 1167/2/259 1168/2/259 1161/2/259
f 1171/2/260 1172/2/260 1174/2/260
f 1167/2/5 1173/2/5 1174/2/5
f 1162/2/261 1172/2/261 1171/2/261
f 1162/2/2 1168/2/2 1174/2/2
f 1177/2/262 1181/2/262 1182/2/262
f 1165/2/2 1178/2/2 1176/2/2
f 1161/2/263 1176/2/263 1175/2/263
f 1163/2/264 1177/2/264 1178/2/264
f 1180/2/265 1184/2/265 1183/2/265
f 1176/2/266 1180/2/266 1179/2/266
f 1175/2/4 1179/2/4 1181/2/4
f 1176/2/2 1178/2/2 1182/2/2
f 1184/2/267 1186/2/267 1185/2/267
f 1181/2/4 1179/2/4 1183/2/4
f 1182/2/2 1186/2/2 1184/2/2
f 1181/2/268 1185/2/268 1186/2/268
f 1802/2/497 1804/2/497 1803/2/497
f 1804/2/14 1806/2/14 1805/2/14
f 1806/2/498 1808/2/498 1807/2/498
f 1808/2/499 1810/2/499 1809/2/499
f 1806/2/6 1804/2/6 1802/2/6
f 1802/2/6 1812/2/6 1810/2/6
f 1810/2/6 1808/2/6 1802/2/6
f 1810/2/11 1812/2/11 1811/2/11
f 1812/2/500 1802/2/500 1801/2/500
f 1805/2/6 1815/2/6 1814/2/6
f 1818/2/11 1824/2/11 1823/2/11
f 1811/2/6 1818/2/6 1817/2/6
f 1803/2/6 1814/2/6 1813/2/6
f 1805/2/6 1807/2/6 1816/2/6
f 1811/2/6 1801/2/6 1813/2/6
f 1809/2/6 1817/2/6 1816/2/6
f 1824/2/5 1819/2/5 1822/2/5
f 1819/2/5 1820/2/5 1822/2/5
f 1820/2/5 1821/2/5 1822/2/5
f 1816/2/498 1822/2/498 1821/2/498
f 1814/2/497 1820/2/497 1819/2/497
f 1813/2/500 1819/2/500 1824/2/500
f 1817/2/499 1823/2/499 1822/2/499
f 1815/2/14 1821/2/14 1820/2/14
f 692/4/2 693/4/2 691/4/2
f 693/4/178 696/4/178 695/4/178
f 695/4/179 698/4/179 697/4/179
f 697/4/4 700/4/4 699/4/4
f 700/4/180 698/4/180 694/4/180
f 699/4/181 702/4/181 701/4/181
f 702/4/182 691/4/182 701/4/182
f 697/4/183 699/4/183 691/4/183
f 1065/4/235 1068/4/235 1067/4/235
f 1074/4/2 1071/4/2 1073/4/2
f 1072/4/236 1069/4/236 1071/4/236
f 1080/4/4 1066/4/4 1065/4/4
f 1071/4/237 1075/4/237 1073/4/237
f 1068/4/238 1078/4/238 1079/4/238
f 1072/4/238 1076/4/238 1070/4/238
f 1085/4/239 1075/4/239 1084/4/239
f 1069/4/4 1076/4/4 1075/4/4
f 1082/4/2 1073/4/2 1085/4/2
f 1068/4/2 1077/4/2 1067/4/2
f 1077/4/237 1065/4/237 1067/4/237
f 1079/4/238 1088/4/238 1081/4/238
f 1088/4/4 1080/4/4 1083/4/4
f 1075/4/4 1087/4/4 1084/4/4
f 1084/4/4 1088/4/4 1083/4/4
f 1074/4/238 1087/4/238 1076/4/238
f 1082/4/238 1088/4/238 1087/4/238
f 1077/4/2 1081/4/2 1086/4/2
f 1081/4/2 1085/4/2 1086/4/2
f 1086/4/240 1080/4/240 1077/4/240
f 1085/4/237 1083/4/237 1086/4/237
f 1285/4/322 1280/4/322 1286/4/322
f 1286/4/2 1284/4/2 1287/4/2
f 1284/4/155 1288/4/155 1287/4/155
f 1282/4/4 1285/4/4 1288/4/4
f 1283/4/5 1277/4/5 1279/4/5
f 1280/4/323 1282/4/323 1284/4/323
f 1288/4/4 1292/4/4 1291/4/4
f 1287/4/324 1291/4/324 1290/4/324
f 1289/4/2 1287/4/2 1290/4/2
f 1292/4/325 1286/4/325 1289/4/325
f 1292/4/326 1279/4/326 1277/4/326
f 1279/4/2 1290/4/2 1283/4/2
f 1290/4/327 1281/4/327 1283/4/327
f 1291/4/4 1277/4/4 1281/4/4
f 2100/4/2 2061/4/2 2090/4/2
f 2065/4/590 2092/4/590 2096/4/590
f 2062/4/591 2068/4/591 2073/4/591
f 2083/4/11 2081/4/11 2074/4/11
f 2100/4/2 2101/4/2 2077/4/2
f 2060/4/591 2072/4/591 2066/4/591
f 2063/4/591 2073/4/591 2072/4/591
f 2061/4/590 2094/4/590 2090/4/590
f 2064/4/590 2096/4/590 2094/4/590
f 2087/4/592 2069/4/592 2071/4/592
f 2085/4/592 2070/4/592 2067/4/592
f 2070/4/592 2065/4/592 2064/4/592
f 2067/4/592 2064/4/592 2061/4/592
f 2071/4/592 2059/4/592 2065/4/592
f 2089/4/11 2077/4/11 2078/4/11
f 2059/4/4 2098/4/4 2092/4/4
f 2066/4/591 2079/4/591 2076/4/591
f 2075/4/593 2081/4/593 2080/4/593
f 2079/4/593 2077/4/593 2076/4/593
f 2073/4/591 2075/4/591 2080/4/591
f 2085/4/594 2089/4/594 2088/4/594
f 2087/4/594 2083/4/594 2082/4/594
f 2098/4/4 2082/4/4 2083/4/4
f 2093/4/4 2068/4/4 2058/4/4
f 2092/4/4 2099/4/4 2093/4/4
f 2095/4/590 2062/4/590 2063/4/590
f 2091/4/590 2063/4/590 2060/4/590
f 2097/4/590 2058/4/590 2062/4/590
f 2096/4/595 2105/4/595 2094/4/595
f 2066/4/2 2091/4/2 2060/4/2
f 2101/4/2 2090/4/2 2091/4/2
f 2105/4/596 2104/4/596 2102/4/596
f 2093/4/597 2103/4/597 2092/4/598
f 2095/4/599 2104/4/599 2097/4/599
f 2091/4/600 2105/4/601 2102/4/601
f 2106/4/602 2114/4/602 2115/4/602
f 2109/4/2 2112/4/2 2113/4/2
f 2112/4/14 2108/4/14 2111/4/14
f 2106/4/603 2120/4/603 2118/4/603
f 2113/4/604 2111/4/604 2110/4/604
f 2106/4/11 2117/4/11 2114/4/11
f 2115/4/23 2117/4/23 2116/4/23
f 2113/4/5 2115/4/5 2116/4/5
f 2118/4/605 2124/4/605 2122/4/605
f 2107/4/606 2121/4/606 2109/4/606
f 2108/4/607 2121/4/607 2120/4/607
f 2106/4/11 2119/4/11 2107/4/11
f 2123/4/608 2124/4/608 2125/4/608
f 2119/4/609 2125/4/609 2121/4/609
f 2120/4/610 2125/4/610 2124/4/610
f 2118/4/11 2123/4/11 2119/4/11
f 2126/4/611 2128/4/611 2135/4/611
f 2129/4/4 2127/4/4 2136/4/4
f 2132/4/14 2128/4/14 2129/4/14
f 2126/4/612 2140/4/612 2128/4/612
f 2131/4/604 2133/4/604 2130/4/604
f 2137/4/11 2126/4/11 2134/4/11
f 2137/4/23 2135/4/23 2136/4/23
f 2135/4/5 2133/4/5 2136/4/5
f 2138/4/613 2144/4/613 2140/4/613
f 2141/4/614 2127/4/614 2129/4/614
f 2128/4/615 2141/4/615 2129/4/615
f 2139/4/11 2126/4/11 2127/4/11
f 2144/4/616 2143/4/616 2145/4/616
f 2145/4/617 2139/4/617 2141/4/617
f 2140/4/618 2145/4/618 2141/4/618
f 2143/4/11 2138/4/11 2139/4/11
f 2275/4/161 2276/4/161 2274/4/161
f 2277/4/14 2278/4/14 2276/4/14
f 2279/4/162 2280/4/162 2278/4/162
f 2281/4/163 2282/4/163 2280/4/163
f 2283/4/4 2281/4/4 2279/4/4
f 2283/4/11 2284/4/11 2282/4/11
f 2285/4/164 2274/4/164 2284/4/164
f 2282/4/2 2284/4/2 2276/4/2
f 2288/4/161 2287/4/161 2286/4/161
f 2290/4/14 2289/4/14 2288/4/14
f 2292/4/162 2291/4/162 2290/4/162
f 2292/4/163 2295/4/163 2293/4/163
f 2295/4/2 2297/4/2 2287/4/2
f 2296/4/11 2295/4/11 2294/4/11
f 2296/4/164 2287/4/164 2297/4/164
f 2290/4/4 2288/4/4 2296/4/4
f 692/4/2 694/4/2 693/4/2
f 693/4/178 694/4/178 696/4/178
f 695/4/179 696/4/179 698/4/179
f 697/4/4 698/4/4 700/4/4
f 696/4/180 694/4/180 698/4/180
f 694/4/180 692/4/180 700/4/180
f 692/4/180 702/4/180 700/4/180
f 699/4/181 700/4/181 702/4/181
f 702/4/182 692/4/182 691/4/182
f 701/4/183 691/4/183 699/4/183
f 691/4/183 693/4/183 697/4/183
f 693/4/183 695/4/183 697/4/183
f 1065/4/235 1066/4/235 1068/4/235
f 1074/4/2 1072/4/2 1071/4/2
f 1072/4/236 1070/4/236 1069/4/236
f 1080/4/4 1078/4/4 1066/4/4
f 1071/4/237 1069/4/237 1075/4/237
f 1068/4/238 1066/4/238 1078/4/238
f 1072/4/238 1074/4/238 1076/4/238
f 1085/4/239 1073/4/239 1075/4/239
f 1069/4/4 1070/4/4 1076/4/4
f 1082/4/2 1074/4/2 1073/4/2
f 1068/4/2 1079/4/2 1077/4/2
f 1077/4/237 1080/4/237 1065/4/237
f 1079/4/238 1078/4/238 1088/4/238
f 1088/4/4 1078/4/4 1080/4/4
f 1075/4/4 1076/4/4 1087/4/4
f 1084/4/4 1087/4/4 1088/4/4
f 1074/4/238 1082/4/238 1087/4/238
f 1082/4/238 1081/4/238 1088/4/238
f 1077/4/2 1079/4/2 1081/4/2
f 1081/4/2 1082/4/2 1085/4/2
f 1086/4/240 1083/4/240 1080/4/240
f 1085/4/237 1084/4/237 1083/4/237
f 1285/4/322 1278/4/322 1280/4/322
f 1286/4/2 1280/4/2 1284/4/2
f 1284/4/155 1282/4/155 1288/4/155
f 1282/4/4 1278/4/4 1285/4/4
f 1283/4/5 1281/4/5 1277/4/5
f 1280/4/323 1278/4/323 1282/4/323
f 1288/4/4 1285/4/4 1292/4/4
f 1287/4/324 1288/4/324 1291/4/324
f 1289/4/2 1286/4/2 1287/4/2
f 1292/4/325 1285/4/325 1286/4/325
f 1292/4/326 1289/4/326 1279/4/326
f 1279/4/2 1289/4/2 1290/4/2
f 1290/4/327 1291/4/327 1281/4/327
f 1291/4/4 1292/4/4 1277/4/4
f 2100/4/2 2067/4/2 2061/4/2
f 2065/4/590 2059/4/590 2092/4/590
f 2062/4/591 2058/4/591 2068/4/591
f 2083/4/11 2086/4/11 2081/4/11
f 2066/4/2 2076/4/2 2101/4/2
f 2076/4/2 2077/4/2 2101/4/2
f 2077/4/2 2084/4/2 2100/4/2
f 2084/4/2 2085/4/2 2100/4/2
f 2085/4/2 2067/4/2 2100/4/2
f 2060/4/591 2063/4/591 2072/4/591
f 2063/4/591 2062/4/591 2073/4/591
f 2061/4/590 2064/4/590 2094/4/590
f 2064/4/590 2065/4/590 2096/4/590
f 2087/4/592 2082/4/592 2069/4/592
f 2085/4/592 2088/4/592 2070/4/592
f 2070/4/592 2071/4/592 2065/4/592
f 2067/4/592 2070/4/592 2064/4/592
f 2071/4/592 2069/4/592 2059/4/592
f 2089/4/11 2084/4/11 2077/4/11
f 2059/4/4 2069/4/4 2098/4/4
f 2066/4/591 2072/4/591 2079/4/591
f 2075/4/593 2074/4/593 2081/4/593
f 2079/4/593 2078/4/593 2077/4/593
f 2073/4/591 2068/4/591 2075/4/591
f 2085/4/594 2084/4/594 2089/4/594
f 2087/4/594 2086/4/594 2083/4/594
f 2075/4/4 2068/4/4 2099/4/4
f 2098/4/4 2069/4/4 2082/4/4
f 2075/4/4 2099/4/4 2074/4/4
f 2099/4/4 2098/4/4 2074/4/4
f 2083/4/4 2074/4/4 2098/4/4
f 2093/4/4 2099/4/4 2068/4/4
f 2092/4/4 2098/4/4 2099/4/4
f 2095/4/590 2097/4/590 2062/4/590
f 2095/4/599 2091/4/599 2102/4/599
f 2091/4/590 2095/4/590 2063/4/590
f 2093/4/599 2097/4/599 2104/4/599
f 2097/4/590 2093/4/590 2058/4/590
f 2096/4/595 2103/4/595 2105/4/595
f 2066/4/2 2101/4/2 2091/4/2
f 2101/4/2 2100/4/2 2090/4/2
f 2105/4/596 2103/4/596 2104/4/596
f 2093/4/597 2104/4/597 2103/4/597
f 2095/4/599 2102/4/599 2104/4/599
f 2091/4/600 2090/4/805 2105/4/601
f 2096/4/595 2092/4/595 2103/4/595
f 2090/4/595 2094/4/595 2105/4/595
f 2115/4/806 2110/4/806 2108/4/806
f 2110/4/807 2111/4/807 2108/4/807
f 2108/4/806 2106/4/806 2115/4/806
f 2113/4/2 2116/4/2 2109/4/2
f 2116/4/2 2117/4/2 2107/4/2
f 2109/4/2 2116/4/2 2107/4/2
f 2112/4/14 2109/4/14 2108/4/14
f 2106/4/603 2108/4/603 2120/4/603
f 2113/4/604 2112/4/604 2111/4/604
f 2106/4/11 2107/4/11 2117/4/11
f 2115/4/23 2114/4/23 2117/4/23
f 2113/4/5 2110/4/5 2115/4/5
f 2118/4/605 2120/4/605 2124/4/605
f 2107/4/606 2119/4/606 2121/4/606
f 2108/4/615 2109/4/615 2121/4/615
f 2106/4/11 2118/4/11 2119/4/11
f 2123/4/608 2122/4/608 2124/4/608
f 2119/4/609 2123/4/609 2125/4/609
f 2120/4/808 2121/4/808 2125/4/808
f 2118/4/11 2122/4/11 2123/4/11
f 2131/4/809 2130/4/809 2128/4/809
f 2130/4/611 2135/4/611 2128/4/611
f 2135/4/810 2134/4/810 2126/4/810
f 2137/4/4 2136/4/4 2127/4/4
f 2136/4/4 2133/4/4 2129/4/4
f 2133/4/4 2132/4/4 2129/4/4
f 2132/4/14 2131/4/14 2128/4/14
f 2126/4/612 2138/4/612 2140/4/612
f 2131/4/604 2132/4/604 2133/4/604
f 2137/4/11 2127/4/11 2126/4/11
f 2137/4/23 2134/4/23 2135/4/23
f 2135/4/5 2130/4/5 2133/4/5
f 2138/4/613 2142/4/613 2144/4/613
f 2141/4/614 2139/4/614 2127/4/614
f 2128/4/811 2140/4/811 2141/4/811
f 2139/4/11 2138/4/11 2126/4/11
f 2144/4/616 2142/4/616 2143/4/616
f 2145/4/617 2143/4/617 2139/4/617
f 2140/4/812 2144/4/812 2145/4/812
f 2143/4/11 2142/4/11 2138/4/11
f 2275/4/161 2277/4/161 2276/4/161
f 2277/4/14 2279/4/14 2278/4/14
f 2279/4/162 2281/4/162 2280/4/162
f 2281/4/163 2283/4/163 2282/4/163
f 2279/4/4 2277/4/4 2283/4/4
f 2277/4/4 2275/4/4 2283/4/4
f 2275/4/4 2285/4/4 2283/4/4
f 2283/4/11 2285/4/11 2284/4/11
f 2285/4/164 2275/4/164 2274/4/164
f 2284/4/2 2274/4/2 2276/4/2
f 2276/4/2 2278/4/2 2280/4/2
f 2280/4/2 2282/4/2 2276/4/2
f 2288/4/161 2289/4/161 2287/4/161
f 2290/4/14 2291/4/14 2289/4/14
f 2292/4/162 2293/4/162 2291/4/162
f 2292/4/163 2294/4/163 2295/4/163
f 2287/4/2 2289/4/2 2295/4/2
f 2289/4/2 2291/4/2 2295/4/2
f 2291/4/2 2293/4/2 2295/4/2
f 2296/4/11 2297/4/11 2295/4/11
f 2296/4/164 2286/4/164 2287/4/164
f 2288/4/4 2286/4/4 2296/4/4
f 2296/4/4 2294/4/4 2292/4/4
f 2292/4/4 2290/4/4 2296/4/4
f 725/3/200 732/3/200 731/3/200
f 730/3/201 731/3/201 732/3/201
f 723/3/4 730/3/4 729/3/4
f 722/3/202 727/3/202 721/3/202
f 721/3/2 732/3/2 726/3/2
f 725/3/203 730/3/203 724/3/203
f 723/3/204 728/3/204 722/3/204
f 737/3/205 744/3/205 743/3/205
f 742/3/206 743/3/206 744/3/206
f 736/3/207 741/3/207 735/3/207
f 734/3/208 739/3/208 733/3/208
f 738/3/209 739/3/209 744/3/209
f 736/3/210 743/3/210 742/3/210
f 735/3/211 740/3/211 734/3/211
f 725/3/200 726/3/200 732/3/200
f 732/3/201 727/3/201 730/3/201
f 727/3/201 728/3/201 729/3/201
f 730/3/201 727/3/201 729/3/201
f 723/3/4 724/3/4 730/3/4
f 722/3/737 728/3/737 727/3/737
f 721/3/2 727/3/2 732/3/2
f 725/3/203 731/3/203 730/3/203
f 723/3/738 729/3/738 728/3/738
f 737/3/205 738/3/205 744/3/205
f 744/3/206 739/3/206 742/3/206
f 739/3/206 740/3/206 741/3/206
f 742/3/206 739/3/206 741/3/206
f 736/3/207 742/3/207 741/3/207
f 734/3/739 740/3/739 739/3/739
f 738/3/209 733/3/209 739/3/209
f 736/3/210 737/3/740 743/3/210
f 735/3/211 741/3/211 740/3/211
f 1062/9/14 1027/9/14 1029/9/14
f 1020/9/164 1032/9/164 1030/9/164
f 1025/9/2 1033/9/2 1029/9/2
f 1032/9/4 1034/9/4 1026/9/4
f 1060/9/163 1034/9/163 1023/9/163
f 1018/9/162 1024/9/162 1060/9/162
f 1022/9/164 1031/9/164 1033/9/164
f 1061/9/161 1030/9/161 1028/9/161
f 1017/9/163 1035/9/163 1025/9/163
f 1019/9/162 1025/9/162 1027/9/162
f 1023/9/11 1032/9/11 1021/9/11
f 1062/9/161 1031/9/161 1063/9/161
f 1061/9/14 1026/9/14 1018/9/14
f 1022/9/11 1035/9/11 1064/9/11
f 1266/9/161 1267/9/161 1265/9/161
f 1268/9/14 1269/9/14 1267/9/14
f 1269/9/162 1272/9/162 1271/9/162
f 1271/9/163 1274/9/163 1273/9/163
f 1272/9/4 1270/9/4 1266/9/4
f 1274/9/11 1275/9/11 1273/9/11
f 1275/9/164 1266/9/164 1265/9/164
f 1271/9/2 1273/9/2 1275/9/2
f 1062/9/14 1019/9/14 1027/9/14
f 1020/9/164 1021/9/164 1032/9/164
f 1029/9/2 1027/9/2 1025/9/2
f 1025/9/2 1035/9/2 1033/9/2
f 1033/9/2 1031/9/2 1029/9/2
f 1034/9/4 1024/9/4 1026/9/4
f 1026/9/4 1028/9/4 1030/9/4
f 1030/9/4 1032/9/4 1026/9/4
f 1060/9/163 1024/9/163 1034/9/163
f 1018/9/162 1026/9/162 1024/9/162
f 1022/9/164 1063/9/164 1031/9/164
f 1061/9/161 1020/9/161 1030/9/161
f 1017/9/163 1064/9/163 1035/9/163
f 1019/9/162 1017/9/162 1025/9/162
f 1023/9/11 1034/9/11 1032/9/11
f 1062/9/161 1029/9/161 1031/9/161
f 1061/9/14 1028/9/14 1026/9/14
f 1022/9/11 1033/9/11 1035/9/11
f 1266/9/161 1268/9/161 1267/9/161
f 1268/9/14 1270/9/14 1269/9/14
f 1269/9/162 1270/9/162 1272/9/162
f 1271/9/163 1272/9/163 1274/9/163
f 1270/9/4 1268/9/4 1266/9/4
f 1266/9/4 1276/9/4 1274/9/4
f 1274/9/4 1272/9/4 1266/9/4
f 1274/9/11 1276/9/11 1275/9/11
f 1275/9/164 1276/9/164 1266/9/164
f 1275/9/2 1265/9/2 1271/9/2
f 1265/9/2 1267/9/2 1271/9/2
f 1267/9/2 1269/9/2 1271/9/2
f 1222/8/269 1209/8/269 1207/8/269
f 1204/8/4 1188/8/4 1187/8/4
f 1205/8/270 1222/8/270 1207/8/270
f 1192/8/271 1223/8/271 1221/8/271
f 1219/8/272 1187/8/273 1190/8/274
f 1189/8/275 1221/8/275 1218/8/275
f 1226/8/276 1214/8/276 1211/8/276
f 1224/8/277 1211/8/277 1209/8/277
f 1194/8/278 1225/8/278 1223/8/278
f 1198/8/279 1229/8/279 1227/8/279
f 1196/8/280 1227/8/280 1225/8/280
f 1200/8/281 1213/8/281 1229/8/281
f 1197/8/4 1213/8/4 1200/8/4
f 1208/8/4 1195/8/4 1193/8/4
f 1195/8/4 1212/8/4 1197/8/4
f 1191/8/4 1208/8/4 1193/8/4
f 1217/8/282 1203/8/282 1204/8/282
f 1188/8/4 1206/8/4 1191/8/4
f 1188/8/283 1189/8/284 1190/8/285
f 1188/8/283 1192/8/286 1189/8/284
f 1194/8/287 1191/8/287 1193/8/287
f 1193/8/288 1196/8/289 1194/8/288
f 1196/8/290 1197/8/290 1198/8/290
f 1199/8/291 1197/8/291 1200/8/291
f 1216/8/292 1205/8/292 1201/8/292
f 1204/8/293 1201/8/293 1202/8/294
f 1202/8/295 1205/8/295 1206/8/295
f 1207/8/296 1206/8/296 1205/8/296
f 1210/8/297 1207/8/298 1209/8/297
f 1212/8/299 1209/8/299 1211/8/299
f 1214/8/300 1212/8/300 1211/8/300
f 1203/8/301 1216/8/301 1201/8/301
f 1251/8/269 1222/8/269 1249/8/269
f 1215/8/2 1230/8/2 1246/8/2
f 1247/8/270 1222/8/270 1220/8/270
f 1223/8/271 1234/8/271 1221/8/271
f 1232/8/302 1215/8/273 1219/8/272
f 1221/8/275 1231/8/275 1218/8/275
f 1256/8/276 1226/8/276 1253/8/276
f 1253/8/277 1224/8/277 1251/8/277
f 1225/8/278 1236/8/278 1223/8/278
f 1229/8/279 1240/8/279 1227/8/279
f 1227/8/280 1238/8/280 1225/8/280
f 1242/8/281 1241/8/303 1229/8/281
f 1239/8/2 1255/8/2 1254/8/2
f 1237/8/2 1250/8/2 1235/8/2
f 1237/8/2 1254/8/2 1252/8/2
f 1233/8/2 1250/8/2 1248/8/2
f 1246/8/282 1245/8/282 1217/8/282
f 1230/8/2 1248/8/2 1244/8/2
f 1230/8/304 1232/8/305 1231/8/306
f 1230/8/304 1234/8/307 1233/8/307
f 1236/8/308 1233/8/308 1234/8/308
f 1235/8/309 1238/8/310 1237/8/310
f 1239/8/311 1238/8/311 1240/8/311
f 1241/8/312 1239/8/312 1240/8/312
f 1247/8/292 1216/8/292 1243/8/292
f 1243/8/313 1246/8/313 1244/8/314
f 1247/8/315 1244/8/315 1248/8/315
f 1248/8/316 1249/8/316 1247/8/316
f 1252/8/317 1249/8/318 1250/8/319
f 1254/8/320 1251/8/320 1252/8/320
f 1254/8/321 1256/8/321 1253/8/321
f 1216/8/301 1245/8/301 1243/8/301
f 1222/8/269 1224/8/269 1209/8/269
f 1202/8/4 1188/8/4 1204/8/4
f 1188/8/4 1190/8/4 1187/8/4
f 1205/8/270 1220/8/270 1222/8/270
f 1192/8/271 1194/8/271 1223/8/271
f 1189/8/14 1218/8/742 1190/8/274
f 1218/8/742 1219/8/272 1190/8/274
f 1189/8/275 1192/8/275 1221/8/275
f 1226/8/276 1228/8/276 1214/8/276
f 1224/8/277 1226/8/277 1211/8/277
f 1194/8/278 1196/8/278 1225/8/278
f 1198/8/279 1199/8/279 1229/8/279
f 1196/8/280 1198/8/280 1227/8/280
f 1214/8/281 1228/8/281 1213/8/281
f 1228/8/281 1229/8/281 1213/8/281
f 1229/8/281 1199/8/281 1200/8/281
f 1197/8/4 1212/8/4 1213/8/4
f 1208/8/4 1210/8/4 1195/8/4
f 1195/8/4 1210/8/4 1212/8/4
f 1191/8/4 1206/8/4 1208/8/4
f 1187/8/282 1219/8/282 1204/8/282
f 1219/8/282 1217/8/282 1204/8/282
f 1188/8/4 1202/8/4 1206/8/4
f 1188/8/283 1191/8/286 1192/8/286
f 1194/8/287 1192/8/287 1191/8/287
f 1193/8/288 1195/8/289 1196/8/289
f 1196/8/290 1195/8/290 1197/8/290
f 1199/8/291 1198/8/291 1197/8/291
f 1216/8/292 1220/8/292 1205/8/292
f 1204/8/293 1203/8/743 1201/8/293
f 1202/8/295 1201/8/295 1205/8/295
f 1207/8/296 1208/8/296 1206/8/296
f 1210/8/297 1208/8/744 1207/8/298
f 1212/8/299 1210/8/299 1209/8/299
f 1214/8/300 1213/8/300 1212/8/300
f 1203/8/301 1217/8/301 1216/8/301
f 1251/8/269 1224/8/269 1222/8/269
f 1232/8/2 1230/8/2 1215/8/2
f 1230/8/2 1244/8/2 1246/8/2
f 1247/8/270 1249/8/270 1222/8/270
f 1223/8/271 1236/8/271 1234/8/271
f 1219/8/272 1218/8/742 1232/8/302
f 1218/8/742 1231/8/14 1232/8/302
f 1221/8/275 1234/8/275 1231/8/275
f 1256/8/276 1228/8/276 1226/8/276
f 1253/8/277 1226/8/277 1224/8/277
f 1225/8/278 1238/8/278 1236/8/278
f 1229/8/279 1241/8/279 1240/8/279
f 1227/8/280 1240/8/280 1238/8/280
f 1229/8/281 1228/8/281 1255/8/281
f 1228/8/281 1256/8/281 1255/8/281
f 1255/8/281 1242/8/281 1229/8/281
f 1239/8/2 1242/8/2 1255/8/2
f 1237/8/2 1252/8/2 1250/8/2
f 1237/8/2 1239/8/2 1254/8/2
f 1233/8/2 1235/8/2 1250/8/2
f 1217/8/282 1219/8/282 1246/8/282
f 1219/8/282 1215/8/282 1246/8/282
f 1230/8/2 1233/8/2 1248/8/2
f 1230/8/304 1231/8/306 1234/8/307
f 1236/8/308 1235/8/308 1233/8/308
f 1235/8/309 1236/8/309 1238/8/310
f 1239/8/311 1237/8/311 1238/8/311
f 1241/8/312 1242/8/312 1239/8/312
f 1247/8/292 1220/8/292 1216/8/292
f 1243/8/313 1245/8/745 1246/8/313
f 1247/8/315 1243/8/315 1244/8/315
f 1248/8/316 1250/8/316 1249/8/316
f 1252/8/317 1251/8/317 1249/8/318
f 1254/8/320 1253/8/320 1251/8/320
f 1254/8/321 1255/8/321 1256/8/321
f 1216/8/301 1217/8/301 1245/8/301
f 1366/11/333 1365/11/333 1364/11/333
f 1369/11/334 1360/11/334 1362/11/334
f 1366/11/4 1360/11/4 1369/11/4
f 1360/11/335 1361/11/335 1362/11/335
f 1363/11/336 1364/11/336 1365/11/336
f 1366/11/337 1367/11/337 1359/11/337
f 1368/11/338 1369/11/338 1370/11/338
f 1364/11/339 1361/11/339 1360/11/339
f 1369/11/340 1367/11/340 1366/11/340
f 1363/11/11 1372/11/11 1361/11/11
f 1365/11/341 1374/11/341 1363/11/341
f 1359/11/342 1376/11/342 1371/11/342
f 1362/11/5 1378/11/5 1370/11/5
f 1368/11/14 1376/11/14 1367/11/14
f 1362/11/343 1372/11/343 1373/11/343
f 1370/11/344 1377/11/344 1368/11/344
f 1359/11/6 1375/11/6 1365/11/6
f 1553/11/345 1415/11/345 1552/11/345
f 1380/11/346 1419/11/346 1422/11/346
f 1382/11/14 1422/11/14 1423/11/14
f 1417/11/347 1389/11/347 1401/11/347
f 1555/11/348 1388/11/348 1420/11/348
f 1388/11/349 1559/11/349 1390/11/349
f 1401/11/4 1391/11/4 1403/11/4
f 1410/11/4 1395/11/4 1407/11/4
f 1391/11/4 1405/11/4 1403/11/4
f 1559/11/350 1392/11/350 1390/11/350
f 1564/11/351 1394/11/351 1397/11/351
f 1561/11/352 1397/11/352 1392/11/352
f 1393/11/4 1410/11/4 1405/11/4
f 1563/11/353 1399/11/353 1394/11/353
f 1407/11/4 1398/11/4 1412/11/4
f 1412/11/354 355/11/355 1411/11/356
f 1409/11/357 1562/11/357 1565/11/358
f 1406/11/359 1565/11/358 1560/11/360
f 1408/11/361 1566/11/361 1562/11/361
f 1404/11/362 1560/11/360 1558/11/362
f 1402/11/363 1558/11/363 1556/11/363
f 1420/11/364 1419/11/365 1379/11/366
f 1379/11/367 1386/11/367 1384/11/367
f 1568/11/368 1384/11/368 1575/11/368
f 1381/11/367 1385/11/367 1386/11/367
f 1380/11/2 1387/11/2 1385/11/2
f 1416/11/369 1418/11/370 1421/11/369
f 1421/11/371 1388/11/371 1389/11/371
f 1388/11/372 1391/11/373 1389/11/372
f 1393/11/374 1390/11/374 1392/11/374
f 1397/11/375 1395/11/375 1396/11/375
f 1392/11/376 1396/11/376 1393/11/376
f 1394/11/377 1398/11/377 1395/11/377
f 1401/11/378 1400/11/378 1417/11/378
f 1402/11/379 1403/11/380 1404/11/381
f 1405/11/382 1404/11/381 1403/11/380
f 1407/11/383 1409/11/384 1410/11/385
f 1410/11/385 1406/11/386 1405/11/382
f 1408/11/387 1412/11/387 1411/11/387
f 1554/11/388 1402/11/388 1556/11/388
f 1415/11/389 1417/11/389 1400/11/389
f 1414/11/390 1416/11/390 1415/11/390
f 1418/11/391 1420/11/391 1421/11/391
f 1419/11/392 1423/11/392 1422/11/392
f 1413/11/4 1418/11/4 1416/11/4
f 1412/11/354 353/11/393 356/11/394
f 1567/11/395 354/11/396 1399/11/397
f 1566/11/398 355/11/355 1616/11/398
f 1398/11/399 354/11/396 353/11/393
f 1445/11/4 1424/11/4 1447/11/4
f 1435/11/14 1427/11/14 1429/11/14
f 1446/11/245 1430/11/245 1445/11/245
f 1439/11/5 1441/11/5 1444/11/5
f 1438/11/243 1446/11/243 1449/11/243
f 1443/11/400 1432/11/401 1442/11/402
f 1454/11/5 1447/11/5 1448/11/5
f 1442/11/403 1428/11/404 1440/11/405
f 1438/11/11 1129/11/11 1105/11/11
f 1440/11/4 1428/11/4 1469/11/4
f 1439/11/14 1429/11/14 1426/11/14
f 1629/11/406 1104/11/406 1128/11/406
f 1430/11/11 1102/11/11 1103/11/11
f 1631/11/14 1435/11/14 1439/11/14
f 1438/11/11 1102/11/11 1425/11/11
f 1460/11/2 1457/11/2 1452/11/2
f 1644/11/407 1436/11/401 1443/11/400
f 1630/11/243 1449/11/243 1652/11/243
f 1631/11/5 1444/11/5 1645/11/5
f 1623/11/14 1434/11/14 1435/11/14
f 1470/11/2 1450/11/2 1451/11/2
f 1632/11/408 1443/11/400 1434/11/408
f 1429/11/4 1441/11/4 1426/11/4
f 1427/11/409 1440/11/405 1429/11/410
f 1434/11/408 1442/11/402 1427/11/408
f 1468/11/5 1431/11/5 1437/11/5
f 1652/11/243 1436/11/243 1633/11/243
f 1651/11/5 1433/11/5 1629/11/5
f 1448/11/5 1424/11/5 1433/11/5
f 1449/11/243 1432/11/243 1436/11/243
f 1432/11/245 1445/11/245 1428/11/245
f 1459/11/4 1428/11/4 1445/11/4
f 1655/11/5 1452/11/5 1659/11/5
f 1657/11/5 1450/11/5 1655/11/5
f 1444/11/11 1657/11/11 1645/11/11
f 1651/11/14 1452/11/14 1448/11/14
f 1464/11/411 1460/11/411 1463/11/411
f 1459/11/5 1457/11/5 1460/11/5
f 1476/11/5 1441/11/5 1475/11/5
f 1467/11/14 1466/11/14 1468/11/14
f 1463/11/11 1461/11/11 1464/11/11
f 1467/11/412 1469/11/412 1465/11/412
f 1471/11/5 1470/11/5 1472/11/5
f 1462/11/5 1431/11/5 1461/11/5
f 1455/11/412 1458/11/412 1456/11/412
f 1473/11/411 1472/11/411 1474/11/411
f 1456/11/14 1454/11/14 1455/11/14
f 1473/11/11 1476/11/11 1475/11/11
f 1433/11/406 1101/11/11 1104/11/406
f 1430/11/11 1101/11/11 1424/11/11
f 1484/11/4 1481/11/4 1490/11/4
f 1693/11/413 1486/11/413 1764/11/413
f 1483/11/14 1121/11/14 1482/11/14
f 1487/11/414 1763/11/414 1764/11/414
f 1530/11/6 1499/11/6 1502/11/6
f 1700/11/415 1486/11/415 1698/11/415
f 1695/11/5 1500/11/5 1723/11/5
f 1513/11/4 1509/11/4 1516/11/4
f 1495/11/6 1480/11/6 1496/11/6
f 1490/11/4 1480/11/4 1489/11/4
f 1700/11/416 1491/11/416 1488/11/416
f 1496/11/6 1481/11/6 1497/11/6
f 1489/11/4 1479/11/4 1487/11/4
f 1497/11/6 1478/11/6 1494/11/6
f 1697/11/417 1491/11/417 1701/11/417
f 1761/11/11 1694/11/11 1693/11/11
f 1483/11/250 1501/11/250 1500/11/250
f 1485/11/418 1490/11/419 1491/11/420
f 1488/11/421 1487/11/422 1486/11/423
f 1491/11/424 1489/11/425 1488/11/426
f 1762/11/6 1479/11/6 1495/11/6
f 1482/11/14 1492/11/14 1477/11/14
f 1695/11/14 1122/11/14 1483/11/14
f 1493/11/14 1492/11/14 1498/11/14
f 1696/11/14 1498/11/14 1151/11/14
f 1495/11/14 1730/11/14 1699/11/14
f 1722/11/11 1507/11/11 1502/11/11
f 1494/11/427 1506/11/427 1497/11/427
f 1517/11/2 1511/11/2 1515/11/2
f 1694/11/6 1495/11/6 1699/11/6
f 1696/11/6 1502/11/6 1493/11/6
f 1500/11/250 1484/11/250 1485/11/250
f 1477/11/4 1501/11/4 1482/11/4
f 1723/11/5 1485/11/5 1697/11/5
f 1493/11/6 1499/11/6 1477/11/6
f 1727/11/6 1503/11/6 1728/11/6
f 1729/11/6 1506/11/6 1727/11/6
f 1730/11/6 1505/11/6 1729/11/6
f 1735/11/6 1503/11/6 1507/11/6
f 1497/11/2 1505/11/2 1496/11/2
f 1496/11/2 1504/11/2 1495/11/2
f 1517/11/428 1509/11/428 1511/11/428
f 1515/11/14 1514/11/14 1513/11/14
f 1509/11/11 1508/11/11 1511/11/11
f 1521/11/428 1528/11/428 1529/11/428
f 1522/11/6 1521/11/6 1523/11/6
f 1512/11/6 1510/11/6 1514/11/6
f 1524/11/6 1478/11/6 1526/11/6
f 1523/11/429 1513/11/429 1522/11/429
f 1527/11/14 1526/11/14 1525/11/14
f 1519/11/429 1525/11/429 1518/11/429
f 1518/11/6 1517/11/6 1519/11/6
f 1528/11/406 1530/11/406 1529/11/406
f 1540/11/430 1538/11/430 1533/11/430
f 1536/11/431 1534/11/431 1543/11/431
f 1534/11/2 1540/11/2 1543/11/2
f 1534/11/432 1536/11/432 1535/11/432
f 1537/11/433 1539/11/433 1538/11/433
f 1540/11/434 1533/11/434 1541/11/434
f 1542/11/435 1532/11/435 1543/11/435
f 1535/11/436 1538/11/436 1534/11/436
f 1541/11/437 1543/11/437 1540/11/437
f 1547/11/11 1537/11/11 1535/11/11
f 1549/11/341 1539/11/341 1537/11/341
f 1533/11/342 1550/11/342 1541/11/342
f 1545/11/5 1536/11/5 1532/11/5
f 1550/11/14 1542/11/14 1541/11/14
f 1536/11/343 1547/11/343 1535/11/343
f 1551/11/344 1532/11/344 1542/11/344
f 1544/11/6 1533/11/6 1539/11/6
f 1608/11/345 1553/11/345 1552/11/345
f 1614/11/346 1612/11/346 1570/11/346
f 1572/11/438 1573/11/439 1606/11/440
f 1593/11/441 1582/11/441 1580/11/441
f 1581/11/348 1555/11/348 1613/11/348
f 1581/11/349 1559/11/349 1557/11/349
f 1594/11/2 1584/11/2 1582/11/2
f 1603/11/2 1588/11/2 1589/11/2
f 1598/11/2 1584/11/2 1596/11/2
f 1585/11/350 1559/11/350 1583/11/350
f 1587/11/351 1564/11/351 1590/11/351
f 1590/11/352 1561/11/352 1585/11/352
f 1603/11/2 1586/11/2 1598/11/2
f 1592/11/353 1563/11/353 1587/11/353
f 1600/11/2 1591/11/2 1588/11/2
f 363/11/442 1605/11/443 1604/11/444
f 1562/11/357 1602/11/357 1565/11/358
f 1565/11/358 1599/11/445 1560/11/360
f 1566/11/361 1601/11/361 1562/11/361
f 1560/11/360 1597/11/362 1558/11/362
f 1558/11/363 1595/11/363 1556/11/363
f 1613/11/446 1569/11/447 1612/11/365
f 1569/11/448 1578/11/448 1571/11/448
f 1568/11/449 1576/11/449 1569/11/449
f 1571/11/448 1577/11/448 1570/11/448
f 1570/11/4 1579/11/4 1574/11/4
f 1580/11/450 1611/11/451 1609/11/450
f 1581/11/452 1580/11/452 1582/11/452
f 1581/11/453 1584/11/453 1583/11/453
f 1586/11/454 1583/11/454 1584/11/454
f 1590/11/455 1588/11/455 1587/11/455
f 1585/11/456 1589/11/456 1590/11/456
f 1587/11/457 1591/11/457 1592/11/457
f 1610/11/458 1594/11/458 1593/11/458
f 1596/11/459 1595/11/460 1597/11/461
f 1597/11/461 1598/11/462 1596/11/459
f 1602/11/463 1600/11/464 1603/11/465
f 1599/11/466 1603/11/465 1598/11/462
f 1605/11/467 1601/11/467 1604/11/467
f 1554/11/388 1595/11/388 1610/11/388
f 1608/11/468 1593/11/468 1609/11/468
f 1609/11/469 1607/11/469 1608/11/469
f 1611/11/470 1613/11/470 1612/11/470
f 1615/11/471 1612/11/471 1614/11/471
f 1606/11/2 1611/11/2 1615/11/2
f 1605/11/443 361/11/472 1591/11/473
f 362/11/474 1567/11/395 1592/11/475
f 1566/11/398 363/11/442 1604/11/444
f 1591/11/473 362/11/474 1592/11/475
f 1619/11/2 1648/11/2 1650/11/2
f 1636/11/14 1622/11/14 1635/11/14
f 1626/11/254 1649/11/254 1648/11/254
f 1642/11/5 1640/11/5 1647/11/5
f 1649/11/251 1639/11/251 1654/11/251
f 1646/11/476 1628/11/477 1637/11/477
f 1650/11/5 1662/11/5 1653/11/5
f 1624/11/478 1643/11/479 1641/11/480
f 1639/11/11 1129/11/11 1630/11/11
f 1677/11/2 1624/11/2 1641/11/2
f 1640/11/14 1625/11/14 1636/11/14
f 1629/11/406 1686/11/11 1634/11/11
f 1626/11/11 1126/11/11 1620/11/11
f 1631/11/14 1636/11/14 1623/11/14
f 1126/11/11 1639/11/11 1620/11/11
f 1668/11/4 1656/11/4 1660/11/4
f 1644/11/476 1637/11/477 1633/11/477
f 1654/11/251 1630/11/251 1652/11/251
f 1647/11/5 1631/11/5 1645/11/5
f 1623/11/14 1635/11/14 1632/11/14
f 1658/11/4 1656/11/4 1678/11/4
f 1632/11/481 1646/11/476 1644/11/476
f 1642/11/2 1625/11/2 1621/11/2
f 1641/11/480 1622/11/482 1625/11/483
f 1635/11/481 1643/11/484 1646/11/476
f 1627/11/5 1676/11/5 1638/11/5
f 1637/11/251 1652/11/251 1633/11/251
f 1634/11/5 1651/11/5 1629/11/5
f 1619/11/5 1653/11/5 1634/11/5
f 1628/11/251 1654/11/251 1637/11/251
f 1648/11/254 1628/11/254 1624/11/254
f 1667/11/2 1666/11/2 1648/11/2
f 1660/11/5 1655/11/5 1659/11/5
f 1656/11/5 1657/11/5 1655/11/5
f 1657/11/11 1647/11/11 1645/11/11
f 1660/11/14 1651/11/14 1653/11/14
f 1668/11/411 1672/11/411 1671/11/411
f 1665/11/5 1667/11/5 1668/11/5
f 1642/11/5 1684/11/5 1683/11/5
f 1675/11/14 1674/11/14 1673/11/14
f 1669/11/11 1671/11/11 1672/11/11
f 1677/11/412 1675/11/412 1673/11/412
f 1678/11/5 1679/11/5 1680/11/5
f 1627/11/5 1670/11/5 1669/11/5
f 1666/11/412 1663/11/412 1664/11/412
f 1680/11/411 1681/11/411 1682/11/411
f 1662/11/14 1664/11/14 1663/11/14
f 1681/11/11 1684/11/11 1682/11/11
f 1634/11/11 1685/11/11 1619/11/11
f 1685/11/11 1626/11/11 1619/11/11
f 1706/11/2 1692/11/2 1689/11/2
f 1693/11/413 1708/11/413 1698/11/413
f 1152/11/14 1705/11/14 1704/11/14
f 1690/11/6 1719/11/6 1716/11/6
f 1721/11/6 1759/11/6 1726/11/6
f 1708/11/415 1700/11/415 1698/11/415
f 1724/11/5 1695/11/5 1723/11/5
f 1745/11/2 1738/11/2 1742/11/2
f 1691/11/6 1716/11/6 1717/11/6
f 1712/11/2 1691/11/2 1692/11/2
f 1700/11/416 1713/11/416 1701/11/416
f 1692/11/6 1717/11/6 1718/11/6
f 1711/11/2 1690/11/2 1691/11/2
f 1689/11/6 1718/11/6 1715/11/6
f 1713/11/417 1697/11/417 1701/11/417
f 1703/11/2 1690/11/2 1709/11/2
f 1725/11/255 1705/11/255 1724/11/255
f 1712/11/485 1707/11/486 1713/11/487
f 1702/11/488 1709/11/488 1708/11/488
f 1709/11/489 1710/11/490 1708/11/491
f 1711/11/492 1713/11/493 1710/11/494
f 1719/11/11 1687/11/11 1703/11/11
f 1149/11/14 1704/11/14 1688/11/14
f 1153/11/14 1695/11/14 1705/11/14
f 1714/11/14 1149/11/14 1688/11/14
f 1696/11/14 1720/11/14 1714/11/14
f 1730/11/14 1716/11/14 1699/11/14
f 1736/11/11 1722/11/11 1726/11/11
f 1734/11/495 1715/11/495 1718/11/495
f 1746/11/4 1752/11/4 1744/11/4
f 1716/11/6 1694/11/6 1699/11/6
f 1696/11/6 1726/11/6 1722/11/6
f 1706/11/255 1724/11/255 1707/11/255
f 1725/11/2 1688/11/2 1704/11/2
f 1707/11/5 1723/11/5 1697/11/5
f 1714/11/6 1721/11/6 1726/11/6
f 1731/11/6 1727/11/6 1728/11/6
f 1734/11/6 1729/11/6 1727/11/6
f 1733/11/6 1730/11/6 1729/11/6
f 1735/11/6 1731/11/6 1728/11/6
f 1733/11/4 1718/11/4 1717/11/4
f 1732/11/4 1717/11/4 1716/11/4
f 1746/11/428 1738/11/428 1745/11/428
f 1743/11/14 1744/11/14 1742/11/14
f 1737/11/11 1738/11/11 1740/11/11
f 1750/11/428 1757/11/428 1749/11/428
f 1750/11/6 1751/11/6 1752/11/6
f 1739/11/6 1741/11/6 1743/11/6
f 1689/11/6 1753/11/6 1755/11/6
f 1742/11/429 1752/11/429 1751/11/429
f 1755/11/14 1756/11/14 1754/11/14
f 1754/11/429 1748/11/429 1747/11/429
f 1746/11/6 1747/11/6 1748/11/6
f 1759/11/406 1757/11/406 1758/11/406
f 1763/11/496 1761/11/496 1764/11/496
f 1479/11/4 1763/11/4 1487/11/4
f 1366/11/333 1359/11/333 1365/11/333
f 1362/11/334 1370/11/334 1369/11/334
f 1366/11/4 1364/11/4 1360/11/4
f 1364/11/339 1363/11/339 1361/11/339
f 1369/11/340 1368/11/340 1367/11/340
f 1363/11/11 1374/11/11 1372/11/11
f 1365/11/341 1375/11/341 1374/11/341
f 1359/11/342 1367/11/342 1376/11/342
f 1362/11/5 1373/11/5 1378/11/5
f 1368/11/14 1377/11/14 1376/11/14
f 1362/11/343 1361/11/343 1372/11/343
f 1370/11/344 1378/11/344 1377/11/344
f 1359/11/6 1371/11/6 1375/11/6
f 1553/11/345 1414/11/345 1415/11/345
f 1422/11/346 1383/11/346 1380/11/346
f 1380/11/346 1381/11/346 1419/11/346
f 1414/11/14 1553/11/14 1413/11/14
f 1553/11/746 1573/11/439 1413/11/747
f 1382/11/14 1383/11/14 1422/11/14
f 1573/11/439 1382/11/748 1413/11/747
f 1423/11/749 1413/11/749 1382/11/749
f 1417/11/347 1421/11/347 1389/11/347
f 1555/11/348 1557/11/348 1388/11/348
f 1388/11/349 1557/11/349 1559/11/349
f 1401/11/4 1389/11/4 1391/11/4
f 1410/11/4 1396/11/4 1395/11/4
f 1391/11/4 1393/11/4 1405/11/4
f 1559/11/350 1561/11/350 1392/11/350
f 1564/11/351 1563/11/351 1394/11/351
f 1561/11/352 1564/11/352 1397/11/352
f 1393/11/4 1396/11/4 1410/11/4
f 1563/11/353 1567/11/353 1399/11/353
f 1407/11/4 1395/11/4 1398/11/4
f 1412/11/354 356/11/394 355/11/355
f 1409/11/357 1408/11/357 1562/11/357
f 1406/11/359 1409/11/357 1565/11/358
f 1408/11/361 1411/11/361 1566/11/361
f 1404/11/362 1406/11/359 1560/11/360
f 1402/11/363 1404/11/363 1558/11/363
f 1419/11/365 1381/11/365 1379/11/366
f 1379/11/366 1568/11/750 1420/11/364
f 1568/11/750 1555/11/751 1420/11/364
f 1379/11/367 1381/11/367 1386/11/367
f 1568/11/368 1379/11/368 1384/11/368
f 1381/11/367 1380/11/367 1385/11/367
f 1380/11/2 1383/11/2 1387/11/2
f 1421/11/369 1417/11/752 1416/11/369
f 1421/11/371 1420/11/371 1388/11/371
f 1388/11/372 1390/11/373 1391/11/373
f 1393/11/374 1391/11/374 1390/11/374
f 1397/11/375 1394/11/375 1395/11/375
f 1392/11/376 1397/11/376 1396/11/376
f 1394/11/377 1399/11/377 1398/11/377
f 1554/11/753 1552/11/753 1400/11/753
f 1552/11/753 1415/11/753 1400/11/753
f 1401/11/378 1402/11/378 1400/11/378
f 1402/11/379 1401/11/379 1403/11/380
f 1405/11/382 1406/11/386 1404/11/381
f 1407/11/383 1408/11/383 1409/11/384
f 1410/11/385 1409/11/384 1406/11/386
f 1408/11/387 1407/11/387 1412/11/387
f 1554/11/388 1400/11/388 1402/11/388
f 1415/11/754 1416/11/754 1417/11/754
f 1414/11/390 1413/11/390 1416/11/390
f 1418/11/755 1419/11/755 1420/11/755
f 1419/11/392 1418/11/392 1423/11/392
f 1413/11/4 1423/11/4 1418/11/4
f 1412/11/354 1398/11/399 353/11/393
f 1567/11/395 1617/11/395 354/11/396
f 1566/11/398 1411/11/356 355/11/355
f 1398/11/399 1399/11/397 354/11/396
f 1445/11/4 1430/11/4 1424/11/4
f 1435/11/14 1434/11/14 1427/11/14
f 1446/11/245 1425/11/245 1430/11/245
f 1439/11/5 1426/11/5 1441/11/5
f 1438/11/243 1425/11/243 1446/11/243
f 1443/11/400 1436/11/401 1432/11/401
f 1454/11/5 1453/11/5 1447/11/5
f 1442/11/756 1432/11/756 1428/11/756
f 1438/11/11 1630/11/11 1129/11/11
f 1475/11/4 1441/11/4 1473/11/4
f 1441/11/4 1440/11/4 1473/11/4
f 1428/11/4 1431/11/4 1465/11/4
f 1431/11/4 1466/11/4 1465/11/4
f 1471/11/4 1473/11/4 1440/11/4
f 1428/11/4 1465/11/4 1469/11/4
f 1469/11/4 1471/11/4 1440/11/4
f 1439/11/14 1435/11/14 1429/11/14
f 1629/11/406 1433/11/406 1104/11/406
f 1430/11/11 1425/11/11 1102/11/11
f 1631/11/14 1623/11/14 1435/11/14
f 1438/11/11 1105/11/11 1102/11/11
f 1450/11/2 1437/11/2 1463/11/521
f 1437/11/2 1462/11/521 1463/11/521
f 1454/11/2 1448/11/2 1455/11/2
f 1448/11/2 1452/11/2 1455/11/2
f 1450/11/2 1463/11/521 1460/11/2
f 1457/11/2 1455/11/2 1452/11/2
f 1450/11/2 1460/11/2 1452/11/2
f 1644/11/407 1633/11/401 1436/11/401
f 1630/11/243 1438/11/243 1449/11/243
f 1631/11/5 1439/11/5 1444/11/5
f 1623/11/14 1632/11/14 1434/11/14
f 1451/11/2 1444/11/2 1474/11/2
f 1444/11/2 1476/11/2 1474/11/2
f 1468/11/521 1437/11/2 1467/11/2
f 1437/11/2 1450/11/2 1467/11/2
f 1451/11/2 1474/11/2 1472/11/2
f 1470/11/2 1467/11/2 1450/11/2
f 1451/11/2 1472/11/2 1470/11/2
f 1632/11/408 1644/11/407 1443/11/400
f 1429/11/4 1440/11/4 1441/11/4
f 1427/11/409 1442/11/403 1440/11/405
f 1434/11/408 1443/11/400 1442/11/402
f 1468/11/5 1466/11/5 1431/11/5
f 1652/11/243 1449/11/243 1436/11/243
f 1651/11/5 1448/11/5 1433/11/5
f 1448/11/5 1447/11/5 1424/11/5
f 1449/11/243 1446/11/243 1432/11/243
f 1432/11/245 1446/11/245 1445/11/245
f 1461/11/4 1431/11/4 1464/11/4
f 1431/11/4 1428/11/4 1464/11/4
f 1445/11/4 1447/11/4 1456/11/4
f 1447/11/4 1453/11/22 1456/11/4
f 1459/11/4 1464/11/4 1428/11/4
f 1445/11/4 1456/11/4 1458/11/4
f 1458/11/4 1459/11/4 1445/11/4
f 1655/11/5 1450/11/5 1452/11/5
f 1657/11/5 1451/11/5 1450/11/5
f 1444/11/11 1451/11/11 1657/11/11
f 1651/11/14 1659/11/14 1452/11/14
f 1464/11/411 1459/11/411 1460/11/411
f 1459/11/5 1458/11/5 1457/11/5
f 1476/11/5 1444/11/5 1441/11/5
f 1467/11/14 1465/11/14 1466/11/14
f 1463/11/11 1462/11/11 1461/11/11
f 1467/11/412 1470/11/412 1469/11/412
f 1471/11/5 1469/11/5 1470/11/5
f 1462/11/5 1437/11/5 1431/11/5
f 1455/11/412 1457/11/412 1458/11/412
f 1473/11/411 1471/11/411 1472/11/411
f 1456/11/14 1453/11/14 1454/11/14
f 1473/11/11 1474/11/11 1476/11/11
f 1433/11/406 1424/11/11 1101/11/11
f 1430/11/11 1103/11/11 1101/11/11
f 1484/11/4 1478/11/4 1481/11/4
f 1693/11/413 1698/11/413 1486/11/413
f 1483/11/14 1122/11/14 1121/11/14
f 1486/11/757 1487/11/757 1764/11/757
f 1530/11/6 1531/11/6 1499/11/6
f 1700/11/415 1488/11/415 1486/11/415
f 1695/11/5 1483/11/5 1500/11/5
f 1484/11/4 1501/11/4 1516/11/4
f 1501/11/4 1499/11/4 1520/11/4
f 1499/11/4 1531/11/4 1528/11/4
f 1499/11/4 1528/11/4 1520/11/4
f 1526/11/4 1478/11/4 1525/11/4
f 1478/11/4 1484/11/4 1518/11/4
f 1525/11/4 1478/11/4 1518/11/4
f 1501/11/4 1520/11/4 1522/11/4
f 1501/11/4 1522/11/4 1516/11/4
f 1516/11/4 1518/11/4 1484/11/4
f 1522/11/4 1513/11/4 1516/11/4
f 1513/11/4 1514/11/4 1509/11/4
f 1514/11/4 1510/11/4 1509/11/4
f 1495/11/6 1479/11/6 1480/11/6
f 1490/11/4 1481/11/4 1480/11/4
f 1700/11/416 1701/11/416 1491/11/416
f 1496/11/6 1480/11/6 1481/11/6
f 1489/11/4 1480/11/4 1479/11/4
f 1497/11/6 1481/11/6 1478/11/6
f 1697/11/417 1485/11/417 1491/11/417
f 1693/11/11 1764/11/11 1761/11/11
f 1483/11/250 1482/11/250 1501/11/250
f 1485/11/418 1484/11/758 1490/11/419
f 1488/11/421 1489/11/759 1487/11/422
f 1491/11/424 1490/11/760 1489/11/425
f 1761/11/6 1762/11/6 1495/11/6
f 1482/11/14 1121/11/14 1492/11/14
f 1695/11/14 1150/11/14 1122/11/14
f 1493/11/14 1477/11/14 1492/11/14
f 1696/11/14 1493/11/14 1498/11/14
f 1495/11/14 1504/11/14 1730/11/14
f 1722/11/11 1735/11/11 1507/11/11
f 1494/11/427 1503/11/427 1506/11/427
f 1503/11/761 1494/11/761 1519/11/761
f 1494/11/762 1524/11/762 1527/11/762
f 1494/11/763 1527/11/763 1519/11/763
f 1502/11/2 1507/11/2 1521/11/2
f 1507/11/764 1503/11/764 1517/11/764
f 1521/11/2 1507/11/2 1523/11/2
f 1529/11/2 1530/11/2 1502/11/2
f 1521/11/2 1529/11/2 1502/11/2
f 1503/11/765 1519/11/765 1517/11/765
f 1523/11/2 1507/11/2 1517/11/2
f 1508/11/2 1512/11/2 1511/11/2
f 1512/11/2 1515/11/2 1511/11/2
f 1515/11/2 1523/11/2 1517/11/2
f 1694/11/6 1761/11/6 1495/11/6
f 1696/11/6 1722/11/6 1502/11/6
f 1500/11/250 1501/11/250 1484/11/250
f 1477/11/4 1499/11/4 1501/11/4
f 1723/11/5 1500/11/5 1485/11/5
f 1493/11/6 1502/11/6 1499/11/6
f 1727/11/6 1506/11/6 1503/11/6
f 1729/11/6 1505/11/6 1506/11/6
f 1730/11/6 1504/11/6 1505/11/6
f 1735/11/6 1728/11/6 1503/11/6
f 1497/11/2 1506/11/2 1505/11/2
f 1496/11/2 1505/11/2 1504/11/2
f 1517/11/428 1516/11/428 1509/11/428
f 1515/11/14 1512/11/14 1514/11/14
f 1509/11/11 1510/11/11 1508/11/11
f 1521/11/428 1520/11/428 1528/11/428
f 1522/11/6 1520/11/6 1521/11/6
f 1512/11/6 1508/11/6 1510/11/6
f 1524/11/6 1494/11/6 1478/11/6
f 1523/11/429 1515/11/429 1513/11/429
f 1527/11/14 1524/11/14 1526/11/14
f 1519/11/429 1527/11/429 1525/11/429
f 1518/11/6 1516/11/6 1517/11/6
f 1528/11/406 1531/11/406 1530/11/406
f 1538/11/430 1539/11/430 1533/11/430
f 1543/11/431 1532/11/431 1536/11/431
f 1534/11/2 1538/11/2 1540/11/2
f 1535/11/436 1537/11/436 1538/11/436
f 1541/11/437 1542/11/437 1543/11/437
f 1547/11/11 1549/11/11 1537/11/11
f 1549/11/341 1544/11/341 1539/11/341
f 1533/11/342 1546/11/342 1550/11/342
f 1545/11/5 1548/11/5 1536/11/5
f 1550/11/14 1551/11/14 1542/11/14
f 1536/11/343 1548/11/343 1547/11/343
f 1551/11/344 1545/11/344 1532/11/344
f 1544/11/6 1546/11/6 1533/11/6
f 1608/11/345 1607/11/345 1553/11/345
f 1570/11/346 1574/11/346 1614/11/346
f 1612/11/346 1571/11/346 1570/11/346
f 1573/11/439 1553/11/746 1606/11/440
f 1553/11/14 1607/11/14 1606/11/14
f 1606/11/440 1615/11/766 1572/11/438
f 1615/11/14 1614/11/14 1572/11/14
f 1614/11/14 1574/11/14 1572/11/14
f 1593/11/441 1594/11/441 1582/11/441
f 1581/11/348 1557/11/348 1555/11/348
f 1581/11/349 1583/11/349 1559/11/349
f 1594/11/2 1596/11/2 1584/11/2
f 1603/11/2 1600/11/2 1588/11/2
f 1598/11/2 1586/11/2 1584/11/2
f 1585/11/350 1561/11/350 1559/11/350
f 1587/11/351 1563/11/351 1564/11/351
f 1590/11/352 1564/11/352 1561/11/352
f 1603/11/2 1589/11/2 1586/11/2
f 1592/11/353 1567/11/353 1563/11/353
f 1600/11/2 1605/11/2 1591/11/2
f 363/11/442 1618/11/767 1605/11/443
f 1562/11/357 1601/11/357 1602/11/357
f 1565/11/358 1602/11/357 1599/11/445
f 1566/11/361 1604/11/361 1601/11/361
f 1560/11/360 1599/11/445 1597/11/362
f 1558/11/363 1597/11/363 1595/11/363
f 1613/11/446 1555/11/751 1568/11/750
f 1569/11/447 1571/11/365 1612/11/365
f 1613/11/446 1568/11/750 1569/11/447
f 1569/11/448 1576/11/448 1578/11/448
f 1568/11/449 1575/11/449 1576/11/449
f 1571/11/448 1578/11/448 1577/11/448
f 1570/11/4 1577/11/4 1579/11/4
f 1609/11/450 1593/11/768 1580/11/450
f 1581/11/452 1613/11/452 1580/11/452
f 1581/11/453 1582/11/769 1584/11/453
f 1586/11/454 1585/11/454 1583/11/454
f 1590/11/455 1589/11/455 1588/11/455
f 1585/11/456 1586/11/456 1589/11/456
f 1587/11/457 1588/11/457 1591/11/457
f 1608/11/753 1552/11/753 1610/11/753
f 1552/11/753 1554/11/753 1610/11/753
f 1610/11/458 1595/11/458 1594/11/458
f 1596/11/459 1594/11/460 1595/11/460
f 1597/11/461 1599/11/466 1598/11/462
f 1602/11/463 1601/11/464 1600/11/464
f 1599/11/466 1602/11/463 1603/11/465
f 1605/11/467 1600/11/467 1601/11/467
f 1554/11/388 1556/11/388 1595/11/388
f 1608/11/770 1610/11/770 1593/11/770
f 1609/11/469 1606/11/469 1607/11/469
f 1611/11/771 1580/11/771 1613/11/771
f 1615/11/471 1611/11/471 1612/11/471
f 1606/11/2 1609/11/2 1611/11/2
f 1605/11/443 1618/11/767 361/11/472
f 362/11/474 1617/11/395 1567/11/395
f 1566/11/398 1616/11/398 363/11/442
f 1591/11/473 361/11/472 362/11/474
f 1619/11/2 1626/11/2 1648/11/2
f 1636/11/14 1625/11/14 1622/11/14
f 1626/11/254 1620/11/254 1649/11/254
f 1642/11/5 1621/11/5 1640/11/5
f 1649/11/251 1620/11/251 1639/11/251
f 1646/11/476 1643/11/484 1628/11/477
f 1650/11/5 1661/11/5 1662/11/5
f 1624/11/772 1628/11/772 1643/11/772
f 1639/11/11 1130/11/11 1129/11/11
f 1641/11/2 1642/11/2 1681/11/2
f 1642/11/2 1683/11/2 1681/11/2
f 1674/11/2 1627/11/2 1673/11/2
f 1627/11/2 1624/11/2 1673/11/2
f 1641/11/2 1681/11/2 1679/11/2
f 1677/11/2 1673/11/2 1624/11/2
f 1641/11/2 1679/11/2 1677/11/2
f 1640/11/14 1621/11/14 1625/11/14
f 1629/11/406 1128/11/406 1686/11/11
f 1626/11/11 1127/11/11 1126/11/11
f 1631/11/14 1640/11/14 1636/11/14
f 1126/11/11 1130/11/11 1639/11/11
f 1670/11/22 1638/11/4 1671/11/22
f 1638/11/4 1656/11/4 1671/11/22
f 1660/11/4 1653/11/4 1663/11/4
f 1653/11/4 1662/11/4 1663/11/4
f 1668/11/4 1671/11/22 1656/11/4
f 1660/11/4 1663/11/4 1665/11/4
f 1665/11/4 1668/11/4 1660/11/4
f 1644/11/476 1646/11/476 1637/11/477
f 1654/11/251 1639/11/251 1630/11/251
f 1647/11/5 1640/11/5 1631/11/5
f 1623/11/14 1636/11/14 1635/11/14
f 1684/11/4 1647/11/4 1682/11/4
f 1647/11/4 1658/11/4 1682/11/4
f 1656/11/4 1638/11/4 1675/11/4
f 1638/11/4 1676/11/22 1675/11/4
f 1680/11/4 1682/11/4 1658/11/4
f 1656/11/4 1675/11/4 1678/11/4
f 1678/11/4 1680/11/4 1658/11/4
f 1632/11/481 1635/11/481 1646/11/476
f 1642/11/2 1641/11/2 1625/11/2
f 1641/11/480 1643/11/479 1622/11/482
f 1635/11/481 1622/11/773 1643/11/484
f 1627/11/5 1674/11/5 1676/11/5
f 1637/11/251 1654/11/251 1652/11/251
f 1634/11/5 1653/11/5 1651/11/5
f 1619/11/5 1650/11/5 1653/11/5
f 1628/11/251 1649/11/251 1654/11/251
f 1648/11/254 1649/11/254 1628/11/254
f 1624/11/2 1627/11/2 1672/11/2
f 1627/11/2 1669/11/774 1672/11/2
f 1661/11/521 1650/11/2 1664/11/2
f 1650/11/2 1648/11/2 1664/11/2
f 1624/11/2 1672/11/2 1667/11/2
f 1666/11/2 1664/11/2 1648/11/2
f 1624/11/2 1667/11/2 1648/11/2
f 1660/11/5 1656/11/5 1655/11/5
f 1656/11/5 1658/11/5 1657/11/5
f 1657/11/11 1658/11/11 1647/11/11
f 1660/11/14 1659/11/14 1651/11/14
f 1668/11/411 1667/11/411 1672/11/411
f 1665/11/5 1666/11/5 1667/11/5
f 1642/11/5 1647/11/5 1684/11/5
f 1675/11/14 1676/11/14 1674/11/14
f 1669/11/11 1670/11/11 1671/11/11
f 1677/11/412 1678/11/412 1675/11/412
f 1678/11/5 1677/11/5 1679/11/5
f 1627/11/5 1638/11/5 1670/11/5
f 1666/11/412 1665/11/412 1663/11/412
f 1680/11/411 1679/11/411 1681/11/411
f 1662/11/14 1661/11/14 1664/11/14
f 1681/11/11 1683/11/11 1684/11/11
f 1634/11/11 1686/11/11 1685/11/11
f 1685/11/11 1127/11/11 1626/11/11
f 1706/11/2 1712/11/2 1692/11/2
f 1693/11/413 1702/11/413 1708/11/413
f 1152/11/14 1153/11/14 1705/11/14
f 1690/11/6 1687/11/6 1719/11/6
f 1721/11/6 1760/11/6 1759/11/6
f 1708/11/415 1710/11/415 1700/11/415
f 1724/11/5 1705/11/5 1695/11/5
f 1721/11/2 1725/11/2 1749/11/2
f 1725/11/2 1706/11/2 1745/11/2
f 1749/11/2 1725/11/2 1751/11/2
f 1706/11/2 1689/11/2 1747/11/2
f 1689/11/2 1755/11/2 1754/11/2
f 1689/11/2 1754/11/2 1747/11/2
f 1757/11/2 1760/11/2 1721/11/2
f 1749/11/2 1757/11/2 1721/11/2
f 1706/11/2 1747/11/2 1745/11/2
f 1751/11/2 1725/11/2 1745/11/2
f 1739/11/2 1743/11/2 1738/11/2
f 1743/11/2 1742/11/2 1738/11/2
f 1742/11/2 1751/11/2 1745/11/2
f 1691/11/6 1690/11/6 1716/11/6
f 1712/11/2 1711/11/2 1691/11/2
f 1700/11/416 1710/11/416 1713/11/416
f 1692/11/6 1691/11/6 1717/11/6
f 1711/11/2 1709/11/2 1690/11/2
f 1689/11/6 1692/11/6 1718/11/6
f 1713/11/417 1707/11/417 1697/11/417
f 1703/11/2 1687/11/2 1690/11/2
f 1725/11/255 1704/11/255 1705/11/255
f 1712/11/485 1706/11/775 1707/11/486
f 1702/11/776 1703/11/776 1709/11/776
f 1709/11/489 1711/11/777 1710/11/490
f 1711/11/492 1712/11/778 1713/11/493
f 1703/11/11 1702/11/11 1693/11/11
f 1693/11/11 1694/11/11 1703/11/11
f 1694/11/11 1719/11/11 1703/11/11
f 1149/11/14 1152/11/14 1704/11/14
f 1153/11/14 1150/11/14 1695/11/14
f 1714/11/14 1720/11/14 1149/11/14
f 1696/11/14 1151/11/14 1720/11/14
f 1730/11/14 1732/11/14 1716/11/14
f 1736/11/11 1735/11/11 1722/11/11
f 1734/11/495 1731/11/495 1715/11/495
f 1753/11/779 1715/11/779 1756/11/779
f 1715/11/780 1731/11/780 1748/11/780
f 1756/11/781 1715/11/781 1748/11/781
f 1731/11/782 1736/11/782 1746/11/782
f 1736/11/4 1726/11/4 1750/11/4
f 1726/11/4 1759/11/4 1758/11/4
f 1726/11/4 1758/11/4 1750/11/4
f 1736/11/4 1750/11/4 1752/11/4
f 1736/11/4 1752/11/4 1746/11/4
f 1746/11/783 1748/11/783 1731/11/783
f 1741/11/4 1737/11/4 1740/11/4
f 1741/11/4 1740/11/4 1744/11/4
f 1740/11/4 1746/11/4 1744/11/4
f 1716/11/6 1719/11/6 1694/11/6
f 1696/11/6 1714/11/6 1726/11/6
f 1706/11/255 1725/11/255 1724/11/255
f 1725/11/2 1721/11/2 1688/11/2
f 1707/11/5 1724/11/5 1723/11/5
f 1714/11/6 1688/11/6 1721/11/6
f 1731/11/6 1734/11/6 1727/11/6
f 1734/11/6 1733/11/6 1729/11/6
f 1733/11/6 1732/11/6 1730/11/6
f 1735/11/6 1736/11/6 1731/11/6
f 1733/11/4 1734/11/4 1718/11/4
f 1732/11/4 1733/11/4 1717/11/4
f 1746/11/428 1740/11/428 1738/11/428
f 1743/11/14 1741/11/14 1744/11/14
f 1737/11/11 1739/11/11 1738/11/11
f 1750/11/428 1758/11/428 1757/11/428
f 1750/11/6 1749/11/6 1751/11/6
f 1739/11/6 1737/11/6 1741/11/6
f 1689/11/6 1715/11/6 1753/11/6
f 1742/11/429 1744/11/429 1752/11/429
f 1755/11/14 1753/11/14 1756/11/14
f 1754/11/429 1756/11/429 1748/11/429
f 1746/11/6 1745/11/6 1747/11/6
f 1759/11/406 1760/11/406 1757/11/406
f 1763/11/784 1762/11/784 1761/11/784
f 1479/11/4 1762/11/4 1763/11/4
